"","ds","y","bus_conf","cpi","con_cred","con_exp","real_gdp","gov_con_exp"
"1",1969-01-01,-0.0200732948457604,-0.000407144694259128,0.00280112044817931,-0.990163935741269,0.0121422376409366,0.00516315244414378,0.000754323498443288
"2",1969-02-01,-0.0178342920580977,0.000602409638554188,0.00279329608938531,3.65222049482871,0.00891173950299917,0.00101335777477174,-0.00103946235732211
"3",1969-03-01,-0.0189342920580977,4.76347368379567e-05,0.00831024930747934,-0.599888084830802,0.000339731612026384,0.00101233192034944,-0.00104054396360331
"4",1969-04-01,-0.0520576471569892,-0.000847226153762148,0.00550964187327812,0.476545963758492,0.00849040584139926,0.00101130814083938,-0.00104162782314698
"5",1969-05-01,-0.045050754988037,-0.000664913441985596,0.00274725274725278,-0.203002650348311,0.0107762249536958,0.00220170717402501,0.000676063535036686
"6",1969-06-01,-0.0560576471569892,-0.00161070671997196,0.00546448087431701,-0.635065721674817,0.000999500249875052,0.00219687030890769,0.000675606781933569
"7",1969-07-01,-0.0281168988687408,-0.00169820257771792,0.00543478260869553,-0.669094961920886,0.00299550673989035,0.00219205464913341,0.000675150645578659
"8",1969-08-01,-0.0364840430864932,-0.000137630187685722,0.00271002710027104,-0.131573699562238,0.0119462419113985,-0.00162561729712218,-0.004484032077407
"9",1969-09-01,-0.0362395392465925,-0.000121687870611809,0.0053908355795149,0.868964027870173,0.00541072306935564,-0.00162826423161944,-0.00450422918556526
"10",1969-10-01,-0.140670884595702,-0.000683714616520942,0.00536193029490605,-0.0738833891339536,0.00864318330071745,-0.00163091979999441,-0.00452460906174823
"11",1969-11-01,-0.143314667934934,-0.00239934309965999,0.0053333333333334,-0.630923260938511,0.00323362974939378,-0.000494949872925088,-0.00160295744704952
"12",1969-12-01,-0.147293397092716,-0.00397942663750799,0.00530503978779848,0.277298525582861,0.00370668815471387,-0.000495194969612367,-0.00160553104498828
"13",1970-01-01,-0.178535956718445,-0.00503658945087458,0.00527704485488115,0.448839153016185,0.00947334617854856,-0.000495440309161266,-0.0016081129202119
"14",1970-02-01,-0.176296980062134,-0.00402489213536403,0.00524934383202107,-0.873209651793633,0.00843009384444082,0.00047306570751604,-0.00387529983299151
"15",1970-03-01,-0.170246533894068,-0.00224900411115265,0.00522193211488239,-0.997296621628319,-0.00268138801261841,0.000472842022170461,-0.00389037620724519
"16",1970-04-01,-0.149171043014263,-0.000130763699631276,0.00519480519480526,0.322049319865319,0.00585165269650489,0.000472618548262416,-0.00390557034520445
"17",1970-05-01,-0.154371043014263,0.00294279436301256,0.00259067357512957,6.85570284300173,0.010062893081761,0.00307191790058448,0.00140890759754386
"18",1970-06-01,-0.150314667934934,0.0031735927034533,0.00515463917525762,276.248524438492,0.00607098381070981,0.0030625101209234,0.00140692536970777
"19",1970-07-01,-0.187140125285571,-0.000870928356869487,0.00257069408740363,0.109491659057251,0.00340399195420082,0.00305315978817333,0.00140494871171559
"20",1970-08-01,-0.184607941514693,-0.00454143488224046,0.0025641025641026,-0.944405458190604,0.00678488820354661,-0.00357214512505999,0.000155249262137058
"21",1970-09-01,-0.19073297939227,-0.00610672955836071,0.0051020408163266,15.8617626024265,0.00949609434829224,-0.00358495109062207,0.000155225163551265
"22",1970-10-01,-0.229976117753404,-0.00450953150043407,0.00507614213197958,-0.976656203839359,-0.0012137763617055,-0.00359784920405004,0.000155201072439271
"23",1970-11-01,-0.230194135074069,-0.000339961906200863,0.00505050505050512,0.852623456790125,-0.00258240923591058,0.00905330484155509,-0.00487501990128958
"24",1970-12-01,-0.222626752328726,0.00609963806576524,0.00502512562814059,34.4038660846067,0.0137069753274444,0.00897207788539656,-0.00489890214674948
"25",1971-01-01,0.00563355946764843,0.00834274114041528,0.00250626566416043,147.188108501533,0.0157752403846154,0.0088922955174362,-0.00492301953773133
"26",1971-02-01,0.0133241677219248,0.00771460228006824,0,-0.993052035615762,0.00488093477296259,0.00180370640527761,-0.000765857615113053
"27",1971-03-01,0.0148637300402489,0.00317728597274923,0.00250000000000003,0.159949532405628,0.00382690609361203,0.00180045890601632,-0.000766444602548266
"28",1971-04-01,0.0186902108971671,0.00222855910474219,0.00249376558603494,4.86223722183489,0.00997067448680355,0.0017972230797183,-0.000767032490460617
"29",1971-05-01,0.0156618707200733,0.000680485239856125,0.00496277915632743,-0.799968210924581,0.00333914053426265,0.00274328211742225,-0.000173821415234587
"30",1971-06-01,0.0169391583647113,-7.5836950556269e-05,0.00493827160493834,0.398589257290763,0.0125886268267978,0.00273577710899997,-0.00017385163436523
"31",1971-07-01,0.0161299161175449,-3.5924056544523e-05,0.00246305418719215,1.20851055345185,-0.00128608173763933,0.00272831305260812,-0.00017388186401146
"32",1971-08-01,0.0176299161175449,-6.18730365289691e-05,0.00245700245700249,0.877466978316717,0.00858491915867798,0.000785930998408846,-0.00234273646915439
"33",1971-09-01,0.0207391583647113,0.000439903321020697,0.00245098039215672,0.552376137925773,0.0114909916300185,0.00078531379595681,-0.00234823777141968
"34",1971-10-01,0.166342612142678,0.000232366568733551,0.00244498777506115,-0.670614653083974,0.00392706872370252,0.000784697562133729,-0.00235376497122375
"35",1971-11-01,0.150302246241221,0.00117839365918629,0.00243902439024393,3.55010579297702,0.00712489522212922,0.00612984498569369,0.00184041618338737
"36",1971-12-01,0.150530406509081,0.00465198824906975,0.00243309002433093,-0.684777128788509,0.0104036620890553,0.0060924989117892,0.00183703527394607
"37",1972-01-01,0.0200618707200733,0.00452925907282937,0.00242718446601945,-0.902651926516184,0.00425590334980774,0.00605560514404058,0.00183366676342089
"38",1972-02-01,0.0226299161175449,0.0025095029333322,0.00483091787439603,7.81651062906413,0.00642515379357489,0.0075658654300097,0.00134152093854101
"39",1972-03-01,0.0150064879261868,0.000380858279386667,0,3.40686706924835,0.0176582450421081,0.00750905294591409,0.00133972367119073
"40",1972-04-01,0.0529346900327441,-0.00026283175125687,0.0024096385542169,-0.527013316285901,0.00440469834490109,0.00745308731863004,0.00133793121307413
"41",1972-05-01,0.0588492162741772,-5.70977976985018e-05,0.00240384615384618,1.06353603474335,0.0073089700996678,0.00314796986791355,-0.00634819038752465
"42",1972-06-01,0.0510861036094125,-0.000542723467126283,0.00239808153477221,0.115582404613193,0.00474934036939323,0.00313809125121001,-0.00638874737218764
"43",1972-07-01,0.0563890570985815,0.00169031701064628,0.00239234449760751,-0.894634795041546,0.0108981092436975,0.00312827444055874,-0.00642982590553232
"44",1972-08-01,0.0553890570985815,0.00405441534645176,0.00238663484486876,3.56733907746266,0.00831276789193391,0.00558153757068491,0.00275778040967323
"45",1972-09-01,0.0533184119551574,0.00577291200520331,0.00475059382422809,-0.140432473937866,0.00618317660698198,0.00555055692864781,0.00275019597309578
"46",1972-10-01,0.137905045487654,0.00576287692729166,0.00236966824644553,0.10213534696578,0.0176673921392907,0.00551991830783871,0.00274265313948252
"47",1972-11-01,0.132818171461533,0.00499529463665643,0.00471698113207537,0.525134379320847,0.00704491130959872,0.00824937642213364,0.00286980652392166
"48",1972-12-01,0.127784442112171,0.00301924190523375,0.00235294117647062,0.461033823041237,0.00699562773266704,0.00818188100587491,0.00286159430192501
"49",1973-01-01,0.194718406133818,0.00097760807414088,0.00468384074941458,1.01445412214394,0.0129016251085472,0.00811548110516869,0.002853428945919
"50",1973-02-01,0.198860912265232,-0.00165863615134899,0.00697674418604644,-0.797866029481266,0.0113900796080832,0.00362883829147709,-0.00234887679274298
"51",1973-03-01,0.183352604625314,-0.00275691807202681,0.00921658986175111,-0.0546273187548453,0.00847662872366195,0.00361571743758815,-0.00235440700471057
"52",1973-04-01,0.213529813100515,-0.00419870448823035,0.00686498855835249,0.28192998860508,0.00348222862632097,0.00360269112446909,-0.00235996331887944
"53",1973-05-01,0.210225651353691,-0.00511498752619977,0.00455580865603634,1.54218954759643,0.00705994974273061,-0.00175300868486827,-0.00392154559153446
"54",1973-06-01,0.200734648531914,-0.00476016433365515,0.00678733031674217,-0.151529619486111,0.00320817490494285,-0.00175608712084085,-0.00393698465635095
"55",1973-07-01,0.219504443084277,-0.00394697727078733,0,-0.568846649932855,0.0116072486083147,-0.00175917638783862,-0.00395254576839466
"56",1973-08-01,0.209243003396246,0.00173940807238129,0.0177777777777777,0.227346710592336,-0.000936658470905072,0.00316408475940322,0.00250114093503173
"57",1973-09-01,0.20182519000317,0.00391784619917216,0.004424778761062,-0.936740130302715,0.018633540372671,0.00315410490414658,0.00249490083642101
"58",1973-10-01,0.206322880665674,0.00388029300925319,0.00877192982456137,17.7155653713476,-0.0011504832029452,0.00314418780596992,0.0024886917971747
"59",1973-11-01,0.202434648531914,0.000862191169531173,0.00653594771241823,-0.476477943374599,0.0100207325501036,-0.00286588360719531,0.00602109513789184
"60",1973-12-01,0.183052604625314,-0.0036357328910556,0.00863930885529154,-0.968797051906151,-0.000342114266164817,-0.00287412050202696,0.00598505853107056
"61",1974-01-01,0.0409639745607626,-0.00459221232839161,0.0106837606837606,5.07541802882323,0.00901209217430976,-0.00288240488098901,0.00594945072028197
"62",1974-02-01,0.02681533896712,-0.00366088745571274,0.0105708245243128,-0.0946344528770153,0.00587902769926507,0.000792256977945716,0.00166985936049313
"63",1974-03-01,0.0256216967611758,-0.00140501673622871,0.0104602510460251,-0.766197361946172,0.0131505001685961,0.000791629803709615,0.00166707557873358
"64",1974-04-01,0.134730406509081,-0.00290899043822351,0.00623700623700632,3.69981498939722,0.0104282227645884,0.000791003621667841,0.00166430106308191
"65",1974-05-01,0.112769595352343,-0.00439057265753531,0.0102880658436214,0.0420442460077246,0.0127360562143171,-0.0031504459603563,0.000664187176911968
"66",1974-06-01,0.120218171461533,-0.00355378468620165,0.00816326530612242,-0.592493797631573,0.00607111882046829,-0.00316040263808059,0.000663746325120229
"67",1974-07-01,0.0978780687700816,-0.0035654573856973,0.0060851926977687,2.55782783848636,0.0106681034482758,-0.00317042244955401,0.000663306058162005
"68",1974-08-01,0.103958754343603,-0.00645027904461478,0.0120240480961924,-0.72783059216927,0.0180189785691438,-0.00129380422959591,0.0015972735091101
"69",1974-09-01,0.0914081434958325,-0.0104579986844135,0.0138339920948617,-0.992689422198089,0.000314201927105184,-0.00129548032752302,0.00159472629503843
"70",1974-10-01,-0.16205935950074,-0.0117818616251354,0.00784313725490193,-0.994176746211963,0.00429274421526538,-0.00129716077378705,0.00159218719226262
"71",1974-11-01,-0.170881252040945,-0.0121929007657871,0.00970873786407766,126.45506816,-0.00312760633861553,-0.00405766838789667,0.0036300755139751
"72",1974-12-01,-0.16728455356348,-0.0101670729407198,0.0077071290944123,1.13180278260031,0.00585651537335274,-0.00407420014101489,0.00361694572784654
"73",1975-01-01,-0.262951864188425,-0.00375420602311047,0.00764818355640532,-0.964686030551993,0.0143480973175296,-0.0040908671525447,0.00360391057888121
"74",1975-02-01,-0.258872329929706,0.0016041993968388,0.00570342205323202,85.0217923980602,0.0141451414514144,0.00238181238354884,-0.00281708405675207
"75",1975-03-01,-0.256283175921391,0.00373032217829505,0.0037878787878787,-0.367511799770035,0.00121285627653123,0.00237615283330683,-0.00282504243876613
"76",1975-04-01,-0.292765383504981,0.00805814419209661,0.00377358490566043,-0.268898809747881,0.00444175247324852,0.00237052011521888,-0.00283304591370315
"77",1975-05-01,-0.294921859192781,0.00939841025586086,0.00188323917137479,-0.999999966044047,0.0240201005025125,0.00570552513213252,0.00622691808821929
"78",1975-06-01,-0.297718170188352,0.00910296207917536,0.00747663551401866,2.16049382716049,0.00775345961330842,0.00567315679346891,0.00618838353087403
"79",1975-07-01,-0.176871003216878,0.00809592952460447,0.00925925925925925,3049800624,0.0126606934164395,0.00564115364435014,0.0061503229734754
"80",1975-08-01,-0.17698455356348,0.00756606121025626,0.00369003690036905,-0.972150751329851,0.0069244085401039,0.00448835834985428,0.00292029002216876
"81",1975-09-01,-0.181664058364562,0.00565691005403085,0.0073260073260073,12.5689128770229,0.00744985673352438,0.00446830300475343,0.00291178676035186
"82",1975-10-01,0.021561408608194,0.00293225037014312,0.00546448087431688,-0.545899952662683,0.00578308684110751,0.00444842608909468,0.00290333287412814
"83",1975-11-01,0.0316861036094125,0.00134723687090794,0.00723327305605784,0.205967302551836,0.0140446790460929,0.00749586977158923,0.000524122614622202
"84",1975-12-01,0.0295432863817802,0.00251896168756536,0.00539568345323748,29.8350998000654,0.0151515151515151,0.00744009975275484,0.000523848054010623
"85",1976-01-01,0.335128862001955,0.00436670003369645,0.00358422939068092,-0.872355106404684,0.013735005951836,0.00738515347421731,0.000523573780904174
"86",1976-02-01,0.318247150805068,0.00327390596483217,0.00178890876565297,-0.63521913716022,0.000541956462830839,0.00244565186631451,-0.00370874593311543
"87",1976-03-01,0.318847150805068,0.000388895890108749,0.00178571428571431,2.45244416620367,0.00649995486142463,0.00243968524554239,-0.00372255193245596
"88",1976-04-01,0.221282977356056,-0.000173310225303168,0.00178253119429592,1.99994201271925,0.00941788501210872,0.00243374766726556,-0.00373646110295511
"89",1976-05-01,0.225518041488841,-0.00188731924700611,0.00531914893617016,-0.970263848095466,-0.00239914696996624,0.00182906825114859,-0.000975410343967864
"90",1976-06-01,0.212204443084277,-0.00293675585446425,0.00529100529100536,15.3746182866053,0.0158546361450076,0.00182572886843846,-0.000976362698243083
"91",1976-07-01,0.070133488405669,-0.00380708895258873,0.00526315789473679,0.464099999999999,0.00797895659798331,0.00182240165712488,-0.000977316914016146
"92",1976-08-01,0.0544919184184263,-0.0034414607819979,0.00523560209424078,-0.867659654194536,0.00730688935281854,0.00241615418594132,-0.000204371677007265
"93",1976-09-01,0.0536055522921213,-0.00237768651102476,0.0052083333333334,8.74133456790123,0.00932642487046631,0.00241033045592087,-0.000204413453327557
"94",1976-10-01,0.0880309743258665,-0.00102375190422162,0.00518134715025901,-0.109995941495811,0.00684462696783017,0.00240453473262248,-0.0002044552467243
"95",1976-11-01,0.0851060868345847,0.000457513791886747,0.00344234079173843,-0.374385688290934,0.0103670972127805,0.00393830699510733,0.00283353626535998
"96",1976-12-01,0.0865636225392249,0.00268368326556,0.00513698630136981,3.95440214944149,0.0189234650967198,0.00392285757766841,0.00282553002356933
"97",1977-01-01,0.0100391583647113,0.00158556054989988,0.00511073253833056,-0.999996278726221,0.00288898060255871,0.00390752889832124,0.00281756889806051
"98",1977-02-01,-0.0134891696123044,0.00195795415148869,0.0101180438448565,215118.051705596,0.0134156378600823,0.00648036388116036,0.00304987686690961
"99",1977-03-01,-0.00017583227807516,0.00275893359539068,0.00503355704697993,2.32084401822635,0.00568504832291072,0.00643863915652632,0.00304060340093559
"100",1977-04-01,0.0652334771322032,0.00148276813720207,0.00666666666666664,-0.512727005801026,0.0072680287490916,0.00639744829543121,0.00303138615788057
"101",1977-05-01,0.073833488405669,0.000822313963820071,0.00332225913621267,0.172437943995245,0.00785697105748406,0.00601450283218452,0.00133867738100468
"102",1977-06-01,0.0620841400911167,-0.00152637450420038,0.00495867768595036,-0.0929059868231751,0.00517063081695968,0.00597854485721161,0.00133688771965312
"103",1977-07-01,0.0428611502691255,-0.00214468169531037,0.00493421052631574,-0.362208637724264,0.013374485596708,0.00594301427975141,0.00133510283707206
"104",1977-08-01,0.0448184119551574,-0.00286711109209876,0.00490998363338795,-0.144026246369148,0.00406091370558381,7.29057737092198e-06,-0.00079501077134625
"105",1977-09-01,0.0335062269234362,-0.00125805584054665,0.00326264274061983,-0.283521875520118,0.0068445204946721,7.29052422188126e-06,-0.000795643316352956
"106",1977-10-01,0.00693915836471131,0.00138065766255058,0.00487012987012993,3.72048293245013,0.013055233680958,7.29047106751146e-06,-0.000796276868715418
"107",1977-11-01,-0.0191818028059131,0.00264488325211508,0.00645161290322578,-0.600827970557785,0.0118956840018301,0.00106392555405743,8.51567313695512e-05
"108",1977-12-01,-0.00886644053235156,0.00230226366164845,0.00481540930979128,-0.923266396052823,0.00678221552373781,0.00106279481948723,8.51494803240094e-05
"109",1978-01-01,-0.0626700344141405,-0.00088169443839049,0.00637958532695383,1.22761149602406,-0.00486526946107779,0.00106166648584916,8.51422305074845e-05
"110",1978-02-01,-0.0754894259073204,-0.00180030686597734,0.00476190476190471,2.21697184369476,0.0192553591575779,0.0128808360339228,0.00836000964316974
"111",1978-03-01,-0.0573602245494561,-6.15357741199655e-05,0.0063091482649842,4.12241059094928,0.016530145376725,0.0127170300549466,0.00829069931693782
"112",1978-04-01,0.0320096749566675,0.00298152405059781,0.00782472613458529,-0.497610769437654,0.0137205081669691,0.0125573380100625,0.00822252880300711
"113",1978-05-01,0.0419869569260173,0.00393573505495043,0.00930232558139537,1.88173232764949,0.0111715840733313,0.00335174315284914,0.00307931389436389
"114",1978-06-01,0.0196749138283442,0.00278165483889993,0.00769230769230769,0.576229403480161,0.0097733711048158,0.00334054649899596,0.00306986082925853
"115",1978-07-01,0.0444480041362238,0.00137419266181119,0.00763358778625954,-0.851407253538895,0.00070136063964088,0.00332942440196482,0.00306046562572071
"116",1978-08-01,0.0440645614392352,-0.000531309446996288,0.00606980273141131,0.300985603079268,0.0141575553686573,0.0044804879313507,0.00300048662955632
"117",1978-09-01,0.0426250301319697,-0.000609265353732562,0.00902255639097735,-0.52808976758858,0.00407740152038705,0.00446050270282283,0.0029915106418672
"118",1978-10-01,0.207440438034141,-0.000406997606185536,0.00894187779433672,-0.642610875924373,0.00963590061256792,0.00444069497090283,0.00298258819753983
"119",1978-11-01,0.208782977356056,-0.000403227789279026,0.00592592592592601,3.72342705460355,0.00933942327356996,0.000599278874193754,-0.00329563642836728
"120",1978-12-01,0.19767497970699,-0.00159677060287211,0.00589101620029463,-0.479631568329408,0.0107388896393354,0.000598919954118093,-0.003306533560822
"121",1979-01-01,0.263366322415443,-0.00179502740895341,0.00875912408759115,0.551260525477788,0.00394253257601074,0.000598561463713621,-0.00331750299581579
"122",1979-02-01,0.261782499969541,-0.00162596000830267,0.0101156069364162,-0.21822553556134,0.0102502662406816,0.000356430145179498,0.00324775743952488
"123",1979-03-01,0.245837391388402,-0.00203137891109772,0.0100143061516452,0.0143418292552058,0.00882856766372386,0.00035630314799695,0.00323724365735312
"124",1979-04-01,0.136737829576169,-0.00303196778881926,0.00991501416430579,0.0258329005843427,0.00470219435736685,0.000356176241280926,0.00322679772688406
"125",1979-05-01,0.134589438137531,-0.00378636032747977,0.0112044817927172,0.561962654731983,0.0132605304212168,0.00247624497405496,0.000973632502264898
"126",1979-06-01,0.133653650332533,-0.00393179338592947,0.0110803324099722,-0.762575543432798,0.0108416730818579,0.00247012833118943,0.000972685464082801
"127",1979-07-01,0.111784597785385,-0.00356321885272908,0.010958904109589,1.54737311566772,0.00660024116265778,0.0024640418316535,0.000971740266450638
"128",1979-08-01,0.103905398442107,-0.00287420424361765,0.00949796472184535,-0.067014761819627,0.0185990795031838,0.000833578460210038,0.00219538925240426
"129",1979-09-01,0.106565688044934,-0.0018233995540423,0.00940860215053767,-0.168870423898771,0.011327061153751,0.000832884185894223,0.00219058007645367
"130",1979-10-01,-0.0514193055708836,-0.00179522393378436,0.0106382978723403,0.10792890328008,0.00471265071301774,0.000832191067114962,0.0021857919242132
"131",1979-11-01,-0.0256501896344844,-0.00211021409897438,0.0105263157894736,-0.556156938104068,0.00956384015594547,0.00104838426907183,0.00489234832913854
"132",1979-12-01,-0.0409538191536188,-0.00172079842529475,0.011703511053316,-0.767194425590685,0.00543051951970064,0.0010472863105786,0.00486852978557684
"133",1980-01-01,0.00948905709858158,0.000137831652338539,0.014102564102564,-0.473790236560085,0.0186040929004381,0.00104619064943323,0.00484494204094088
"134",1980-02-01,-0.00261852850775413,-0.00174124823483313,0.0126582278481012,2.44215381245883,0.00241560124904261,-0.00686825568447802,0.000655104136098039
"135",1980-03-01,-0.0166360254392373,-0.00943102951573964,0.0137328339575529,-0.99999999897654,0.00399670859292334,-0.00691575485708762,0.000654675255630455
"136",1980-04-01,-0.201078764920193,-0.0135946530998928,0.00988875154511756,201885449.6496,-0.00761035007610356,-0.00696391559015319,0.000654246936350189
"137",1980-05-01,-0.182640284708085,-0.0110930071435701,0.00979192166462664,4.26945818149134,0.00289051439358179,-0.000396162140069878,-0.00453680197590201
"138",1980-06-01,-0.19078455356348,-0.000437217649997757,0.00969696969696966,-0.696926328913801,0.0109993529792365,-0.000396319146711344,-0.0045574783526976
"139",1980-07-01,-0.176653489648692,0.0105761063828325,0.00121065375302656,-0.998582659495717,0.0164649755643471,-0.000396476277851443,-0.00457834405662683
"140",1980-08-01,-0.195167054306835,0.0169407008431098,0.00721153846153856,1.53280633031056,0.00955869726976144,0.00621641709003584,-7.34122233908563e-05
"141",1980-09-01,-0.190371043014263,0.0152202601633784,0.00834326579261028,1.84539799770973,0.00946819367275209,0.00617801199071444,-7.34176131352848e-05
"142",1980-10-01,-0.0721852230174476,0.0103962751393681,0.00944510035419123,27.9327278493659,0.0205560235888795,0.00614007851204446,-7.34230036769645e-05
"143",1980-11-01,-0.0676547649640139,0.00290209939740158,0.0105140186915886,-0.993549337100341,0.00533817621484789,0.00653146029679608,0.00445840165176681
"144",1980-12-01,-0.086828326610087,-0.00466522117085156,0.00925925925925939,484.008483967618,0.0136303919421941,0.00648907714704716,0.0044386125343181
"145",1981-01-01,-0.1818034294802,-0.00615540180315974,0.00917431192660547,-0.890426452821497,0.00988281039045202,0.00644724050601808,0.00441899831301695
"146",1981-02-01,-0.200447129194052,-0.00288184757654787,0.00909090909090906,4.65857425981066,0.00759358288770051,-0.00247026000418593,0.000640853206567815
"147",1981-03-01,-0.197495884671816,0.000850531589798955,0.0067720090293453,2.65313690535741,0.00992463645048303,-0.00247637729998396,0.000640442776760786
"148",1981-04-01,-0.00863543856076473,0.002629684234936,0.00561167227833894,-0.511010629213916,0.000788270534447522,-0.00248252496846391,0.000640032872336604
"149",1981-05-01,-0.0168496596216442,0.00114488563889095,0.00668896321070243,0.176816807352878,0.00493593782818724,0.00399174792548784,-0.00114796388112171
"150",1981-06-01,-0.00385199586377613,-0.00281007432073945,0.00883977900552483,-0.738503175076897,0.010816177239001,0.00397587722581982,-0.00114928321673791
"151",1981-07-01,-0.0747664405323515,-0.00509334426052737,0.0109289617486338,1.64183097169457,0.00392866373739986,0.00396013222629166,-0.00115060558842972
"152",1981-08-01,-0.0877221881355017,-0.00536218167003962,0.00759219088937096,-0.996378581517935,0.0126152103393233,-0.0036318204410406,0.00423663986933365
"153",1981-09-01,-0.0800567511092571,-0.00780390455549246,0.0096670247046186,7477.4709933248,-0.000559340994609969,-0.00364505863951481,0.0042187664750859
"154",1981-10-01,-0.123548169356757,-0.00734293663573456,0.00321199143468962,-0.99864724015829,-0.000814042228440504,-0.0036583936990745,0.00420104325464843
"155",1981-11-01,-0.114530135627647,-0.00510874396104678,0.00426439232409372,4.15961953613078,0.00341157900096745,-0.00517846850103554,-0.000371342844930456
"156",1981-12-01,-0.109248169356757,-0.00104250904378667,0.00318809776833153,-0.98487145861156,0.00923576575662244,-0.00520542462850737,-0.000371480791664491
"157",1982-01-01,-0.281816275209735,0.000403295350816525,0.00317796610169503,5071.27617451431,0.00417337087691072,-0.00523266286063473,-0.000371618840920074
"158",1982-02-01,-0.283359823283079,1.98321020470175e-05,0.00316789862724389,-0.990782904091202,0.0120674978719144,0.00152065521509881,0.00126688877443426
"159",1982-03-01,-0.269253638573219,-0.000817833976585192,0,-0.969294498275858,0.00143479121314072,0.00151834633382952,0.00126528579806018
"160",1982-04-01,-0.303551262662216,-0.000508208904635107,0.00315789473684207,138.752865846913,0.00108690282100699,0.00151604445329179,0.00126368687300649
"161",1982-05-01,-0.291849083162078,-0.000317315339581044,0.00938477580813353,0.11214991880466,0.00898188817055723,-0.00127431751372864,0.00267239916275375
"162",1982-06-01,-0.307851262662216,0.00145227580154799,0.0113402061855669,-0.470220471056595,0.00176082171680103,-0.00127594347083859,0.00266527648011983
"163",1982-07-01,-0.297202007088585,0.00116366361304372,0.00512820512820512,-0.992205419961912,0.011767003564279,-0.00127757358250968,0.00265819166439729
"164",1982-08-01,-0.295451262662216,0.000610918195638167,0.00204708290685775,-0.353897531532729,0.00381237332303841,0.000133141542842496,0.0051387903657838
"165",1982-09-01,-0.291298166271722,0.00066241700362498,0,166.9616,0.0117782798903898,0.000133123818531589,0.00511251820648506
"166",1982-10-01,-0.343386582142144,0.00132969395312047,0.00407747196738013,-0.972257214969164,0.0100731730495107,0.000133106098939573,0.00508651331455701
"167",1982-11-01,-0.355606702824717,0.00317979780561783,-0.00102040816326524,73.424851373604,0.0110546617743907,0.0043928477047972,0.00320355871544997
"168",1982-12-01,-0.35366119112223,0.00688568642083397,-0.00307062436028656,7.432961625909,0.00572279346764049,0.00437363499235799,0.00319332869946365
"169",1983-01-01,-0.167509664792509,0.00947404367288201,0.00204290091930544,-0.835321234977719,0.00573649148778688,0.00435458960687751,0.00318316381111616
"170",1983-02-01,-0.177993397092716,0.0098996713435679,0.00102040816326524,-0.994868063817993,0.00137994480220782,0.00758535128304483,0.00274661859536529
"171",1983-03-01,-0.173647129194052,0.00542464893982628,0.00101936799184499,1332.50455769641,0.011851171336702,0.00752824688586995,0.0027390953451556
"172",1983-04-01,-0.048643248049898,0.00321748976049564,0.007085020242915,-0.410751804981204,0.0107136371890322,0.00747199585633473,0.00273161319617055
"173",1983-05-01,-0.0446547649640139,0.00378170476314253,0.00403225806451618,-0.919278700677186,0.00875853395616244,0.00666356267235901,0.00575348272117826
"174",1983-06-01,-0.0594297924651942,0.00514103551055049,0.00201207243460767,101.596602705108,0.0134021995636493,0.00661945352891236,0.00572056952327649
"175",1983-07-01,0.139601494152225,0.00602143702212566,0.00400801603206404,-0.21961407351203,0.0124780316344464,0.00657592450226119,0.00568803074792679
"176",1983-08-01,0.129010076069336,0.00334091075749801,0.00299700299700296,-0.142807811287381,0.00694323902100336,0.00695406442596536,-0.00533401509664166
"177",1983-09-01,0.123681502106638,0.00210063536170344,0.00298804780876505,-0.507763012517521,0.0062489225995519,0.00690603938316925,-0.00536261938942761
"178",1983-10-01,0.129173896008132,0.00277782372349026,0.00396825396825388,4.63951902749678,0.00972204377061114,0.00685867311650901,-0.00539153212412979
"179",1983-11-01,0.121820531575528,0.00238681785444576,0.00296735905044507,0.117168791674146,0.00369019341703436,0.00651589880124948,0.00353277731732393
"180",1983-12-01,0.108789438137531,-0.000442810447995925,0.00295857988165691,0.609519085411492,0.0115369986899378,0.00647371671824559,0.00352034073741758
"181",1984-01-01,0.304085620029589,-0.00585568734243616,0.00685602350636619,-0.782810803182677,0.010778743315508,0.00643207727207629,0.00350799141234237
"182",1984-02-01,0.279377449439843,-0.0044857876472083,0.00487329434697855,14.7644500983394,-0.00657187732495668,0.00575930285963366,0.00724103672795962
"183",1984-03-01,0.266443371436778,-0.00280212638888742,0.00291545189504384,-0.955989927482109,0.0116912835448304,0.00572632322988076,0.0071889810521244
"184",1984-04-01,0.143434648531914,-0.000997677666399526,0.00387221684414318,1.02030543703138,0.0106514229314032,0.00569371915362682,0.00713766848860353
"185",1984-05-01,0.132650549665927,-0.0020616440451647,0.00193236714975848,9.96543352475129,0.00691759918616475,0.00321354703326882,0.00269856545794189
"186",1984-06-01,0.134134648531914,-0.00308368822971542,0.00192864030858247,-0.565345542053768,0.00852697514649425,0.00320325322836124,0.0026913028011657
"187",1984-07-01,-0.0436950997300549,-0.0046984872144256,0.00384245917387119,-0.750543838372958,-0.000400705241224597,0.00319302516020858,0.00268407913148083
"188",1984-08-01,-0.0333931023290161,-0.00560970245382858,0.00287356321839091,0.565480496684759,0.00705523931692453,0.00273620937162478,0.0069987293828655
"189",1984-09-01,-0.0339958539876306,-0.00449541807940713,0.00286532951289395,-0.853089824533869,0.0085980415572009,0.00272874295956704,0.00695008760056726
"190",1984-10-01,-0.107104578811593,-0.00175805152979061,0.00380589914367261,2.78818819198471,-0.000986660352040425,0.00272131718445934,0.00690211728083612
"191",1984-11-01,-0.0914342320545967,-0.000475971207316498,0.00189933523266859,-0.396693858688108,0.0158416623869158,0.00323028935685987,0.0036301950978892
"192",1984-12-01,-0.100504578811593,-6.14259088240487e-05,0.00189573459715642,1.70391918267809,0.00435560395115497,0.00321988818632013,0.00361706444826537
"193",1985-01-01,-0.163051906361068,-0.00063470062162169,0.00189214758751185,-0.260891833835918,0.0140168822117248,0.00320955378201537,0.00360402844510621
"194",1985-02-01,-0.176878425652911,-0.00154110976655481,0.0056444026340545,1.42886212051172,0.00840079425691154,0.00293485111091196,0.00739775847430013
"195",1985-03-01,-0.183768393045883,-0.00220525565703603,0.0046816479400749,0.367776115566781,0.00291578309603135,0.00292626296480014,0.00734343352669753
"196",1985-04-01,-0.288261425842574,-0.0014540765140409,0.00186915887850469,-0.586874473396337,0.00415329431753819,0.00291772493438081,0.00728990062603896
"197",1985-05-01,-0.281453703413885,-0.000939102788313069,0.00186567164179107,-0.494872564372191,0.013874788494078,0.00509041442252345,0.00759737798671534
"198",1985-06-01,-0.281584161512071,9.80269218218556e-05,0.00279069767441857,-0.555236320791938,-0.00259605399792318,0.00506463333992402,0.00754009304976622
"199",1985-07-01,-0.194986638191687,0.000715682057663415,0.0018570102135562,1.00522279395069,0.00977913289209487,0.00503911208485652,0.00748366551542645
"200",1985-08-01,-0.198476734850357,0.00155293952011592,0.00185356811862838,-0.436335820074434,0.0134035423647678,0.00247764009366991,0.00137406130895279
"201",1985-09-01,-0.202155901516349,0.00276937455223465,0.00185013876040692,4.78824122713316,0.0154790886959049,0.00247151656513589,0.001372175855201
"202",1985-10-01,-0.248754043205661,0.0025066834831944,0.00368663594470051,-0.778868325575435,-0.013919204207965,0.00246542323078103,0.00137029556871204
"203",1985-11-01,-0.254476117753404,0.00139029741594379,0.00458715596330275,-0.0341981418863823,0.00555192684519912,0.00311167962862613,0.00263360014004843
"204",1985-12-01,-0.248249083162078,-9.1938075737133e-05,0.0045662100456621,-0.505059773926759,0.0145068745263615,0.00310202711404783,0.00262668250862585
"205",1986-01-01,-0.115637752105284,-0.000232763000331197,0.00363967242948139,0.661961885146153,0.00562017571941786,0.0030924342990053,0.00261980112283999
"206",1986-02-01,-0.111910967825457,-0.000318089980256061,-0.0018231540565178,-0.542668698290073,-0.0024406635775176,0.00150127983082871,0.00694847715166858
"207",1986-03-01,-0.102710967825457,-0.00021277547812887,-0.005499541704858,-0.916517428396786,0.00120558825615213,0.00149902936827218,0.00690052898369076
"208",1986-04-01,-0.0189033126763818,6.02291280933494e-05,-0.00367985280588768,27.91372546846,0.00410823062756771,0.00149678564263711,0.00685323801612836
"209",1986-05-01,-0.0204818028059131,0.000690800020779207,0.00275229357798162,-0.112120061810472,0.00786540632054189,0.00319010792880858,0.00726045703532341
"210",1986-06-01,-0.031434784315434,-0.0012819575094771,0.00365630712979895,-0.785383878419163,0.00146981627296583,0.00317996350202732,0.00720812276964922
"211",1986-07-01,-0.0326732948457604,-0.000711709877695431,0.000913242009132368,1.03639874210991,0.00681413146032073,0.00316988338854607,0.00715653756825163
"212",1986-08-01,-0.0313732948457604,0.00193164122379409,0.000912408759124035,-0.714571060662968,0.00603915035401914,0.00179025245415509,-0.00137725168146241
"213",1986-09-01,-0.0379000197118699,0.000944679431919499,0.00363636363636368,11.6456363396904,0.0252535706892985,0.00178705317781747,-0.0013791511196608
"214",1986-10-01,-0.16728455356348,-0.000367867557234913,0.0018148820326679,0.353117193523822,-0.0130897099401037,0.00178386531563657,-0.00138105580431525
"215",1986-11-01,-0.166581252040945,-0.000128966109634823,0.00181159420289857,-0.999999999940792,-0.00153431756964095,0.00248390481118554,0.00195486313354754
"216",1986-12-01,-0.171735956718445,0.00105652520198895,0.00361010830324902,4100624,0.0234599098483812,0.00247775031525621,0.00195104909959554
"217",1987-01-01,0.114960846131179,0.00270720851929652,0.0053859964093358,4.21417491236092,-0.0205532014280471,0.00247162624255615,0.00194724991939355
"218",1987-02-01,0.110458182438563,0.00164642558517975,0.00357781753130582,-0.939318059843003,0.0225515244421732,0.00359632637310003,0.00258448792720656
"219",1987-03-01,0.107661592285671,0.00239182712670812,0.00356506238859185,9.84749012590297,0.00386447679648216,0.00358343915635539,0.00257782556814723
"220",1987-04-01,-0.246068031659123,0.00238016883887731,0.00443655723158828,233.752427155352,0.00846248299206853,0.00357064397093665,0.0025711974695739
"221",1987-05-01,-0.256023770714776,0.00232009125626138,0.00265486725663714,-0.975862473106656,0.00315914176648668,0.00289204012860278,0.000350144340128367
"222",1987-06-01,-0.252911534189562,0.0017130748207708,0.00440528634361233,19.7743258592781,0.00800419892402582,0.00288370035146768,0.000350021781986731
"223",1987-07-01,0.397052865050766,0.00172790788708897,0.00263620386643231,0.301771995223057,0.00712705024733129,0.00287540853486612,0.000349899309606938
"224",1987-08-01,0.371739600132576,0.00227922981560032,0.00437445319335083,-0.17710662635466,0.0116651048566907,0.00572350860252757,0.0049976754471539
"225",1987-09-01,0.358366425152429,0.00180650420270645,0.00348735832606805,-0.434350580103276,-0.00137345087517571,0.00569093647863572,0.00497282289228207
"226",1987-10-01,0.400176176855469,0.000661127103653314,0.00260869565217388,1.36549938657595,0.002558771789541,0.00565873298864883,0.00494821628904396
"227",1987-11-01,0.396397667692861,-0.000749248044423189,0.0034662045060659,-0.755362186553324,0.00309459243898536,0.00172208767532211,-0.00278111411369109
"228",1987-12-01,0.372837032930366,-0.00128650012815707,0.00173010380622827,-0.957476399189016,0.00950957318236756,0.00171912718757894,-0.00278887028018837
"229",1988-01-01,0.195035596584902,-0.00349111787988541,0.00344827586206901,184.697682914621,0.0124759774424246,0.00171617686128034,-0.00279666982955529
"230",1988-02-01,0.189129113152252,-0.00347545540278947,0.00172117039586921,-0.778695660967401,0.00239599215857123,0.00437955763774389,0.000995304573093936
"231",1988-03-01,0.186034648531914,-0.00201826083410174,0.00257510729613731,0.172633799468148,0.0121375799341901,0.00436046074856944,0.000994314926900275
"232",1988-04-01,0.809686970643435,0.000495118903102891,0.00597269624573381,1.01287973590725,0.000766753565404121,0.00434152967881607,0.000993327246787024
"233",1988-05-01,0.752734577616237,0.00192605382233857,0.00255319148936167,-0.585752103230895,0.00937787312289307,0.00195309590815507,3.91615424115699e-05
"234",1988-06-01,0.710765443494931,0.00247066090179123,0.00423728813559322,-0.687143855138902,0.00756011658974987,0.0019492887602548,3.9160008840966e-05
"235",1988-07-01,0.120660113850781,-0.000283176728021597,0.00421940928270042,-0.262974817905412,0.00729245140876889,0.00194549642593844,3.9158475398926e-05
"236",1988-08-01,0.124394444443923,-0.00234913949243897,0.0042016806722689,10.6518563508755,0.00756873186346363,0.00444165274409136,0.00646806923246257
"237",1988-09-01,0.111484597785385,-0.00201077784882575,0.00418410041841004,-0.995533000373089,0.00207838479809985,0.00442201170367462,0.0064265021714951
"238",1988-10-01,0.111865688044934,-0.000361115698286313,0.00333611342785659,23.7202978312722,0.0114666666666665,0.00440254360433023,0.00638546596063283
"239",1988-11-01,0.104605398442107,0.000206877482778386,0.00332502078137981,0.57480671171863,0.00483346515511029,0.0033886749701868,-0.0014652117761772
"240",1988-12-01,0.0932587543436031,-0.00021786557395629,0.00331400165700087,-0.840432943612155,0.0086000816278935,0.00337723063327222,-0.00146736177192075
"241",1989-01-01,0.126094444443923,-0.00152040339510269,0.00412541254125412,-0.999999999947216,0.00693701766049082,0.00336586333650479,-0.00146951808658413
"242",1989-02-01,0.135389438137531,-0.00242596269470614,0.00328947368421045,147763359999,0.00123431983236211,0.00254423039932838,0.0051271743332002
"243",1989-03-01,0.114802246241221,-0.00320272770402056,0.00490998363338795,10.2705878237744,0.00309633027522938,0.00253777371828745,0.00510102051176764
"244",1989-04-01,-0.0464852230174476,-0.00309484789686425,0.00731112916328181,-0.818966267185507,0.0126329027095002,0.00253134972548263,0.00507513215851851
"245",1989-05-01,-0.0457819928013849,-0.0043282029271971,0.00485044462409061,-0.128275489523582,0.00248377081569306,0.00246960238442084,0.00299898670535215
"246",1989-06-01,-0.0449591400381441,-0.00435445057350878,0.00322320709105553,-0.452138528765286,0.00416690128948694,0.00246351847332527,0.00299001967609058
"247",1989-07-01,-0.292595785034153,-0.00319939856432855,0.00321285140562253,-0.658208876351362,0.00535524028486511,0.00245746446422013,0.00298110611016478
"248",1989-08-01,-0.302129167905875,-0.00134368317673833,0,-0.458695257672588,0.00973310650640036,0.000656822589963024,0.00167204082694217
"249",1989-09-01,-0.308636469202437,0.000548415534083673,0.00240384615384613,0.594769609454994,0.000359056509970701,0.00065639145722618,0.00166924977317562
"250",1989-10-01,-0.212862208811158,0.00123089122197067,0.00478468899521537,1.51976885561417,0.00323034871200201,0.000655960890102669,0.00166646802180792
"251",1989-11-01,-0.207240369811565,0.00108515281248636,0.00397140587768069,1.59514941703722,0.00266952884191984,0.00364263444702595,0.0053301755582762
"252",1989-12-01,-0.209053638573219,0.00118195204964662,0.00316706254948528,-0.337449910215647,0.0112260862404963,0.00362941381922588,0.00530191541830161
"253",1990-01-01,-0.27499557462947,0.00150486536675762,0.00941176470588237,-0.73713899083321,0.012621464632756,0.00361628881064302,0.00527395336365166
"254",1990-02-01,-0.276609045278034,0.0022922887410792,0.00390625,-0.986790173108733,-0.000670115527916959,0.0012096940655133,0.00052547305595585
"255",1990-03-01,-0.285670427635442,0.00180854679820346,0.00466562986003106,-0.999999599454859,0.00716163295960515,0.00120823247386115,0.000525197079041861
"256",1990-04-01,-0.156447129194052,0.000568635952126514,0.00232738557020955,-1,0.00402141202162509,0.00120677440983052,0.00052492139186433
"257",1990-05-01,-0.165102440989396,-0.000821522165662748,0.00154918667699449,NA,0.00153846153846149,0.000221743080190295,0.000530267702969711
"258",1990-06-01,-0.157834698371066,-0.00208867718594316,0.00615858352578915,93.6620356215636,0.007601038190582,0.000221693921098387,0.000529986668160731
"259",1990-07-01,0.00650414601236935,-0.00332978279575371,0.00459770114942524,1.5811526881351,0.00452096201866214,0.000221644783797048,0.000529705931079372
"260",1990-08-01,0.00500481134273914,-0.00325656890480935,0.00835866261398172,-0.952980082893255,0.00696025329042049,-0.0030345980423756,0.00222869469324127
"261",1990-09-01,0.00490689767098381,-0.00349342668200237,0.00679245283018872,-0.356396785235592,0.00566483901982684,-0.00304383485767623,0.00222373865869341
"262",1990-10-01,-0.153495884671816,-0.0036172644383878,0.00674662668665671,2.04779816622778,0.000129195628020051,-0.00305312807533575,0.00221880461709034
"263",1990-11-01,-0.156934698371066,-0.00357362050112772,0.00224382946896023,-0.957931068476082,0.000335865240531197,-0.00155947939230561,0.00198794520731238
"264",1990-12-01,-0.158302440989396,-0.00283562571597193,0.003725782414307,834.189432584619,-0.00273767401017588,-0.00156191516681981,0.00198400112179531
"265",1991-01-01,-0.150570884595702,-0.00192978868023362,0.00371195248700816,-0.991668342671976,-0.00525729676533815,-0.00156435856218418,0.00198007265542155
"266",1991-02-01,-0.150414667934934,0.000232268908709139,0.000741839762611444,-0.995108315572892,0.00669096589429841,0.00259906276951383,0.00135582126049383
"267",1991-03-01,-0.155253489648692,0.0027446467693086,0,86.9638824462891,0.0119740347065973,0.00259232515372143,0.00135398549817323
"268",1991-04-01,-0.333267184277633,0.00495590722056102,0.0022205773501109,-0.97360728429199,-0.00150779453105032,0.00258562237978821,0.00135215470031769
"269",1991-05-01,-0.346326689958814,0.00665107331752957,0.00368731563421828,-0.999999589217799,0.00668014640014336,0.00168432202104629,-0.000933707202616763
"270",1991-06-01,-0.348426689958814,0.00776399884998747,0.00294117647058827,347160739.0625,0.00185599511847867,0.00168148985066252,-0.000934579826528115
"271",1991-07-01,-0.365323756592418,0.00573736815944546,0.00146842878120402,0.326844086631375,0.00647125999238685,0.00167866718882292,-0.000935454083042742
"272",1991-08-01,-0.36779438112651,0.00406942081475665,0.00292825768667646,0.0844618330060278,0.000781643973777113,0.00116166223498837,-0.00243908008278337
"273",1991-09-01,-0.374025184535703,0.00120595119825534,0.00291970802919712,-0.897938472203859,0.00393036204681163,0.0011603143416381,-0.00244504374027188
"274",1991-10-01,-0.419928526549947,-0.00305184854281794,0.00145772594752178,15.3820727305917,-0.00218335131879432,0.00115896957262152,-0.00245103663204616
"275",1991-11-01,-0.429340660163487,-0.00537463011306725,0.00435413642960829,-0.99949375,0.00694164989939638,0.00399017219184494,0.00295432588757327
"276",1991-12-01,-0.43560675073889,-0.00356257368714505,0.00289435600578854,-0.722970389202036,0.00422120091917266,0.00397431399466286,0.00294562355564776
"277",1992-01-01,-0.00988916961230443,0.00135669092265602,0.000723065798987872,222.119359009178,0.0159681631637856,0.00395858134940696,0.00293697234073886
"278",1992-02-01,-0.0205619980591814,0.00537958608583544,0.00216450216450204,-0.770281152620707,0.00362327710725396,0.00361451115786982,-0.000644623179406056
"279",1992-03-01,-0.0175189755693788,0.00444427729657745,0.00359453630481667,-0.99156773511895,0.00426881326991091,0.00360149351936112,-0.000645038986488156
"280",1992-04-01,0.156639314944792,0.001954503073658,0.00215208034433293,6367.74935308642,0.00352198202574683,0.00358856931024532,-0.000645455330340217
"281",1992-05-01,0.154637829576169,0.00129407119983732,0.0021474588403721,-0.999999999806152,0.00651095243858157,0.00329423976512322,0.00212327893746322
"282",1992-06-01,0.153042612142678,-0.000825177183601451,0.00285510349750182,12117360,0.00449692189303597,0.00328342338125487,0.0021187801761422
"283",1992-07-01,0.193886453651261,-0.00166709809992788,0.00284697508896801,15.5493064867837,0.00663139498695253,0.00327267779446516,0.00211430043828731
"284",1992-08-01,0.186026253486782,-0.00263088381422237,0.00213068181818189,23.2229962481011,0.00382895738203937,0.00347721562603387,-3.85208065348808e-05
"285",1992-09-01,0.183310076069336,-0.00272476826105683,0.00212615166548535,-0.99797541320206,0.00814992063304043,0.0034651664949521,-3.85222904404348e-05
"286",1992-10-01,0.194901629291282,0.000498342824310153,0.00423429781227942,7.63640149937525,0.00690903109063989,0.00345320058000165,-3.85237744645606e-05
"287",1992-11-01,0.18765675714829,0.00338800002001838,0.00281491907107674,583.363474151235,0.00368753938432098,0.00055800102563941,-0.00413527374053968
"288",1992-12-01,0.178341193255786,0.00325535642311855,0.00140548137737186,0.373774991125885,0.00834786652714792,0.00055768983414084,-0.0041524452382885
"289",1993-01-01,0.105808143495832,0.00185319988169789,0.00350140056022408,-0.240741057656618,0.000991605940411366,0.000557378989544555,-0.00416975993808844
"290",1993-02-01,0.0995309743258665,-0.000934941805354701,0.00209643605870009,3.69110260832008,0.00336351279747515,0.00194139874981469,2.98141741028601e-05
"291",1993-03-01,0.106469326494685,-0.00332477820811193,0.00139567341242161,-0.999950104704613,-0.00064289486372926,0.00193763702372052,2.98132852443178e-05
"292",1993-04-01,-0.159246533894068,-0.00398936477300452,0.00347705146036161,54144.4529579501,0.00939689833429047,0.00193388984715281,2.98123964428409e-05
"293",1993-05-01,-0.155576734850357,-0.00226582598846848,0.00277392510402203,-1,0.00660081030636861,0.00159104910906538,0.000473919388568778
"294",1993-06-01,-0.161324171209094,-0.00137127558558099,0.00069300069300085,NA,0.00397973950795949,0.0015885216930418,0.000473694895373633
"295",1993-07-01,0.187941193255786,0.000116577079313987,0.00138408304498262,2.85642883681239,0.00650900900900897,0.00158600229399264,0.000473470614760219
"296",1993-08-01,0.187773896008132,0.00117778280751095,0.00207182320441996,-0.546336954962181,0.002729978294435,0.00453371108901979,0.00117699559944562
"297",1993-09-01,0.185120531575528,0.00210816835901605,0.0013793103448275,2.2542011637008,0.00678404855950543,0.00451324932052777,0.00117561190940152
"298",1993-10-01,0.280608600160375,0.00321395376074936,0.00412087912087908,0.426114564553838,0.00472126787099647,0.0044929714203179,0.00117423146890672
"299",1993-11-01,0.267362451108281,0.00294488410600987,0.00273972602739729,1.51839608982904,0.00469908224496995,0.00323405425937362,-0.00412418864642417
"300",1993-12-01,0.251418835144315,0.00269059635082262,0.00205058099794949,0.0583317657090916,0.00373290002415416,0.00322362886870042,-0.00414126801695736
"301",1994-01-01,0.106008927003141,0.00183614219371295,0,-0.77282494786306,0.00306272013300957,0.00321327047722697,-0.00415848943625863
"302",1994-02-01,0.0969341095993713,0.00131278521821706,0.00272665303340134,1.83723727066043,0.0103596431920787,0.00451681955445093,0.00164973769675902
"303",1994-03-01,0.0945795557177342,0.00114675034541274,0.00271923861318834,1.91171410876529,0.00289254414367734,0.00449650963182879,0.00164702054487886
"304",1994-04-01,0.464302183729327,0.001231461261436,0.000679347826086917,-0.431296098255694,0.00540249677141635,0.00447638153912244,0.00164431232869133
"305",1994-05-01,0.448051788049818,0.00125265831495224,0.00203389830508482,1.18753026599944,-0.000342531737706375,0.00194838413679688,0.00561897008546186
"306",1994-06-01,0.420909309364886,0.000833750702612663,0.00270453008789726,-0.206863725861805,0.00843773423278726,0.00194459531812674,0.0055875736761295
"307",1994-07-01,0.326409492981759,0.000219256011022039,0.00336927223719676,-0.868770929075202,0.00248465671388232,0.00194082120629546,0.00555652617673386
"308",1994-08-01,0.309152704539069,0.000214271890292889,0.00402684563758385,13.8223911465731,0.00889717408803969,0.00381841481648615,-0.00290025982295583
"309",1994-09-01,0.294097406982691,0.000713401187028516,0.00200937709310121,-0.325167409621599,0.00260361987149871,0.00380388998660086,-0.00290869579651165
"310",1994-10-01,0.525480540709683,0.000220977252167645,0.00066934404283798,-0.426095623705007,0.00793717277486894,0.00378947523969164,-0.00291718098859084
"311",1994-11-01,0.493940808442946,-0.00112983748709924,0.00267022696929242,0.782062628562559,0.00263874171497447,0.0011825204742324,0.00116607427710536
"312",1994-12-01,0.459458601431475,-0.00250593066958154,0.00199866755496324,1.13363426752028,0.00331564986737409,0.00118112377120916,0.00116471613157976
"313",1995-01-01,0.211488895748147,-0.00239084155836418,0.00265780730897013,-0.566469066449938,0.00198281559814917,0.00117973036361407,0.00116336114609039
"314",1995-02-01,0.204025651353691,-0.0040446979480557,0.00265076209410209,-0.856131834922971,-8.24538258574758e-05,0.000994469590722025,0.00112003558929663
"315",1995-03-01,0.205223109756439,-0.00527925475567185,0.00198412698412687,10.2378934140175,0.00713284406695802,0.000993481603469126,0.00111878251306119
"316",1995-04-01,0.18575675714829,-0.00525544108184203,0.00395256916996062,-0.812931990420655,0.000982519343349697,0.000992495577380792,0.00111753223754407
"317",1995-05-01,0.182680546006235,-0.00496284444660331,0.00197238658777109,2.38258982308095,0.00877264733548744,0.00283559178320769,-0.000874643231293382
"318",1995-06-01,0.184341193255786,-0.00154629342640833,0.00196850393700794,-0.470823332398028,0.00900042569580983,0.00282757393779254,-0.000875408901763963
"319",1995-07-01,0.03361533896712,0.00128354969108767,0.00131061598951499,-0.767624703227974,-0.00146659969864393,0.00281960130662329,-0.000876175913954391
"320",1995-08-01,0.0211156664899252,-0.000545705023949972,0.00196206671026822,2.93368805442018,0.00706209005673819,0.00226340342513787,-0.00348763330594604
"321",1995-09-01,0.0318068976709838,-0.000888521608511101,0.00130633572828209,3.04147446384389,0.00303678101212701,0.00225829199929151,-0.00349983946262156
"322",1995-10-01,-0.189997592102199,-0.00167634830840008,0.00260586319218244,-0.974290481439682,-0.00131461009859579,0.00225320360762105,-0.00351213135854789
"323",1995-11-01,-0.194166090024062,-0.00155294631646621,0.00130123617436557,50.3818551311676,0.00831687907616829,0.00249648939909353,0.0021986706471111
"324",1995-12-01,-0.190914734952747,-0.000844103120840538,0.00129954515919439,-0.957819595967292,0.00828783922778698,0.00249027246029554,0.00219384709988835
"325",1996-01-01,-0.0456463792947634,-0.00025289791588291,0.00517129928894623,3.40043967560696,-0.00231486022560079,0.00248408640832398,0.00218904467059033
"326",1996-02-01,-0.0496675844210181,0.00108300855280801,0.00193548387096781,-0.638471997057457,0.00926126196983712,0.00555949142051282,0.00415174846330046
"327",1996-03-01,-0.0518463792947634,0.00258837441829545,0.00321543408360128,-0.435152378479537,0.0078904301745637,0.00552875435809286,0.00413458271586342
"328",1996-04-01,0.0431240376448016,0.00357299487014965,0.00384368994234461,0.288703742196246,0.00670751744534437,0.00549835530225318,0.00411755833035921
"329",1996-05-01,0.0381898527925662,0.0031745555163846,0.001918158567775,0.461845370966636,0.00303379416282645,0.00298997125803369,-2.18899600190614e-06
"330",1996-06-01,0.0364898527925662,0.00268972763794624,0.00191448627951488,-0.169183326177826,0.00114858914966121,0.00298105798036286,-2.18900078963191e-06
"331",1996-07-01,0.0634919184184263,-0.00023407957378812,0.00191082802547777,0.485164877346707,0.00422578301273457,0.00297219768672985,-2.18900558124346e-06
"332",1996-08-01,0.0617645614392352,4.20099404764466e-05,0.00127226463104318,-0.632134473461951,0.00439840819512938,0.00346127329342694,0.00230023946405233
"333",1996-09-01,0.0625480041362238,0.000131037760781762,0.00317057704502219,-0.908180908404839,0.00409478672985797,0.00344933420507187,0.00229496050532951
"334",1996-10-01,0.290651844490153,0.00111779553375644,0.00316055625790139,1.57308663530986,0.00602273156364452,0.00343747719739573,0.00228970572113485
"335",1996-11-01,0.275037391388402,0.00276274451039659,0.00315059861373661,9.92821528584113,0.00426011072534482,0.00215188121634413,-0.00173241274957958
"336",1996-12-01,0.266227995784916,0.00230138288703511,0.0025141420490258,-0.0579553448077963,0.00512034683809248,0.00214726056666414,-0.0017354192119482
"337",1997-01-01,0.101851776269129,0.000135803492346541,0.0018820577164367,-0.96127410329617,0.00604246458186153,0.0021426597179528,-0.00173843612740243
"338",1997-02-01,0.102069326494685,-0.000457547485536802,0.0018785222291796,-0.755215259948103,0.00423204154423318,0.00554000484613226,0.00431951253225171
"339",1997-03-01,0.0924795557177342,0.000360513307035548,0.000625782227784873,-0.814102461347084,0.00371733529628271,0.00550948228756809,0.00430093459138825
"340",1997-04-01,-0.0372499505653021,0.00123380813834609,0.000625390869293272,350.610635222146,0.000935059220417367,0.00547929421314386,0.00428251577116967
"341",1997-05-01,-0.0342145033196693,0.00209814918955495,0,-0.95614218310406,0.000164856300258309,0.00416949344312223,0.00154322173729948
"342",1997-06-01,-0.0320145033196693,0.00142625704431835,0.00187265917602985,-0.322031867131065,0.00622687813633194,0.0041521809518601,0.00154084387354025
"343",1997-07-01,-0.0525576471569892,0.00124282546243636,0.00124688279301756,2.98928249065427,0.00993775253904117,0.00413501163531227,0.00153847332634038
"344",1997-08-01,-0.0533576471569892,-0.000676466994668736,0.00248756218905476,-0.304074086085977,0.00688437139561704,0.00286272170833346,0.00167287687309203
"345",1997-09-01,-0.0560834724690384,-0.00123127355258227,0.00248138957816363,2.4178396650051,0.00263110792912125,0.00285454992629197,0.0016700830298193
"346",1997-10-01,-0.144467054306835,8.3536622355739e-05,0.00185758513931895,0.166461513790999,0.00642662049020837,0.00284642466498286,0.00166729850288405
"347",1997-11-01,-0.148487151854449,-0.000652807120374283,0.00123685837971545,-0.976143808494745,0.00415062880252592,0.00333159971671471,-0.00119283710134976
"348",1997-12-01,-0.145582783196749,-0.00156180854838503,0.000618046971569979,255.912248539813,0.00547596756814039,0.00332053701653079,-0.0011942616609637
"349",1998-01-01,-0.0720712417826601,-0.00175625146645512,0.00123456790123449,-0.979246019214886,-0.000386500588535066,0.00330954754141177,-0.00119568962724392
"350",1998-02-01,-0.0735522400000655,-0.0016130774277165,0,-0.296934917326057,0.00595792544684448,0.00308602379358835,0.0058338875312034
"351",1998-03-01,-0.0731712417826601,-0.00140854873413373,0,14.5145740088032,0.00462979139732345,0.00307652955019444,0.00580005068781531
"352",1998-04-01,-0.1125034294802,-0.00194007296721301,0.00123304562268796,103.486497657166,0.0065735700746048,0.00306709354627488,0.00576660409179053
"353",1998-05-01,-0.1126034294802,-0.00259599419133093,0.00246002460024603,-0.999923538135761,0.00860385964306065,0.0041752246742095,0.00251086103486675
"354",1998-06-01,-0.112240939646818,-0.00247777625606783,0.00122850122850133,287.323226641887,0.00578975316466535,0.00415786465511792,0.00250457240161439
"355",1998-07-01,-0.140978764920193,-0.0011775951392976,0.00245098039215672,-0.852953308394772,0.00311664424272351,0.00414064839948836,0.00249831519033439
"356",1998-08-01,-0.143087151854449,-0.000591014578056458,0.00122399020807843,-0.418331767768755,0.00594227504244471,0.00538626743018766,0.0019669227522956
"357",1998-09-01,-0.136685578430884,-0.000722367448353494,0.000611620795106998,8.98389197132786,0.00685232067510544,0.00535741098191389,0.00196306156184933
"358",1998-10-01,-0.0841891077456725,-0.000742734511516834,0.00244051250762663,-0.671015896852602,0.00556524071342368,0.00532886207769767,0.00195921550119982
"359",1998-11-01,-0.0871891077456725,-0.000534394604507517,0.00121876904326623,-0.98052594315239,0.00276722011068875,0.00315490626949622,0.00226627046899197
"360",1998-12-01,-0.0853891077456725,0.000762694102614542,0.00182481751824824,285.841324270859,0.00915982312065711,0.00314498413931763,0.00226114610035499
"361",1999-01-01,0.0272241677219248,0.00333397922669836,0.0018214936247722,-0.572900248128616,0.000395354583642149,0.00313512422336837,0.00225604485333641
"362",1999-02-01,0.0231432488907428,0.00327653055738803,0,-0.0893271146783835,0.00475884667951076,0.00256386213994131,0.00125399376488589
"363",1999-03-01,0.0221241677219248,0.00243194981207796,0.000606796116504992,-0.21254556167488,0.00509685666524629,0.00255730556103329,0.00125242323395969
"364",1999-04-01,0.257318835144315,0.00195568122996211,0.00663050030138634,-0.751519111488847,0.0103213814019469,0.00255078243094564,0.00125085663205105
"365",1999-05-01,0.247587740426803,0.00222364857647967,0.000602409638554182,4.53456893393552,0.00476098253768442,0.00436554944593404,0.00404329342382925
"366",1999-06-01,0.240932073872062,0.0014323962783613,0,0.258502396352238,0.0045456735788747,0.00434657426108509,0.00402701103659142
"367",1999-07-01,0.269771143104465,0.000270058844925478,0.00419916016796633,0.81693901638111,0.00439718580108739,0.00432776331644558,0.00401085926207667
"368",1999-08-01,0.257419889689027,0.00152931975618444,0.00239377618192702,-0.542024254085397,0.00716389397436923,0.0056652834359403,0.00520285558574818
"369",1999-09-01,0.251455735230506,0.00254271604154088,0.00417163289630522,-0.736091043403299,0.00826681419426234,0.00563336880496124,0.00517592599030192
"370",1999-10-01,0.398239600132576,0.00196223125801717,0.00178465199286129,-0.609709728261734,0.00365272465040456,0.00560181173349039,0.0051492737305685
"371",1999-11-01,0.383840482085114,0.0010488559059987,0.00178147268408557,1.7647122298018,0.0055919151528403,0.00120586717305016,-0.00235913885426609
"372",1999-12-01,0.361300692899133,-0.000429621725000573,0.00236966824644553,-0.741972685658411,0.0156572795476786,0.00120441480877731,-0.00236471755131717
"373",2000-01-01,0.18827832818461,-0.00165191740412967,0.00295333727111636,1.68213799347646,-0.000519981035985717,0.00120296593877844,-0.00237032269499637
"374",2000-02-01,0.19115675714829,-0.00207066286051553,0.00411764705882346,3.20522052629425,0.0129144798249505,0.00610388224015623,0.00325862105680708
"375",2000-03-01,0.179044051987575,-0.00205300986978018,0.00584795321637426,0.699812881152113,0.00998534676798046,0.0060668508967141,0.00324803693525633
"376",2000-04-01,0.0209498103655155,-0.00202224368285784,-0.000585137507314185,-0.708574688510984,-0.00219868976038762,0.00603026617097968,0.00323752134634869
"377",2000-05-01,0.0138753380297513,-0.00246778502917092,0.00175233644859803,3.07966965444391,0.00547136154457295,0.000445184282289679,-0.00144339200490484
"378",2000-06-01,0.0147064879261868,-0.00232676940633553,0.00580720092915214,14.648101425321,0.0054117717216291,0.000444986181428408,-0.00144547839686615
"379",2000-07-01,0.0865719115389154,-0.00161000457950158,0.00289519397799652,-0.660537702324067,0.00299529945580468,0.00044478825680061,-0.00144757082922398
"380",2000-08-01,0.0860531960477251,-0.00228169154122717,0,0.306181765559942,0.0051743764876333,0.00207629863136849,0.0020062511115031
"381",2000-09-01,0.0836403884699577,-0.00207778650189053,0.00518433179723505,-0.993508257331336,0.0123251606830315,0.00207199654777201,0.00200223412706002
"382",2000-10-01,-0.301957671618193,-0.00264120038017425,0.00172512938470391,35.3334491348531,0.000770024263028635,0.00206771225512536,0.00199823319636061
"383",2000-11-01,-0.30453687485822,-0.0040254617332418,0.00172215843857625,0.158351841894523,0.00206149647222786,-0.000950592182032861,0.00511742432028317
"384",2000-12-01,-0.305267184277633,-0.00604091468858693,0.00229095074455902,-0.108670052579482,0.00627318034306912,-0.000951496667318419,0.00509136962156198
"385",2001-01-01,-0.360328348268996,-0.00488959338571211,0.00569476082004555,-0.59902285614476,0.00450638524554758,-0.000952402875480485,0.0050655788870968
"386",2001-02-01,-0.369924119289703,-0.00183159655194288,0.0022727272727273,3.46129496493827,0.00269456786584499,0.0019485193002784,0.00580492616301398
"387",2001-03-01,-0.374544517595572,0.000633983726655007,0.000567859170925578,-0.851477195581546,-0.0011292489779583,0.00194472995643213,0.005771423475881
"388",2001-04-01,-0.59573062478158,0.00111475225424027,0.0017006802721089,0.23501132974476,0.00190328997266698,0.00194095532246497,0.00573830528604136
"389",2001-05-01,-0.622710466289899,0.00124191614077865,0.00507614213197972,-0.833254452281058,0.00655601896817704,-0.00138346031092973,-0.000329343465682141
"390",2001-06-01,-0.64855643301618,0.00273516991993941,0.00225098480585243,2.61024003687673,0.0019298718621843,-0.00138537692491358,-0.000329451968531624
"391",2001-07-01,-0.668591996548247,0.00317029982415073,-0.00169109357384432,-0.961496475642507,0.00162873369495942,-0.00138729885674505,-0.00032956054290123
"392",2001-08-01,-0.697550743170296,0.00224219532600096,0,9.48363810666893,0.00518933288085743,0.000907904575869312,0.00550418381706952
"393",2001-09-01,-0.728210050964247,-0.00160174742007455,0.00393037619314985,-0.422133843837027,-0.0135182658357832,0.000907081032841317,0.00547405361972197
"394",2001-10-01,-0.452609349642059,-0.00352096266626771,-0.00281531531531531,13.9868207583625,0.0278918548939082,0.00090625898251484,0.00544425149511496
"395",2001-11-01,-0.467380355941208,0.00155111849204456,-0.000563380281690108,9.05671276805132,-0.00561844514732812,0.0029150473876276,0.00576877425600597
"396",2001-12-01,-0.486870562409603,0.00474370438526072,-0.000563697857948107,-0.984578507208081,-0.0028181196724284,0.00290657458496923,0.00573568637609889
"397",2002-01-01,-0.0479973582392079,0.00653573207887312,0.00168823860438932,-0.999996492360091,0.0037214768387035,0.00289815089324708,0.00570297589495494
"398",2002-02-01,-0.0491,0.00677594003165808,0.00168539325842703,1222267.44140625,0.00613300252289428,0.00201910845426467,0.00255982925288456
"399",2002-03-01,-0.0503973582392079,0.00453067718750475,0.00280112044817927,-0.412738255294632,0.00261834503969083,0.002015039870227,0.00255329325811449
"400",2002-04-01,0.332683775472439,0.0017665293473898,0.00446179587283888,-0.730894874242505,0.00942353396341122,0.00201098764993368,0.00254679055496099
"401",2002-05-01,0.323511285380054,0.0001264491873399,0.00111420612813364,0.717610503495819,-0.00310729049744018,0.00148190444307938,0.001779927514723
"402",2002-06-01,0.311418625073736,-0.0019173332109645,0.000556792873051193,0.890722436062601,0.00487456575171286,0.00147971165180816,0.00177676500181256
"403",2002-07-01,0.573103677173348,-0.0041366140427709,0.00222222222222225,-0.183751491263833,0.00849935776557076,0.00147752534035361,0.0017736137070512
"404",2002-08-01,0.552898968167012,-0.00292608398019748,0.00277008310249307,-0.779939452235964,0.00285892363557538,0.000516075454954024,0.00257038424634337
"405",2002-09-01,0.523965929498645,-0.00144664656982578,0.00165929203539829,-0.97954792110964,-0.00141863135850839,0.000515809258463618,0.00256379430984222
"406",2002-10-01,-0.319364211209273,-0.000673522772771477,0.00220750551876367,17.0731163963706,0.00537139764578543,0.000515543336437441,0.00255723807741015
"407",2002-11-01,-0.32929438112651,0.000818932520805182,0.00165289256198353,1.28886641,0.00390272787220591,0.00184922247153052,0.00038923364195087
"408",2002-12-01,-0.33608692419558,0.00203388128999878,0.00165016501650171,-0.45361211850321,0.00711824872313915,0.00184580915976129,0.00038908219807321
"409",2003-01-01,0.437615388938772,-0.000728350411894624,0.00438116100766693,4.11054236820545,0.00270205515919497,0.00184240842541383,0.000388930871994653
"410",2003-02-01,0.418643597687843,-0.00396614029887209,0.00544662309368191,0.13184483905745,0.000371692928542,0.00286753272559914,0.00315352388105117
"411",2003-03-01,0.404360679454034,-0.00412611546195963,0.00163132137031001,-0.736502757765823,0.0082936344696718,0.00285933349324141,0.00314361043048939
"412",2003-04-01,0.68374715589618,-0.000562503388345693,-0.00382096069869005,6.31689030166111,0.00297431038113283,0.00285118101586734,0.00313375911265612
"413",2003-05-01,0.650469897665406,0.00304681173311943,-0.00164024056861663,0.141482194711033,0.000931636268206359,0.00566069810008218,0.000781925759478774
"414",2003-06-01,0.610741791872124,0.00384562086000496,0.00109229929000539,-0.966823512902842,0.00662025930441401,0.00562883496469202,0.000781314829291224
"415",2003-07-01,0.544685020792054,0.00431500768550929,0.00326619488296131,0.912317390545635,0.00776183158388233,0.00559732852618211,0.000780704853008629
"416",2003-08-01,0.510954331372475,0.00426736003368392,0.00433604336043366,2.12127005355025,0.0124447545940918,0.00382722349751052,0.00202795567258796
"417",2003-09-01,0.487753308070549,0.00347203234200125,0.00324149108589948,-0.410669814602963,6.38202820857359e-05,0.00381263170386603,0.00202385139167793
"418",2003-10-01,1.69936576826447,0.00494484783066808,-0.00108166576527846,0.212039567714187,0.00136566687938733,0.00379815075388579,0.00201976369012269
"419",2003-11-01,1.49200930876725,0.00565862699593994,0.000540540540540509,-0.999863126567595,0.00687000522579262,0.00177915770778214,0.00150318644560699
"420",2003-12-01,1.3337675753466,0.00424261778627639,0.00269541778975741,20865.7229996498,0.00374702516583114,0.00177599792738059,0.00150093026757303
"421",2004-01-01,0.259959085090916,0.00157173190772252,0.00429414922168551,-0.0492970260819094,0.00733995863391002,0.0017728493506084,0.00149868085212046
"422",2004-02-01,0.253040438034141,2.93407428489285e-05,0.0021424745581145,-0.822973586580875,0.00405638881237946,0.00254025454721751,0.000889620093686538
"423",2004-03-01,0.255540438034141,-2.73854432675672e-05,0.0021378941742384,15.6367386571367,0.00700765605127307,0.00253381800450292,0.000888829373216327
"424",2004-04-01,0.32359822806957,0.000115396764392018,0.00160085378868736,-0.998188297687281,0.00156017830609212,0.00252741399741829,0.000888040057128947
"425",2004-05-01,0.308751844490153,-0.000569484440452176,0.00425079702444199,53.0764304079214,0.00922285686027235,0.00315109349184906,0.000609881415660096
"426",2004-06-01,0.308651844490153,-0.00160534881054232,0.00370566437268405,-0.404315374349749,-0.00196001568012549,0.00314119529181522,0.00060950968702933
"427",2004-07-01,0.0724890570985816,-0.00217950732723063,0.00105764145954515,1.57424197530864,0.00880056952081687,0.00313135908140483,0.000609138411266974
"428",2004-08-01,0.0773492162741772,-0.00311441151810064,0.000528541226215614,-0.768084096345033,0.00416114078526331,0.00333891370591211,-0.000183353014040044
"429",2004-09-01,0.0775184119551574,-0.0030507811264666,0.00316122233930465,46.7862997593599,0.00823932825241425,0.00332780246065889,-0.000183386638532901
"430",2004-10-01,0.018145235035986,-0.00193183427218575,0.00524109014675052,-0.0625780340192846,0.00642943841559407,0.00331676492219612,-0.000183420275357449
"431",2004-11-01,0.0147181971940868,-0.000400191378649305,0.00469483568075105,-0.968825080602424,0.00549279965610294,0.00368987845390323,0.00166554803160723
"432",2004-12-01,0.0117966873236181,1.48583700169281e-05,0,1.12042864345772,0.00723226373417574,0.00367631330465756,0.00166277859399311
"433",2005-01-01,0.0752890570985816,-0.00157647803496813,-0.000521920668058425,-0.920468494960244,-0.00133231150150315,0.00366284752954504,0.0016600183510167
"434",2005-02-01,0.0771184119551574,-0.00209876003149633,0.00415800415800421,111.121116958826,0.00696559703430855,0.00153853770679047,-0.000189958627542119
"435",2005-03-01,0.0764814714922458,-0.00228391494110853,0.00362506473329875,-0.885923225792102,0.0047249448951836,0.00153617424479036,-0.00018999471867831
"436",2005-04-01,0.173594444443923,-0.00241529004456997,0.00309757356737219,3.09083501710193,0.00888033140790023,0.00153381803303199,-0.000190030823531195
"437",2005-05-01,0.17847093185571,-0.00119498711456064,-0.000516528925619805,-0.999999987869217,-0.000196631812714121,0.00297111282811313,0.00110229965493214
"438",2005-06-01,0.178431910032607,0.00153963827137934,0.000516262261228674,183754622.334027,0.00935920128645629,0.00296231146652071,0.00110108592829317
"439",2005-07-01,0.176631910032607,0.00241161880285682,0.00615700359158551,-0.856059027148579,0.0120002750779389,0.0029535620956509,0.00109987487154939
"440",2005-08-01,0.175831910032607,0.00172827327799146,0.00611932687404379,0.16914168001491,0.000328444419276153,0.00210487708188878,0.000259211101831358
"441",2005-09-01,0.176431910032607,0.00300794517886081,0.0135814889336016,-0.953038378664208,0.00604592183325026,0.00210045588043783,0.000259143928848182
"442",2005-10-01,0.170958533559513,0.00125058791494418,0.00150678051230528,0.640233512390317,0.00459159557946398,0.0020960532131471,0.000259076790667612
"443",2005-11-01,0.175911511444733,-0.00101000489639273,-0.00504795557799091,1.90433707616693,0.00133309434723183,0.00443429041518795,0.00423251392287494
"444",2005-12-01,0.173731910032607,-0.00226200516774315,0,0.281963491691419,0.00347933098394582,0.0044147142899329,0.00421467525119401
"445",2006-01-01,0.126221183285666,-0.00184718339366198,0.00602107375815362,-0.998591770534135,0.0100561897966462,0.00439531025095952,0.00419698631683474
"446",2006-02-01,0.128886584750042,-0.000832721575158641,0.000501504513540593,694.35648218056,0.00334444468972839,0.00077899913185453,-9.9124167182163e-05
"447",2006-03-01,0.125996610154845,-0.000338781403292275,0.00150225338007001,3.29353412348163,0.00352031330788449,0.000778392764566593,-9.91339937534974e-05
"448",2006-04-01,0.053061408608194,-0.000177393491652123,0.00498256103637269,0.418887684499982,0.00577717850056447,0.000777787340528358,-9.91438222766039e-05
"449",2006-05-01,0.0531749138283443,-0.00147813537364586,0.00298062593144571,-0.599246693774564,0.00439246632079193,0.00051544264014769,-0.000478116734359157
"450",2006-06-01,0.0544898527925662,-0.00140925591287791,0.00247770069375619,-0.647507482016252,0.0027889008258184,0.000515177095911756,-0.000478345439318573
"451",2006-07-01,0.193673896008132,-0.000615854071987584,0.00542138984721534,-0.0108842524522729,0.00885204744178014,0.00051491182513308,-0.000478574363179218
"452",2006-08-01,0.185547080582144,-0.000944373838302082,0.00441609421000984,7.93194374516365,-8.58129706305943e-05,0.00283955076636544,0.00273675267561901
"453",2006-09-01,0.187147080582144,-0.00196789028921357,-0.004930966469428,-0.422790698448851,0.00352936128215586,0.00283151054841779,0.0027292833022392
"454",2006-10-01,0.110706086834584,-0.00207428968292666,-0.00445765230312038,1.0736,0.0019776155301614,0.00282351573383388,0.00272185458995566
"455",2006-11-01,0.116130974325866,-0.0014711900997844,0.000495049504950466,-0.47799375,0.000746810054196967,0.000784977023461586,0.000491030388906522
"456",2006-12-01,0.10556108770013,-0.000198835398419343,0.00541605120630228,2.83377995164359,0.00946674910982703,0.000784361317849092,0.000490789396395019
"457",2007-01-01,0.0345391583647113,-0.000164229769429904,0.00165653248917363,-0.999965870779083,0.00499524765022707,0.000783746577357025,0.000490548640327271
"458",2007-02-01,0.0401106619155055,0.00121167553163672,0.00386336705414583,9412.36550625,0.00320502716391879,0.00190957466766339,0.00302689886327734
"459",2007-03-01,0.0365391583647113,0.00143549367063193,0.00517322006157209,0.956855600052888,0.00401181547743756,0.00190593514220416,0.00301776439565837
"460",2007-04-01,0.0404106619155055,0.0020368068425003,0.0029916854456445,-0.829754100253958,0.00319245495612996,0.00190230946374581,0.00300868489351225
"461",2007-05-01,0.0411070727067955,0.00121461376353393,0.00411598268482019,8.29563123799753,0.00370227856526295,0.00181090442431797,0.001507915700657
"462",2007-06-01,0.0376070727067955,0.000107696032552274,0.00231139677852096,-0.90522522172274,0.00165780775646795,0.00180763097739001,0.00150564531444775
"463",2007-07-01,-0.30927212107328,-0.00136728445700657,0.00177743096198031,1.98969639216334,0.00437557539333633,0.00180436934347017,0.00150338175475606
"464",2007-08-01,-0.312326689958814,-0.00197695163217011,0.000308185701146513,5.26628584107824,0.00456249485045723,0.00202613971076815,0.00258197762982393
"465",2007-09-01,-0.319817986485298,-0.00172101473877911,0.0042196723040849,-0.701386007398508,0.00451101610637794,0.00202204276961582,0.00257532819005091
"466",2007-10-01,-0.522421764800302,-0.00123736422986993,0.00307376069601797,0.319386851029267,0.00297002418885683,0.00201796236340313,0.00256871291127836
"467",2007-11-01,-0.537508111097088,-0.00111380942182343,0.00779760380204333,-0.0276035786300171,0.00720464027678847,-0.001915666151731,0.000734213924545868
"468",2007-12-01,-0.557737582564249,-0.000938027792025478,0.00288964033200118,-0.654179609971116,0.00107094505849781,-0.0019193429721025,0.000733675249961152
"469",2008-01-01,-0.337525201462067,-0.000136877532764284,0.00343585924759873,-0.504901807066213,0.00217996851156599,-0.00192303393376214,0.000733137365224845
"470",2008-02-01,-0.343557639004562,-0.00102065716741113,0.00241199509137843,4.15150885804017,-0.00167170191339383,0.00172129032900292,0.00283328403587801
"471",2008-03-01,-0.350640948878436,-0.000267133700872016,0.00356527116674785,-0.710795061728395,0.00464018399338273,0.0017183325797514,0.00282527921737774
"472",2008-04-01,-0.493703340350033,0.000731025455603135,0.00230903702872741,-0.639801250521362,0.00375524629997792,0.00171538497785706,0.00281731950313668
"473",2008-05-01,-0.516583670806926,0.001563026260858,0.0058826809412289,-0.778249375320954,0.00570182458386692,-0.00180451863519948,0.00261125985044641
"474",2008-06-01,-0.534440822669586,0.00109433127535117,0.0103695801124788,-0.980901868471638,0.00538104995126232,-0.00180778080935184,0.00260445893140981
"475",2008-07-01,-0.389599645530104,-0.000987524362933797,0.00709080615114876,1.94499921,-0.000316584058013936,-0.00181105479946297,0.00259769334577431
"476",2008-08-01,-0.397243928811848,-0.00468775879543592,-0.00149069459051622,0.267576031030583,-0.000989638485061395,-0.00721270414630537,0.00218134413297566
"477",2008-09-01,-0.407126719508235,-0.00954301952252284,0.000854361125198224,5.16193706515809,-0.00507196845869617,-0.00726510520070989,0.00217659622756483
"478",2008-10-01,-0.99158595254654,-0.0105139253679439,-0.00867301089886866,-0.773988087745068,-0.00828396475332316,-0.00731827322557488,0.00217186894581078
"479",2008-11-01,-1.0191381964139,-0.00838163917684235,-0.0180246114293489,57.1616114445916,-0.0140056022408963,-0.00374231682482029,0.003682101673677
"480",2008-12-01,-1.02243522355607,-0.00474732831900708,-0.00830187608208211,-0.514965360088562,-0.00917440534376002,-0.00375637436781073,0.00366859353926596
"481",2009-01-01,-0.932237494464475,0.000434546578589408,0.00252438270585513,-0.968161517266475,0.00545695582023886,-0.00377053791980553,0.00365518415429267
"482",2009-02-01,-0.977199386033784,0.00251928218622583,0.00362943983451268,46.0515114587029,-0.00181933400110379,-0.000479965830783136,0.00479571886846908
"483",2009-03-01,-1.00895271047111,0.00438804685974222,-0.000988258547259973,10.829051676798,-0.00486381322957197,-0.000480196308596748,0.00477282971893311
"484",2009-04-01,0.423266425152429,0.00663473061558552,0.00100606932475823,-0.962595337094868,0.000648248186448486,-0.000480427007872541,0.00475015802354561
"485",2009-05-01,0.40285936425273,0.00722131046130588,0.00146933180610447,7.7469460325983,0.00247820006581123,0.00121370366921969,0.000878212836376013
"486",2009-06-01,0.383585620029589,0.00725753340128105,0.00823129568415662,5.1970263069654,0.00594938916185406,0.00121223237833412,0.000877442255323935
"487",2009-07-01,NA,0.00739276222205678,-0.000298054264504498,-0.999998657749382,0.00354852195902899,0.00121076465022907,0.000876673025367536
"488",2009-08-01,NA,0.00609572517194163,0.00333727865580539,37663.6094777041,0.0121218895109585,0.00366128034734103,0.000617016923360358
"489",2009-09-01,NA,0.00352659355451581,0.00192716609299501,-0.836240300439489,-0.00779038249171771,0.00364792427388849,0.000616636448239172
"490",2009-10-01,NA,0.00248850694572646,0.00299294717540608,31.3675184887518,0.00490721816378969,0.00363466529014911,0.000616256442055541
"491",2009-11-01,NA,0.00131447033522483,0.00333741495346042,-0.328060712658936,0.000865896756914619,0.00128259913231643,-0.00128503832779647
"492",2009-12-01,NA,0.00245944011452201,0.000519905956834,-0.992740810634732,0.00587495598812926,0.00128095617903901,-0.00128669177604479
"493",2010-01-01,1.0846104362368,0.00353051658074826,0.000648311630986496,123.373828265863,0.000290031903509291,0.00127931742947296,-0.00128834948472856
"494",2010-02-01,1.00049752577287,0.00252362065456034,-0.000952683391552844,0.910026541384014,0.00287948169329533,0.00307342767994068,0.00113919173491572
"495",2010-03-01,0.923124187896091,0.00210122770465274,0.000331258367724405,-0.997718446072097,0.00583215360995348,0.00306401066475215,0.00113789545382237
"496",2010-04-01,0.451678639954328,-0.000643304453699389,0.000229987626665606,1.75012809567815,0.00235898147505709,0.00305465118096282,0.00113660211943789
"497",2010-05-01,0.43364677822179,-0.00303428864932578,-0.000520042339730312,72.9988703097716,0.00178979323438377,0.00245737091394593,-0.00227012242327929
"498",2010-06-01,0.418877640077497,-0.00359942671382479,-0.000418970621411607,-0.992204191187005,0.00201362155759544,0.00245134704501759,-0.00227528760469009
"499",2010-07-01,0.299127995784916,-0.00201731687898082,0.00186576595206901,-0.546746167289332,0.00328033571724107,0.00244535263705026,-0.00228047634424888
"500",2010-08-01,0.289819889689027,-0.000267786658649635,0.00145923101278897,-0.99609375,0.00427111255117962,0.00167300845729201,-0.00208128335145741
"501",2010-09-01,0.284155735230506,0.00120805849588263,0.00161264459970222,38.0625,0.00203359339864284,0.00167021417484547,-0.0020856241262287
"502",2010-10-01,0.321064173366267,0.00247064926202865,0.00346976510603324,513.446189477539,0.00543467655381025,0.0016674292109482,-0.0020899830452914
"503",2010-11-01,0.311004308413077,0.00261850024335127,0.00252743749715381,-0.999625541601378,0.00485215484196533,-0.000801470841106267,-0.00406404768591118
"504",2010-12-01,0.305704308413077,0.00203860214087782,0.00400050800101602,-0.78713388955629,0.0036118863897554,-0.000802113711857677,-0.00408063156718574
"505",2011-01-01,0.194637829576169,0.00153375291398274,0.00323255887552163,31080.4723460601,0.00417624926626958,-0.000802757614747684,-0.00409735134844014
"506",2011-02-01,0.178324175850586,0.000568426984223904,0.00320417489116614,-0.864518372470499,0.00331560538546305,0.00238324442255,-0.00224734667969173
"507",2011-03-01,0.190097350053323,-0.00107002288961413,0.00514692036620247,1.70757046435575,0.0076790097515782,0.00237757807286232,-0.00225240862273135
"508",2011-04-01,0.0922250301319697,-0.00276403725467313,0.0046721673590875,-0.151794459566973,0.00351642102270033,0.00237193860365448,-0.00225749342037407
"509",2011-05-01,0.104532450381823,-0.00446205958021665,0.00317162353317981,-0.936796772036105,0.00230458271940748,-9.25955414993185e-05,-0.00474984835625625
"510",2011-06-01,0.0981645614392352,-0.00283504538463389,0,25.9915937316203,0.00233697700716173,-9.2604116221473e-05,-0.00477251708870841
"511",2011-07-01,0.128006086834584,-0.00303950152974249,0.00261319017724438,49.5679012345679,0.00382633874849581,-9.26126925377968e-05,-0.00479540323257999
"512",2011-08-01,0.137754517722998,-0.00198299769943434,0.00314454282504659,-0.986625076249459,0.0021634277686724,0.00386428329129562,-0.000234716428228032
"513",2011-09-01,0.128633488405669,-0.00132789756803063,0.00216684245599021,1.95229708787025,0.0035044763845018,0.00384940808794632,-0.000234771532963696
"514",2011-10-01,-0.0190973582392079,-0.000997368048177117,0.000674751929437669,-0.734936443168447,0.00139689516767394,0.0038346469668975,-0.000234826663579435
"515",2011-11-01,-0.0188993397799506,0.000181197335134918,0.00184444180323904,30.8937115733718,0.000595177204713027,0.00260997588514611,-0.00143555230474846
"516",2011-12-01,-0.0245894540673355,0.00128939141887368,0.000237651998257227,-0.93780174960004,0.00118035224685165,0.00260318164383122,-0.001437616077819
"517",2012-01-01,0.0547241677219248,0.00146939523670214,0.00271679497195424,2.23771675179187,0.00834555615380328,0.00259642268396676,-0.0014396857932657
"518",2012-02-01,0.0560064879261868,0.00118343904869169,0.00213288719347956,-0.927974127479479,0.00841457913294841,0.00143400503766467,-0.00174317465833385
"519",2012-03-01,0.0552902108971671,0.000607240342331747,0.00208909692448211,17.2259924704488,-0.000155201533756366,0.00143195161184595,-0.00174621862238755
"520",2012-04-01,-0.052423164066957,-0.000326698130927078,0.00165803470528443,-0.158266582450839,0.0025475264340109,0.00142990405841847,-0.00174927323588447
"521",2012-05-01,-0.0429109678254573,-0.0020620418609414,-0.00207246636614454,1.22866369766747,-0.00101095658351325,0.000449827364860766,-0.000512137195500029
"522",2012-06-01,-0.0411109678254573,-0.00305335171275806,-0.000827046612171994,-0.528769386174922,-0.00203307623580051,0.000449625111181851,-0.000512399614401526
"523",2012-07-01,-0.0804683930458835,-0.00180578287125919,0.000288726540968557,-0.726030672459861,0.00282287165526274,0.000449423039297958,-0.000512662302364464
"524",2012-08-01,-0.0819683930458835,-0.00019188237922075,0.00577597230316896,9.23100789209937,0.00245053383376459,0.000379577485932092,-0.00329019938867681
"525",2012-09-01,-0.0801096647925097,4.2761680101513e-05,0.00474860939765807,-0.888421098836346,0.00521623758417311,0.000379433461532575,-0.00330106053603108
"526",2012-10-01,-0.013894054055989,-0.00098478934542126,0.00268954143966024,6.60184525557352,0.00346245988337923,0.000379289546387218,-0.00331199362749379
"527",2012-11-01,-0.0165,-0.000580151502478644,-0.00168216943640841,0.0986937670003751,0.00333339339447547,0.0029522502980146,-0.0029866872980977
"528",2012-12-01,-0.0159993397799506,0.00183884788198545,-0.000121096267207526,-0.878026501837513,0.00033223187989373,0.00294356017162078,-0.0029956343210743
"529",2013-01-01,0.040045235035986,0.00337666264270097,0.00197687317365837,5.66043960446765,0.00559220860823118,0.00293492105489657,-0.00300463510912941
"530",2013-02-01,0.0355567519501019,0.00171710637452965,0.00540060187947818,0.547126984117362,0.00328489306244872,0.000411321581772262,-0.000588969077879531
"531",2013-03-01,0.0370181971940868,-0.00149777778846853,-0.002819848287857,-0.900231559188134,-0.00111213922203635,0.000411152465895848,-0.000589316166879073
"532",2013-04-01,0.139034109599371,-0.00233257643560342,-0.00209234804591954,0.676732444389147,-0.0019328232580097,0.000410983489020911,-0.000589663665209961
"533",2013-05-01,0.134594624182586,-0.000300867178797368,0.000413984035740637,1.14430468185684,0.00349831331322403,0.00261138389019688,-0.00179345734528624
"534",2013-06-01,0.132263622539225,0.00240215807266765,0.00237475531846239,-0.329668147314471,0.0021521441402983,0.00260458232587046,-0.00179667961353303
"535",2013-07-01,0.136330974325866,0.00341011835957051,0.00195362816659515,0.329519747830014,0.00247586255856902,0.00259781609997067,-0.00179991348139452
"536",2013-08-01,0.134730974325866,0.00296043948381573,0.00238160509903357,0.214710826713737,0.00287694636486768,0.00266082979442195,-0.00261768231868653
"537",2013-09-01,0.124427113059202,0.00141843830539396,0.000376802658171574,0.598314013653029,0.00332768421424268,0.00265376856794908,-0.00262455256352323
"538",2013-10-01,0.251023109756439,0.00041362290914119,0.000534944729510546,-0.0845172953978358,0.0046538634104285,0.0026467447199976,-0.002631458965898
"539",2013-11-01,0.247022880665674,-0.000316282900135206,0.00184109354976498,-0.770736604966208,0.00593705669101041,-0.000942350621997545,-0.00137952921065854
"540",2013-12-01,0.236260912265232,-0.00144624827062774,0.00263719596624048,1.14892752093,0.00263762665830969,-0.000943239484318403,-0.00138143494051146
"541",2014-01-01,-0.00433423205459675,-0.0019220578593305,0.00241831287613485,1.85766124355769,-0.00123286362965458,-0.000944130025036127,-0.00138334594292877
"542",2014-02-01,-0.00283423205459674,0.000537607596325504,0.00109956823903503,-0.444320994261466,0.00615454158227347,0.00451227110657815,0.000418315210384712
"543",2014-03-01,0.000751830643242024,0.00115268090465031,0.00203789380920905,0.566063407731434,0.00604777744179019,0.00449200197585187,0.000418140295942226
"544",2014-04-01,0.0667068976709838,0.000985332480041936,0.00186071688346836,1.89231792445941,0.00537592854995927,0.00447191412875547,0.00041796552771256
"545",2014-05-01,0.0695104064082937,0.000650493191206316,0.00189939135059394,-0.702378183217241,0.00374131937029665,0.00406977417358045,0.00223101004781068
"546",2014-06-01,0.0665048113427391,0.000479185742136375,0.00131938911862272,-0.0404863917126533,0.00525917163791711,0.00405327824645463,0.00222604372189705
"547",2014-07-01,0.0894346900327441,0.00109436679162845,0.0011242199934315,1.26663949614111,0.00384332117128183,0.0040369155046569,0.00222109945740057
"548",2014-08-01,0.0893096749566675,0.00146264068620153,-0.000160026951907615,-0.722934173222243,0.00683077390138376,0.00187597912559667,-0.000160816250302509
"549",2014-09-01,0.0895346900327441,0.000171520974635774,7.158587989572e-05,0.192518600624999,0.000812456550326246,0.00187246641768368,-0.000160842116328608
"550",2014-10-01,-0.155762208811158,0.00020023294426673,-0.000197953080908044,-0.89252495614791,0.0058248527048741,0.00186896684004001,-0.000160867990673275
"551",2014-11-01,-0.151840369811565,-0.00103693266387492,-0.00188621124722027,2.79291499102128,0.00264594288757247,0.00316384995471641,0.00170937418745187
"552",2014-12-01,-0.154862208811158,-0.00281206901012386,-0.00309415370028611,13.700263722384,0.00122819538264918,0.00315387157826619,0.00170645721353924
"553",2015-01-01,-0.12918653310902,-0.00287604084337256,-0.00641115754407935,-0.936731959850831,-0.00156651471197677,0.00314395594496819,0.00170355017804913
"554",2015-02-01,-0.137703214480237,-0.00227796812244916,0.00252823550407491,0.678385415250163,0.00433335270336443,0.00225537728727421,0.00282955450997879
"555",2015-03-01,-0.135088937497739,-0.00156436438831058,0.00268671390310873,6.34804108981284,0.00450476513229137,0.00225030200723753,0.00282157072181777
"556",2015-04-01,-0.18017281516301,-0.000424931066459726,0.00104139326565692,-0.538331030569372,0.00357942202619976,0.00224524951774119,0.00281363186053785
"557",2015-05-01,-0.185833357668384,0.000642996065204604,0.00328690596242208,-0.694550497470549,0.00559185982634092,0.00120868128406126,0.00150092426075243
"558",2015-06-01,-0.189468031659123,-8.9045857113891e-05,0.00276028057242162,5.32467548965481,0.00336744261894073,0.0012072221372641,0.00149867486329103
"559",2015-07-01,-0.188051262662216,-0.00144062878099853,0.00158380735525169,-0.729792105535923,0.00490012839474074,0.00120576650924176,0.00149643219797446
"560",2015-08-01,-0.186551262662216,-0.00214094145935449,-4.20109816708093e-06,-0.674351399552146,0.00281414512255274,0.00053454127728636,0.00120054165823502
"561",2015-09-01,-0.194653703413885,-0.00232031839818343,-0.00225265054863618,14.4179491262887,0,0.000534255695564756,0.00119910208622809
"562",2015-10-01,-0.187583665811758,-0.00210630579145738,0.0009885039098485,-0.90630654982191,0.000677370190873106,0.000533970418821417,0.00119766596247706
"563",2015-11-01,-0.192523770714776,-0.00169297457524176,0.00119319208291841,0.381328098488796,0.00298163474168578,0.00188804477986904,0.00308163239058024
"564",2015-12-01,-0.195353703413885,-0.0005992059837615,-0.00107671148758627,2.82271079175922,0.00290046037778291,0.00188448678442721,0.00307216510707709
"565",2016-01-01,-0.0244940659359919,0.000950983215136131,-0.000458653829969909,-0.664990410046553,0.00189066205216948,0.001880942173764,0.00306275581552895
"566",2016-02-01,-0.020197361759208,0.00237282538496515,-0.00133144571409299,-0.169536550402952,0.00586118663041724,0.00103972778696804,-0.000532901404957653
"567",2016-03-01,-0.0248835274690865,0.00261941722745176,0.00312499999999999,8.57145236924285,-0.000763158522334217,0.00103864787591035,-0.000533185540281256
"568",2016-04-01,0.00249182500555745,0.00138384437291202,0.00381602731472173,-0.85344754552631,0.00634064456590044,0.00103757020582007,-0.000533469978756917
"569",2016-05-01,0.0049397754505438,0.00119625818627109,0.00235852010168768,-0.329683582746064,0.00369187471342514,0.0018146535143726,0.0015532921859267
"570",2016-06-01,0.0090931070792348,0.000826221985926556,0.00276827268110339,1.19536547440126,0.00637203550696674,0.00181136651177205,0.0015508832111566
"571",2016-07-01,0.0866493357108079,-0.000963399161260712,-0.000503954585778523,-0.467829931483665,0.00134616889723738,0.00180809139556759,0.00154848169689026
"572",2016-08-01,0.087361408608194,-0.00173310277570881,0.00184580847658437,0.744470741851037,0.00326710540713759,0.00209766115593735,0.000870077926922397
"573",2016-09-01,0.0879749138283443,0.000512028397078717,0.00261634656848111,0.0291738718917265,0.00445621688999687,0.00209327018438854,0.000869321549430646
"574",2016-10-01,0.259623109756439,0.00187829031755335,0.00233721214026593,-0.745020646597256,0.00228802779759874,0.00208889755741315,0.000868566485870526
"575",2016-11-01,0.243860912265232,0.00295654278077811,0.00117755943576308,6.879114090783,0.00271615064963182,0.00188556327762202,3.08349133577579e-05
"576",2016-12-01,0.240360912265232,0.00341102729419731,0.00251816499544583,-0.740692738718713,0.00773279414715478,0.00188201461997251,3.08339625949561e-05
"577",2017-01-01,0.243941794562545,0.00303408427084622,0.00403497249815287,-0.474047239329912,0.00491652626742223,0.00187847929447682,3.08330118943267e-05
"578",2017-02-01,0.247029113152252,0.00174151063154542,0.00103332895945417,0.269093577542528,0.00142506591882441,0.00142314667700072,0.00128079761275268
"579",2017-03-01,0.233036782608987,-0.000541788139007292,-0.000434843251314879,-0.0222008006049449,0.00423106484335167,0.00142112420880536,0.00127915926861499
"580",2017-04-01,0.135006086834584,-0.00164991243537011,0.00207963188878067,-0.660007919704924,0.00194748607585349,0.0014191074808152,0.00127752511053214
"581",2017-05-01,0.133634109599371,-2.88246022950028e-05,-0.000839926414251758,0.429099301726146,0.000264706327237629,0.00242944538618262,0.000166507994958653
"582",2017-06-01,0.134734109599371,0.00186712461816701,0.000610110638855452,1.52587236317555,0.00379564030637303,0.00242355748563083,0.000166480274665037
"583",2017-07-01,0.103625030131969,0.00186067974720897,0.000253807106599033,-0.441381249086361,0.001913241286843,0.00241769805541625,0.000166452563596708
"584",2017-08-01,0.0980492162741773,0.00270988257833871,0.0037723537448258,-0.830926866495166,0.0032478028463383,0.00318559108958305,0.00233467903025608
"585",2017-09-01,0.100815179047249,0.00180201849730584,0.00545931673365743,5.06230429615314,0.00917231818352127,0.00317547532368678,0.00232924100013654
"586",2017-10-01,0.0872639745607627,-0.000338239282104398,0.000429746571149503,3.38065968718738,0.00271777469202261,0.0031654235991585,0.00232382824411625
"587",2017-11-01,0.0820898527925662,-0.000339340515383322,0.00291456798906925,0.81985424198513,0.00667974969452367,0.00310559716662251,0.00120374746526486
"588",2017-12-01,0.0842240376448016,0.000617139724968658,0.00144508670520232,-0.896591461059074,0.00715037112780181,0.00309598229278629,0.00120230019944745
"589",2018-01-01,0.196953650332533,0.000523210442925727,0.00396026069370907,-0.371667457913789,0.00186985515926641,0.0030864267701578,0.00120085640954981
"590",2018-02-01,0.188394444443923,0.000251196136899018,0.00232250300842361,0.577867597437117,0.00159661721284587,0.00222876003825689,0.00238426857100227
"591",2018-03-01,0.190031910032607,-0.00124867217621082,0.000869680222189207,-0.653480188346287,0.00534268910499036,0.00222380371340747,0.00237859735608326
"592",2018-04-01,0.242529113152252,-0.00131549708901828,0.00302866846468888,0.64217786015017,0.00463371899390386,0.0022188693834333,0.00237295305621754
"593",2018-05-01,0.235460912265232,0.000471855031919407,0.00203759380507682,5.80932040194671,0.0056140907190938,0.0017506520228141,0.0020839162587083
"594",2018-06-01,0.233186453651261,0.00116544485582304,0.0014572848314964,-0.997736244996343,0.00260862710248899,0.00174759259630042,0.00207958258275265
"595",2018-07-01,0.261904443084277,0.000626699157799043,0.000767868865503638,68.4995590807235,0.00416008463127482,0.00174454384439926,0.00207526689386883
"596",2018-08-01,0.255852035125343,0.0010414421118635,0.0015492482173715,0.832053235960153,0.00383676316707371,0.00109440476498035,-0.000745203981113773
"597",2018-09-01,0.250229813100515,-0.000920228776361772,0.00177648770932211,-0.490497090465079,0.00043255662237085,0.00109320835255522,-0.000745759724229189
"598",2018-10-01,0.0327159387145588,-0.00218612472364878,0.00283116975551508,1.11507071687767,0.00606026239872981,0.0010920145531248,-0.000746316296864946
"599",2018-11-01,0.0317461808463811,-0.00224546305624445,-0.000304562102981537,2.16049382716049,0.00393833927489484,0.00241707519833056,0.00204351228571142
"600",2018-12-01,0.0333778118644982,-0.00331332628370287,-0.00130300641997999,-0.769492351397819,-0.00834403531302419,0.0024112470329356,0.00203934485943624
"601",2019-01-01,0.0307810244306211,-0.00159615728862102,-0.000205988726078539,0.101655894984013,0.00657429161830914,0.00240544690621469,0.00203519439620936
"602",2019-02-01,0.038687086851492,-0.00174239458213919,0.0020872122671157,-0.0511619666167572,0.000871784416150545,0.00123572055611443,0.00411283675614738
"603",2019-03-01,0.0372461808463811,-0.00139566157750657,0.00463511274970783,-0.554064315151307,0.00940566587759295,0.00123419543543934,0.00409599061539145
"604",2019-04-01,-0.00103423205459675,-0.00234889899734307,0.00461762609369982,2.29901567362774,0.00509394572025057,0.00123267407472794,0.00407928191495022
"605",2019-05-01,0.00272179419659337,-0.00216297555849644,0.000176214213830137,-0.192331120384,0.00344798936523749,0.00212304915668549,0.00176289087438852
"606",2019-06-01,0.00356576794540324,-0.00195292967565508,0.000203583858932016,0.105176674728866,0.00433312633685223,0.00211855136799532,0.00175978855919645
"607",2019-07-01,-0.0868958846718163,-0.0023435730884622,0.00196151216176617,1.77028905552411,0.00385413374737231,0.00211407259660357,0.00175669714366133
"608",2019-08-01,-0.0825958846718163,-0.00295584045224565,0.000753558906441498,-0.952960657523666,0.00266905741210932,0.00195410616712355,0.0019837950718069
"609",2019-09-01,-0.0877933970927162,-0.00224327551002546,0.00161383375173462,2.59230172257852,0.0015220907930571,0.00195029508348377,0.00197986742057821
"610",2019-10-01,0.201331910032607,-0.000716370016654965,0.00332184609168302,-0.123212816279489,0.00376877572717604,0.00194649883636777,0.00197595529107297
"611",2019-11-01,0.191730406509081,0.000234111918250192,0.00233343282077908,-0.908408180163646,0.00164986251145738,-0.00420884868405502,0.00103841444291763
"612",2019-12-01,0.191230406509081,0.00113293814962466,0.000828805242386799,169.240498482006,0.00294859280950055,-0.0042266379636865,0.00103733725693078
"613",2020-01-01,-0.511683766169196,0.00179263828458951,0.00187098694561395,-0.989059376849835,0.00569061184214981,-0.00424457825929692,0.00103626230343568
"614",2020-02-01,-0.529885906130728,-0.00124680190612458,0.000529317219423239,10.362939842816,-0.000208326333120512,-0.0299537225623341,0.00207844401159596
"615",2020-03-01,-0.545975237877818,-0.00443334149680101,-0.00323657210191146,0.622065162081176,-0.0671421081640609,-0.0308786531725633,0.00207413304219539
"616",2020-04-01,-0.46075406967721,-0.00483640877653743,-0.00701427054708956,150.724766069035,-0.127276002449833,-0.0318625250322304,0.00206983991883058
"617",2020-05-01,-0.474473968623472,0.00257387074129582,-0.000976783802580272,-0.996985169634411,0.0869626241527068,0.0249291369713101,-0.00410926128881728
"618",2020-06-01,-0.496867406679316,0.00917509326981754,0.00520829284598213,2.38901083460665,0.0645024078265757,0.0243227907882317,-0.00412621699257421
"619",2020-07-01,-0.0474008586333416,0.00788432694038364,0.0051120632318139,-0.811205843064161,0.0149915088550512,0.0237452402767635,-0.00414331320191341
"620",2020-08-01,-0.0430722485316354,0.00512033839796186,0.00349503489254805,-0.52679597744279,0.0121267935351888,0.00354734809447943,-0.000685660999145576
"621",2020-09-01,-0.0503075114358718,0.00304084310499228,0.00245244071666612,4.87640988474453,0.012884449754119,0.00353480889687496,-0.000686131452719896
"622",2020-10-01,-0.161491573561265,0.00289063643447968,0.00120171080618281,-0.999999989333557,0.00304470365570153,0.00352235803436241,-0.000686602552326665
"623",2020-11-01,-0.163320902152441,0.00149795647927883,0.00178210763930153,14586593.1776,-0.00644693753375591,0.00517793591213156,0.00467630156859555
"624",2020-12-01,-0.17007281516301,0.00191886937496301,0.00242009481572098,0.0799615597855692,-0.00562176593636454,0.0051512630024384,0.00465453555667072
"625",2021-01-01,-0.00959933977995061,0.00151446714669082,0.0025588126499155,-0.99946083370612,0.0325234757215713,0.00512486348279229,0.00463297122735984
"626",2021-02-01,-0.014997361759208,0.00271549786744607,0.00353395829929209,21464.4293712098,-0.00985852249499031,0,0
"627",2021-03-01,-0.0136973582392079,0.00225894545337043,0.00616330492120261,-0.191086905289572,0.0501759848382293,0,0
