year,quarter,con_dis,dv_con_dis,bus_conf,bus_conf_ch,con_cred,con_cred_ch,cpi_ch,con_exp_ch,ppi_ch,vix,vix_ch,inv,inv_ch,ppe,ppe_ch,cad_usd,cad_usd_ch,cny_usd,cny_usd_ch,inr_usd,jpy_usd,usd_aud,usd_euro,usd_euro_ch,usd_gbp,wages,wages_ch,employee,unemploy,unemploy_ch,sp500,sp500_ch,gdp,real_gdp,gdp_p_deflat,gnp,gov_con_exp,gov_tot_exp,sh_gdp_con_exp,sh_gdp_pr_dom_inv,sh_gdp_gov_exp,sh_gdp_export,exp_p_idx,exp_p_idx_ch,imp_p_idx,imp_p_idx_ch,order_cap_good_nondef,order_cap_good_nondef_ch,order_dur,order_dur_ch,order_dur_excl_trans,order_dur_excl_trans_ch,ship_dur,ship_dur_ch,ship_con_dur,ship_con_dur_ch,ship_con_dur_excl_def,ship_con_dur_excl_def_ch,ship_con_dur_excl_trans,ship_con_dur_excl_trans_ch,yr_qtr
1999,1,NA,NA,NA,NA,NA,NA,NA,NA,NA,NA,NA,NA,NA,NA,NA,1.5115666666666667,-0.020773149271175517,8.278733333333333,1.0468590203014333e-4,0.0014060332463378625,-0.025692024242812698,0.01666053502916899,1.1226666666666667,NA,-0.026047726947965772,NA,NA,NA,4.3,-0.031007751937984593,1260.4926229508196,0.11016771472706798,NA,NA,NA,NA,NA,NA,NA,NA,NA,NA,98.23333333333333,-0.0027146250424160065,91.33333333333333,-0.004014598540146069,58464.333333333336,5.35939290621674e-4,185587.33333333334,0.031271889963754816,128921.66666666667,0.00651299884943057,191940,0.006818102879371976,34699.333333333336,0.053555303656170214,184968.33333333334,0.007976140060010324,135184.66666666666,8.087702254198992e-4,1999-01-01
1999,2,NA,NA,NA,NA,NA,NA,NA,NA,NA,NA,NA,NA,NA,NA,NA,1.4729,-0.026252065087016514,8.278566666666666,-2.013230953831022e-5,0.009897686401254054,0.0360414713198451,0.029779205547906737,1.0569333333333333,-0.06219250662293436,-0.01647542174174671,NA,NA,NA,4.266666666666667,-0.007812499999999972,1329.6436507936507,0.052007188393338004,NA,NA,NA,NA,NA,NA,NA,NA,NA,NA,98.16666666666667,-6.79117147707941e-4,92.8,0.015804597701149448,59262.666666666664,0.013471100411726245,183848.66666666666,-0.009457053446131526,130579,0.012692188892037222,193253.66666666666,0.006797628678024171,34497.666666666664,-0.0058458059965409695,186646,0.00898849515482066,136885.66666666666,0.012426428868861363,1999-04-01
1999,3,NA,NA,NA,NA,NA,NA,NA,NA,NA,NA,NA,NA,NA,NA,NA,1.4864333333333335,0.009104567981521806,8.2774,-1.4094602975165101e-4,0.01218399791503769,-0.0679481192873399,-0.0055376095985232065,1.0490666666666666,-0.007498729028978161,-0.0028508406858665913,NA,NA,NA,4.233333333333333,-0.007874015748031468,1341.98671875,0.009197608131208757,NA,NA,NA,NA,NA,NA,NA,NA,NA,NA,98.33333333333333,0.0016949152542371918,94.8,0.02109704641350211,62345.666666666664,0.04945010880200174,189135.66666666666,0.027953479601062377,134633,0.03011148826810663,194465.66666666666,0.006232462628364562,34124.666666666664,-0.010930509699728447,187832.33333333334,0.006315916499999164,138540,0.011941196285068161,1999-07-01
1999,4,NA,NA,NA,NA,NA,NA,NA,NA,NA,NA,NA,NA,NA,NA,NA,1.4724,-0.009530924567599542,8.278366666666667,1.1677021634703894e-4,5.875832249969513e-4,-0.08376399834226168,-0.01015175842958504,1.0381333333333334,-0.010531723606473066,0.01744055286348128,NA,NA,NA,4.066666666666666,-0.04098360655737712,1374.09859375,0.02336941115146968,NA,NA,NA,NA,NA,NA,NA,NA,NA,NA,98.93333333333334,0.006064690026954264,96.7,0.0196483971044468,62917,0.009080746592071073,192496,0.017456639791649402,136969,0.01705495404069534,196235.66666666666,0.009019767048803565,34105,-5.766505399989515e-4,189388.66666666666,0.00821766877989873,139928,0.00991938711337259,1999-10-01
2000,1,NA,NA,NA,NA,NA,NA,NA,NA,NA,NA,NA,NA,NA,NA,NA,1.4535333333333333,-0.012979865156171114,8.278633333333334,3.221143586501443e-5,0.0026520112040024795,0.024281298063907532,-0.019807732938939466,0.9869333333333333,-0.0518778708457174,-0.014646391303445888,NA,NA,NA,4.033333333333333,-0.008264462809917326,1420.0014285714285,0.032325907494056824,NA,NA,NA,NA,NA,NA,NA,NA,NA,NA,99.6,0.006693440428380093,99.13333333333334,0.024546065904505754,62038,-0.01416873529127309,192467,-1.5067518068032442e-4,137293,0.002359916383209632,197499,0.006396656860709892,33968,-0.004033207724917569,191202.33333333334,0.009485588564993206,142225.33333333334,0.016152771658120044,2000-01-01
2000,2,NA,NA,NA,NA,NA,NA,NA,NA,NA,NA,NA,NA,NA,NA,NA,1.4805333333333335,0.018236671469740725,8.2782,-5.234632327480704e-5,0.012370105590732174,-0.002870907574209569,-0.07002769456847341,0.9337666666666666,-0.05693785028379684,-0.04777741549831535,NA,NA,NA,3.933333333333333,-0.025423728813559344,1446.5936507936508,0.018382648235482635,NA,NA,NA,NA,NA,NA,NA,NA,NA,NA,100.1,0.004995004995004995,99.16666666666667,3.361344537814935e-4,65486.333333333336,0.05265729745137666,201131.66666666666,0.04307957473959839,140908,0.02565503732932126,200036.66666666666,0.01268600756527965,33372.666666666664,-0.017838950038954107,193615,0.012461155730013981,145011.66666666666,0.019214545956072367,2000-04-01
2000,3,NA,NA,NA,NA,NA,NA,NA,NA,NA,NA,NA,NA,NA,NA,NA,1.4823333333333333,0.0012143017764783912,8.279166666666667,1.1675893306493595e-4,0.02969822195798431,0.009458749343142395,-0.028722600151171514,0.9042,-0.03269925532699251,-0.03846414302160235,NA,NA,NA,4,0.01666666666666672,1475.9788888888888,0.01990898265310497,NA,NA,NA,NA,NA,NA,NA,NA,NA,NA,100.06666666666666,-3.331112591605407e-4,100.73333333333333,0.015552614162806051,65024.333333333336,-0.007105032475022171,192647.33333333334,-0.04404075149409446,139354.66666666666,-0.011146618699529329,197743,-0.011599230651232443,31778.666666666668,-0.050159436099689404,191554.66666666666,-0.010755850375175806,145559.33333333334,0.003762497767233655,2000-07-01
2000,4,NA,NA,NA,NA,NA,NA,NA,NA,NA,NA,NA,NA,NA,NA,NA,1.5256666666666667,0.02840288398514318,8.277666666666667,-1.8121048604679944e-4,0.02466523507992151,0.01981427003586107,-0.07736156351791534,0.8686666666666667,-0.040905602455871035,-0.02092503399165764,NA,NA,NA,3.9,-0.025641025641025664,1366.3103174603175,-0.08026622504938853,NA,NA,NA,NA,NA,NA,NA,NA,NA,NA,100.23333333333333,0.001662786830728348,100.96666666666667,0.0023109937273027496,62901,-0.03375675002517187,188069.66666666666,-0.02434027106976326,136210.66666666666,-0.023081892754360893,194743,-0.015404918276908541,31045.333333333332,-0.023621370898471133,188256.66666666666,-0.017518635904881633,144456.66666666666,-0.007633200267669793,2000-10-01
2001,1,NA,NA,97.35436,NA,1746959.04,NA,NA,NA,NA,25.996774193548386,NA,NA,NA,NA,NA,1.5278333333333334,0.001418130249809087,8.2774,-3.221623537181208e-5,-0.001448201583939249,0.06983199712423944,-0.002700835374662307,0.9221333333333334,0.0579814921920185,0.008046633901017286,720,NA,NA,4.233333333333333,0.078740157480315,1273.3253225806452,-0.07302532450326192,NA,NA,NA,NA,NA,NA,NA,NA,NA,NA,100.16666666666667,-6.655574043260853e-4,99.56666666666666,-0.014060930699698751,59883.666666666664,-0.050386582874573524,179847,-0.04572034377368906,129516.33333333333,-0.05168717459059214,189298.66666666666,-0.028760547705918037,30206.333333333332,-0.02777563204184553,182852.33333333334,-0.029555725293816212,140115,-0.03098645160522897,2001-01-01
2001,2,NA,NA,97.61362,0.0026559818189305713,1774685.1533333333,0.015623116743415714,NA,NA,0.7024955146,24.21952380952381,-0.07338089708129233,56.16,NA,234.64,NA,1.5411333333333332,0.008630012544880305,8.277033333333334,-4.4299285976022516e-5,0.006746068108508201,0.036640280170550904,-0.03416693731731095,0.8735999999999999,-0.05555555555555567,-0.026083081181244513,668,-0.07784431137724551,0.016916591213988044,4.4,0.03787878787878794,1234.2511111111112,-0.031658234793370536,NA,NA,NA,NA,NA,NA,NA,NA,NA,NA,99.63333333333334,-0.005352960856473718,97.8,-0.018064076346284926,55622.666666666664,-0.07660546060359087,175316.33333333334,-0.025842809854187326,124032,-0.044217083763329855,183421,-0.032044676818175986,30779.666666666668,0.018627015670518495,176621,-0.035280817871789556,132875,-0.054487300094073376,2001-04-01
2001,3,NA,NA,98.23552666666667,0.006330771440529168,1802360.1366666667,0.015354857650433977,0.00131430717,0.017,0.6943402381,25.523898305084746,0.05110404688068689,59.07,0.0492635855764348,236.89,0.009498079277301702,1.5462,0.003276850773940483,8.2769,-1.6109090762750164e-5,0.009271216511126047,-0.009365205137885309,-0.0015613818229133231,0.8914333333333333,0.02000523501477026,0.012164604476574496,664,-0.006024096385542169,-0.0013117169912811159,4.833333333333333,0.08965517241379298,1153.7071186440678,-0.0698132057655199,NA,NA,NA,NA,NA,NA,NA,NA,NA,NA,98.93333333333334,-0.007075471698113236,96,-0.01874999999999997,52780,-0.053858784893267606,168245.33333333334,-0.0420279116211247,120743,-0.02723967434965174,177635.66666666666,-0.03256853447224381,30453.666666666668,-0.010704786506277295,170467.66666666666,-0.03609677690588446,127630,-0.041095353756953695,2001-07-01
2001,4,6.21,0.33692841806405144,98.11718666666667,-0.001206108776865359,1862474.1600000001,0.03227643347993264,-0.00281267579,0.017,0.6773772631,28.33859375,0.09932375155048952,50.74,-0.16417027985810007,215.02,-0.10171146870058588,1.5809,0.021949522423935705,8.2767,-2.416422003933136e-5,0.01342230621771042,0.018782426661095714,-0.001694362984685596,0.8948333333333334,0.003799590240268284,0.0025883984284722516,730,0.09041095890410959,-0.01269693572964766,5.5,0.12121212121212127,1115.36765625,-0.03437383375717537,0.006003586767869629,0.002716315262439028,-0.23076923076923078,0.011858001727310894,0.019720500324299207,0.016758834480043092,0.00891530460624063,-0.0574712643678161,0.01604278074866314,-0.06060606060606066,97.89999999999999,-0.010554988083078098,92.46666666666667,-0.0382119682768565,50787,-0.03924232579203339,166881.66666666666,-0.008171458818124736,116892,-0.03294494062895664,174270,-0.019312943516765116,30960.333333333332,0.016365026216341262,166884.66666666666,-0.021469917348108675,123672.33333333333,-0.03200122905419432,2001-10-01
2002,1,6,-0.1870199993750001,99.72272000000001,0.01609997534496994,1882444.7433333334,0.01060885500307988,0.00357277172,0.015,0.6746044691,21.596833333333333,-0.31216430263696077,54.42,0.06762219772142594,245.4,0.12379788101059493,1.5946,0.008591496300012571,8.277033333333334,4.027207816009851e-5,0.012396733883354473,0.06525957448521835,0.013437057991513457,0.8768333333333334,-0.02052841665082686,-0.011477594146660728,719,-0.015299026425591099,-0.02868534881834714,5.7,0.03508771929824565,1132.2148333333334,0.014879841340475986,0.011924976587160593,0.008669327660024238,0,0.008340122885511912,0.02303052655636778,0.020867356817628902,-0.0074850299401197605,0.016949152542372923,0.010582010582010545,0.0571428571428572,97.46666666666667,-0.004445964432284435,92,-0.0050724637681159625,48478.666666666664,-0.047615445969361146,167861,0.005834192178846445,114671.66666666667,-0.019362527796753005,174751,0.0027524878255346177,31135,0.005609978052566818,167434,0.0032808947605226122,123355,-0.0025725210436004092,2002-01-01
2002,2,6.73,0.4611152882727305,100.37006666666667,0.006449598851184687,1906602.2233333334,0.012670435240427443,0.01086752857,0.016,0.6816180069000001,21.7259375,0.005942397959428351,55.76,0.02403156384505015,244.36,-0.004256015714519529,1.5545,-0.025796075908652315,8.276966666666667,-8.054480506196321e-6,0.007503773664517642,-0.044552939472549104,0.05915799661263018,0.9197,0.04660940161646908,0.024735546233813615,677,-0.0620384047267356,0.02214657488331338,5.833333333333333,0.022857142857142777,1070.14984375,-0.05799654127486154,0.009570643429432766,0.006020855084584269,0.07142857142857134,0.007819725196385827,0.016662205599724127,0.013308411656727004,0.002985074626865714,0,0.005263157894736917,0.07894736842105259,98,0.00544217687074828,94.26666666666667,0.024045261669024036,49830.333333333336,0.027125378785345034,169925.33333333334,0.012148473054831983,118673,0.033717301604689595,179250.66666666666,0.025102649548490702,33430,0.0686509123541729,171902.33333333334,0.025993442012615747,125491.66666666667,0.017026362972308955,2002-04-01
2002,3,6.12,-0.3792465396667334,99.59424666666666,-0.007789807403198828,1942253.4433333334,0.01835559623918836,0.00426320667,0.019,0.6837383787,35.3734375,0.38581209417377094,56.19,0.007652607225484957,237.11,-0.030576525663194295,1.5637,0.0058834814862186455,8.276833333333332,-1.6109220515197863e-5,-0.00736433364503678,-0.06276367447756763,-0.007066276803118942,0.9840666666666666,0.06540884763904886,0.05660701995870619,675,-0.002962962962962963,0.00498484887793891,5.733333333333333,-0.017441860465116216,895.490625,-0.19504304553718796,0.008992316356610713,0.004426036440048485,0.2631578947368421,0.010180425122867159,0.012824504673324298,0.011835504065465552,0.0029761904761905185,-0.0056818181818180605,0.005235602094240912,0.025641025641025664,98.53333333333333,0.005412719891745583,94.93333333333334,0.007022471910112409,49577.333333333336,-0.005103138531049135,172748.66666666666,0.016343589723799012,116832.33333333333,-0.015754771082206166,178784.33333333334,-0.0026083568097874754,34067.333333333336,0.01870804876616903,171352.33333333334,-0.003209760785282566,124372.33333333333,-0.008999857953403434,2002-07-01
2002,4,6.74,0.38360856817636346,99.45676333333333,-0.0013823427258793323,1976066.94,0.017111513776282592,0.00313768918,0.017,0.6876529114000001,31.059375,-0.13889727336754207,52.57,-0.06886056686322993,225.99,-0.04920571706712688,1.5695666666666666,0.003737762014993394,8.277366666666667,6.443273021633904e-5,-0.007196370742216369,0.02568993368416894,0.019296254256526736,1.0006333333333335,0.016556181085312805,0.013849710492269218,740,0.08783783783783784,-0.0044905733580594236,5.866666666666667,0.022727272727272797,886.52828125,-0.010109484310374402,0.007172674469489738,0.001545833065369204,0.17391304347826084,0.008516049644043037,0.019404789082337677,0.023543481418435108,0.004444444444444402,-0.005714285714285796,0.010362694300518097,0.09302325581395347,98.7,0.0016886187098953537,95.1,0.0017525411847177414,49156.666666666664,-0.008557672746999489,167706.33333333334,-0.03006644551289047,116446,-0.003317703771132787,176075,-0.015387382270812683,33611.666666666664,-0.01355680071403793,168510,-0.0168674460467233,123095.66666666667,-0.010371337198439076,2002-10-01
2003,1,6.26,-0.31150150247630215,99.14975333333334,-0.0030964272696458327,1994030.6066666667,0.00900872163476759,0.01011959522,0.017,0.7049420974999999,30.346065573770492,-0.023505828935071364,54.66,0.038236370289059574,239.87,0.05786467669987908,1.5098666666666667,-0.03953991522430227,8.2776,2.818852485408783e-5,-0.010055711627465859,-0.029621820303481955,0.05960674157303369,1.0734666666666668,0.06784871444541048,0.019343164375298934,728,-0.016483516483516484,-0.02859936386613955,5.866666666666667,0,860.7603278688524,-0.029936269768550045,0.010018681975162163,0.005517060597306018,-0.2777777777777776,0.008584658564817427,0.013976965143898932,0.017143233764747124,0.0014792899408283184,0,0.005154639175257623,0.04444444444444448,99.36666666666667,0.006709158000670963,98.16666666666667,0.03123938879456717,49927,0.015429193288868463,172117.33333333334,0.025627866261774913,116877.66666666667,0.003693320366308974,176919,0.004770544712552072,34488,0.025409804376401526,168916,0.0024035615335432996,122323.33333333333,-0.006313867618606505,2003-01-01
2003,2,7.62,0.893392289786679,99.02052333333333,-0.0013050829833021502,2014736.09,0.010277020119956948,0.0036429872499999997,0.013999999999999999,0.7054314141,21.768730158730158,-0.39402093518994125,56.37,0.03033528472591806,245.27,0.022016553186284524,1.3982333333333332,-0.07983884425584677,8.277066666666666,-6.443506556267211e-5,-0.015444715454063753,-0.0035045772951649264,0.07388137356919876,1.1364,0.05537956118737529,0.0101498805896401,691,-0.053545586107091175,0.020187432188270817,6.133333333333333,0.043478260869565064,937.9946031746032,0.08233978643838101,0.011435466227638897,0.008529224684095381,-0.5000000000000001,0.012457301122166805,0.012305488934607933,0.015518271330825771,0,-0.0057471264367816915,0,-0.022727272727272645,99.6,0.0023427041499329325,95.83333333333333,-0.024347826086956622,49996.333333333336,0.001386768363013336,171465.33333333334,-0.003802517904493814,116348.33333333333,-0.004549556647423768,175703.33333333334,-0.006918859441103319,33961,-0.015517799829215865,167530.33333333334,-0.00827113895792,122319.66666666667,-2.9976100872225224e-5,2003-04-01
2003,3,7.66,-0.018548089768229664,100.20318666666667,0.011802651918322268,2045775.83,0.015172600802503365,0.00490018149,0.013000000000000001,0.7134235850999999,19.50484375,-0.116067907938517,58.65,0.03887468030690539,245.41,5.70473900818982e-4,1.3806,-0.012772224636631295,8.277166666666666,1.2081428830288176e-5,-0.023025248075674704,-0.009750728578596587,0.027327935222671924,1.1262333333333334,-0.009027140616213328,-0.005319259029286936,696,0.007183908045977011,0.006629443983820666,6.133333333333333,0,1000.3790625,0.062360820676809044,0.021997391618425826,0.016698518484672954,0.4545454545454546,0.021811664891118635,0.009808608993648426,0.007974928047917289,-0.0014814814814813973,0.016949152542372923,-0.01041666666666663,-0.023255813953488497,99.53333333333333,-6.697923643670081e-4,96.53333333333333,0.0072513812154696424,50608.666666666664,0.012099376918314291,175018,0.020298864497746844,119826,0.02902263838120835,179241.33333333334,0.01973875073457759,35743.333333333336,0.049864776648326094,170693.33333333334,0.01853030776441181,124077.66666666667,0.014168544970488913,2003-07-01
2003,4,9.09,0.7512379875941193,101.6005,0.013753016307334408,2081694.0666666667,0.017254330135158147,1.8060321000000002e-4,0.013999999999999999,0.7192953841,17.64046875,-0.10568738429924086,58.89,0.004075394803871659,248.72,0.01330813766484401,1.3159666666666667,-0.04911471921781199,8.2769,-3.221818152528571e-5,-0.010915381803986006,-0.07888000098035906,0.08080197236823751,1.1907333333333334,0.05416829964727619,0.05643980080070308,770,0.09610389610389611,2.654569171282994e-4,5.833333333333333,-0.0514285714285714,1056.453125,0.05307766257968139,0.01715900087303598,0.011351338168036884,0.08333333333333323,0.01923824262339786,0.01359869333174641,0.009179855134284336,-0.005961251862891292,0.022099447513812272,-0.005235602094240726,-0,100.43333333333334,0.008961168270826474,96.86666666666666,0.003441156228492725,52243.666666666664,0.03129565944197383,182300.66666666666,0.039948656249199986,125048.66666666667,0.041765072798323886,182293,0.01674044898414452,35425,-0.008986120912726487,173995.66666666666,0.0189793998701116,126798,0.02145407130501529,2003-10-01
2004,1,8.86,-0.1384636598599314,102.24016666666667,0.0062565104060537564,2099723.2066666665,0.008586436508753624,0.00902853016,0.017,0.7251671832,16.731774193548386,-0.05430951589114789,60.95,0.03379819524200168,254.56,0.022941546197360163,1.3181,0.0016184912626760644,8.277066666666666,2.0135957988361862e-5,-0.006147479069315021,-0.015300220440875555,0.06465648522821214,1.2513,0.048402994219345206,0.07218829839279557,758,-0.0158311345646438,-0.02197514791921663,5.7,-0.02339181286549699,1132.6717741935483,0.06729102899011967,0.012658713144083799,0.005309135753958552,0.20000000000000004,0.01408099030116554,0.01552197357801967,0.01986748262800564,0.00297176820208028,0,0.005208333333333223,0.0652173913043478,102.23333333333333,0.017606781871535675,99.53333333333333,0.026791694574681897,52131.666666666664,-0.002148406278973113,183742.33333333334,0.007846132355635806,126227.66666666667,0.009340266132886873,184053.66666666666,0.009566050481652945,35814,0.010861674205617915,174963.33333333334,0.005530682619215565,127392.33333333333,0.004665377560659029,2004-01-01
2004,2,9.13,0.07744288012272052,102.15796666666667,-8.046362186143773e-4,2108451.986666667,0.004139899819962193,0.01431639227,0.02,0.7419670527,16.284285714285716,-0.027479773268169944,59.18,-0.029908752957080148,251.39,-0.012609889017065182,1.3595666666666666,0.030499914188344236,8.2769,-2.0136363453330398e-5,-0.008381511481013522,0.02366909009189578,-0.0730192819459359,1.2045,-0.03885429638854311,-0.018811150083071704,712,-0.06460674157303371,0.02744072017980937,5.6,-0.017857142857142953,1123.1964516129033,-0.008436033222005434,0.015593211884693519,0.007563126839602295,0.09090909090909086,0.013415092824910161,0.0146721932214984,0.007517718632362921,-0.0014880952380951534,0.03208556149732609,0,0.08000000000000007,103.73333333333333,0.014460154241645245,101.33333333333334,0.017763157894736953,52561,0.008168287006208705,184489,0.004047215100448574,128432,0.01716342759852162,186146.66666666666,0.011243822075782537,34434.666666666664,-0.04005653217687609,177543.66666666666,0.014533513821012938,131551,0.031612581178909104,2004-04-01
2004,3,8.52,-0.2984705831200053,101.49656666666667,-0.006516476583608579,2144618.4266666668,0.016863811086530973,0.00352858151,0.02,0.7434350023999999,15.67546875,-0.03883883627312359,64.63,0.08432616431997518,254.13,0.01078188328808094,1.3077666666666667,-0.03960951240027516,8.276733333333333,-2.0136768934628442e-5,0.02790168493670203,0.0015951506933796103,-0.005586854460093907,1.2227,0.014885090373762979,0.007475539594708521,724,0.016574585635359115,0.009575587547153474,5.433333333333334,-0.03067484662576676,1103.90828125,-0.017472620407433147,0.01579676738186549,0.009364752840376536,-0.2692307692307691,0.016505885998171946,0.015169140412548293,0.01682815129630161,0,0.005319148936170288,0,0.03846153846153849,103.7,-3.2144005143038993e-4,103.26666666666667,0.018721755971594478,53958.666666666664,0.02590254268699494,186335.66666666666,0.009910430459725856,130250.66666666667,0.013962820407829044,188357,0.011734808546182744,33288.666666666664,-0.03442613101556086,179648.33333333334,0.011715481171548225,134954.66666666666,0.025220814890926264,2004-07-01
2004,4,9.4,0.3880116686316182,100.966,-0.005254904291213601,2197803.0166666666,0.024198979433863513,0.0059774964799999995,0.021,0.7582776056,13.69046875,-0.1449913831474908,63.8,-0.013009404388714707,250.98,-0.012550800860626368,1.2208666666666668,-0.07117894391961992,8.2765,-2.819227129006191e-5,-0.02835865245329274,-0.03945628786524996,0.062334918119387246,1.297,0.05728604471858137,0.02487046632124352,816,0.11274509803921569,0.0023548647977210163,5.433333333333334,0,1162.6521875,0.05052577794251129,0.0174954132286677,0.009917401078558081,0.16129032258064516,0.015309271417255936,0.01360607414921241,0.011288351167754503,0.0014858841010400344,0.01570680628272255,-0.005235602094240726,0.054545454545454515,104.63333333333334,0.008920038228735301,105.1,0.017443704408499797,55299,0.02423793076426944,190436.66666666666,0.021534718454079223,134427,0.031067667457678357,193279,0.02546577745124923,34962.666666666664,0.04787964304782244,184642.66666666666,0.027048641700726343,138635,0.0265469277839892,2004-10-01
2005,1,8.05,-0.565138740771015,100.57903333333333,-0.0038473890018827584,2211290.35,0.006099304568182775,0.00629150647,0.022000000000000002,0.7634969825,12.88032786885246,-0.0628975356370116,65.82,0.0306897599513825,263.33,0.046899327839592886,1.2269666666666668,0.004971610204026184,8.2765,0,-0.029348455270005666,-0.011971059467786444,0.026234567901234674,1.3107,0.010452429999237085,0.013066248170548894,777,-0.05019305019305019,-0.021231965762749813,5.3,-0.025157232704402593,1191.9478688524591,0.024577988784579386,0.018721549317285507,0.0109484401217959,0.03125000000000003,0.021139129212082056,0.015343410640301156,0.02374609052742634,-0.0074850299401197605,0.02051282051282044,-0.005263157894736917,-0.03773584905660381,105.9,0.011960969468051611,105.96666666666667,0.008178672538534201,57346.666666666664,0.03570681236921642,192652.66666666666,0.011502565930396327,137759.66666666666,0.02419188974034483,197378.66666666666,0.020770566221273445,34272.666666666664,-0.020132661596218564,188630,0.02113838378483456,142079.66666666666,0.0242446139372511,2005-01-01
2005,2,8.64,0.2630223318308872,100.08782666666666,-0.004907756347858258,2223392.92,0.005443288899201781,0.01337269885,0.021,0.7760561083,13.44578125,0.04205433441418958,66.91,0.01629053953071295,262.66,-0.0025508261631004303,1.2438666666666667,0.013586665237431596,8.2765,0,-0.0015393345939028603,0.02789391457643689,-0.01127102479625461,1.2598333333333334,-0.0403757110728932,-0.018205648419124938,740,-0.05,0.02815831856839824,5.1,-0.03921568627450984,1181.9734375,-0.008438794845978996,0.011517021427229272,0.004594407114605759,-0.142857142857143,0.010511017808511406,0.010601290141623641,0.010445232055726858,0.005952380952381037,-0.015625000000000038,0,0.018518518518518615,106.76666666666667,0.008117389946924696,108.63333333333334,0.02454740718011664,58048.666666666664,0.012093301023279318,203830,0.05483654679553227,138621,0.006213584762289574,200284.33333333334,0.014507708208164155,34931.333333333336,0.018856041376414816,191135,0.01310591989954744,142654.66666666666,0.004030712863698816,2005-04-01
2005,3,8.6,-0.06187525328324207,100.60783333333333,0.005168649889753524,2263918.203333333,0.017900506861804836,0.01216795201,0.021,0.7935083999,12.32078125,-0.09130914486449469,71.16,0.059724564362001124,266.6,0.014778694673668408,1.2016333333333333,-0.03514660600848846,8.14,-0.01676904176904175,0.0019437408182514482,0.03374096387346875,-0.012242748694545728,1.219,-0.03349740224227504,-0.040773614874334285,770,0.03896103896103896,0.01050878969895264,4.966666666666667,-0.02684563758389252,1224.174375,0.03447297898226305,0.017716902537215324,0.008834592768634207,0.24324324324324334,0.018326656247474957,0.0169091486951019,0.02863410284210191,0.0014858841010400344,0.00518134715025914,0,0.03571428571428559,106.96666666666667,0.0018697413524462715,112.33333333333333,0.03293768545994055,58767.333333333336,0.012229016120066785,201103.66666666666,-0.013556855419510053,140962.66666666666,0.01661196345131565,200891.33333333334,0.003021534030006272,35658.666666666664,0.020397098414597532,191824,0.0035918341813328883,143657,0.006977267611973959,2005-07-01
2005,4,7.26,-0.6017798139663781,100.84946666666667,0.0023959802795189772,2298941.2733333334,0.015234434392149065,0.00507958009,0.022000000000000002,0.8073723698999999,12.780952380952382,0.03600444765275717,71.87,0.009878948100737552,263.82,-0.01053748768099473,1.1734666666666667,-0.0240029542097489,8.083,-0.007051837189162487,0.03767571420270195,0.05113024711905734,-0.021424409484111007,1.1890666666666667,-0.02517380578605071,-0.02014945289564992,829,0.07117008443908324,5.07933408391384e-4,4.966666666666667,0,1230.468253968254,0.005115027509207322,0.014209309170289777,0.006275006891071665,-0.12121212121212133,0.01191350892745781,0.013425968761441996,0.011359638840093268,-0.002980625931445646,0.025252525252525252,0,0.05084745762711876,107.86666666666666,0.008343634116192752,113.03333333333333,0.006192863462105598,60493.666666666664,0.02853742265030491,217377.66666666666,0.0748650965370561,147206,0.042412220516373944,209863.33333333334,0.04275163201448562,35943.666666666664,0.00792907419944172,200747.66666666666,0.04445215635549101,150257,0.04392474227490233,2005-10-01
2006,1,8.9,0.9183911998457306,100.41283333333334,-0.004348381763951152,2346331.54,0.02019760032150725,0.0053908355799999995,0.021,0.8044364704,12.129516129032258,-0.05370669736453028,74.46,0.03478377652430821,281.04,0.06127241673783101,1.1544666666666668,-0.016457816018940842,8.050533333333334,-0.00403285910664298,-0.02397777188616599,-0.003340132818124037,-0.0054982198386586394,1.2031333333333334,0.011691693910345214,0.0028512773722628396,848,0.02240566037735849,-0.016777063082581225,4.733333333333333,-0.049295774647887335,1283.6570967741936,0.0414353980822466,0.019966064225691214,0.013128228117250871,-0.17857142857142858,0.01999067974547086,0.020012019999232758,0.008709201021859242,-0.004491017964071814,0.005025125628140597,0,-0.03508771929824565,108.63333333333333,0.007057379564283514,113.06666666666666,2.948113207547002e-4,63385.666666666664,0.045625456859332024,218822,0.006600494161159952,151662.66666666666,0.029385390383922152,212676.33333333334,0.013226671514931138,36145.333333333336,0.005579327898484032,203921.33333333334,0.015563191034451288,154385,0.02673834893286265,2006-01-01
2006,2,9.9,0.4179851897209107,100.1996,-0.0021280856743273917,2354262.78,0.0033688847597547113,0.01692359249,0.023,0.8183004404,14.564032258064517,0.1671594848112341,76.81,0.03059497461268075,288.55,0.026026685149887336,1.1226,-0.028386483757942907,8.010533333333333,-0.0049934253233244056,0.023105165956632645,-0.020935575453155643,0.009729102512607637,1.2567,0.04262486406196112,0.04003503521769275,774,-0.09560723514211886,0.02480834861582012,4.633333333333333,-0.021582733812949756,1280.7961904761905,-0.002233693634690963,0.010609095139233207,0.0023315485726216434,0.17647058823529416,0.010160070060355157,0.011565004170985,0.013959266670770047,0.002985074626865714,-0.010152284263959355,0,-0,110.4,0.016002415458937318,116.53333333333333,0.029748283752860427,63672.666666666664,0.004507428619292423,217221.33333333334,-0.007368828107736457,153524.66666666666,0.012128344196589473,213307.33333333334,0.0029581730273377065,36174,7.924660437514303e-4,204316.66666666666,0.00193490496777868,154884.33333333334,0.003223911176727642,2006-04-01
2006,3,8.85,-0.4429999692507308,99.86771666666667,-0.0033232294119738457,2391138.62,0.015421874621388665,0.0056022408999999995,0.025,0.8204208123,13.73047619047619,-0.06070846021833544,80.41,0.04477055092650161,296.65,0.027304904769930784,1.1212333333333333,-0.0012188958587270608,7.9651,-0.005704050587354011,0.02099851538745806,0.01570853794921147,0.013255240443896431,1.2737666666666667,0.013398581634522375,0.025274353912099975,775,0.0012903225806451613,0.007552914053255689,4.633333333333334,1.916931841079407e-16,1288.339365079365,0.0058549593435032864,0.00848482156332916,0.0015439404821808054,-0.21428571428571433,0.007488977217833792,0.007509931005645111,0.0104162147642066,0.004457652303120315,-0.01025641025641022,0,0.01724137931034477,111.8,0.012522361359570586,117.73333333333333,0.010192525481313728,65094,0.021835089767618148,218222.66666666666,0.004588585359296532,152520.66666666666,-0.006582714473666957,211677,-0.00770198620224844,33192.666666666664,-0.08981903633332672,202598.33333333334,-0.008481478129961487,155632.66666666666,0.00480833072748211,2006-07-01
2006,4,12.91,1.9384366040827596,99.39699,-0.004735824159933455,2428993.7733333334,0.015584705794195717,-0.0085203998,0.023,0.8054151036,11.179841269841269,-0.2281458975196287,79.09,-0.016689847009735657,290.35,-0.02169795074909576,1.1392,0.015771301498127357,7.8619666666666665,-0.013118006944827173,-0.031655474999331135,0.012302000133049664,0.018244703847816693,1.2903333333333333,0.012839059674502676,0.02253168518228766,866,0.10508083140877598,4.699668739396934e-4,4.433333333333334,-0.04511278195488726,1388.636984126984,0.0722273856984118,0.012093484554072928,0.008446697817315284,-0.8666666666666666,0.012802169532951895,0.016466930422695033,-0.003993281836209965,-0.004477611940298465,-0.020942408376963276,0.005235602094240912,-0.13725490196078435,111.9,8.936550491511039e-4,114.06666666666666,-0.03214494447691413,66303.66666666667,0.018244340433661358,223668,0.024345607477749803,155179.33333333334,0.017132865630732737,216389,0.02177559857478892,34609.333333333336,0.040933081635011886,206606,0.019397629626761358,156846.66666666666,0.007740043354443831,2006-10-01
2007,1,9.56,-0.8684529298266295,99.44655,4.983581632545282e-4,2446143.1166666667,0.007010768591783172,0.01019170385,0.024,0.819115968,12.631803278688524,0.11494495099499387,80.52,0.017759562841529963,311.48,0.0678374213432644,1.1718333333333333,0.02784810126582275,7.758233333333334,-0.013370741620729706,-0.01927824189342022,0.013847394195277815,0.019416652535187363,1.3106333333333333,0.015488695032935719,0.019283887468030725,892,0.02914798206278027,-0.01927080940392247,4.5,0.014814814814814762,1424.381475409836,0.02509474596513349,0.012058990599264454,0.002349398399104417,0.625,0.012157149091002871,0.01635175901943146,0.0433544385710055,0.0029761904761905185,-0.015957446808510675,0,-0,113.86666666666667,0.017271662763466058,114.56666666666666,0.0043642711667151585,64942,-0.02096742734542625,224485.66666666666,0.003642400331424235,154969.66666666666,-0.0013529529434793868,219082.33333333334,0.012293703889101098,34512.666666666664,-0.002800904015917002,209324.33333333334,0.01298622711486008,158821.66666666666,0.012435331031660248,2007-01-01
2007,2,10.12,0.1901034364669214,99.86800666666666,0.004220136966119384,2464799.04,0.007568942956636879,0.01917329089,0.021,0.8512477572999999,13.783650793650793,0.08356621422046238,80.75,0.0028482972136223404,316.55,0.016016427104722772,1.0984,-0.06685481913085692,7.6784333333333334,-0.010392745047817984,-0.07178792742458595,0.011541023559427791,0.054589178356713425,1.3484,0.028008503905863784,0.015741424447875355,810,-0.10123456790123457,0.0229609772275087,4.5,0,1497.1784126984128,0.048622753755427565,0.012083827949551814,0.0056960926602569305,-0.5384615384615384,0.013555356740920605,0.018466137773551914,0.010375652734581452,-0.001490312965722929,0,0.010362694300518097,-0,115.56666666666666,0.014710124026535812,118.7,0.03482167930356647,65322.333333333336,0.005822408874963679,230374.66666666666,0.025562706547594932,157421.66666666666,0.015576000762283888,225168,0.0270272270778559,35862.333333333336,0.03763465846245378,215314.66666666666,0.027821297202234162,162900.33333333334,0.02503780430160785,2007-04-01
2007,3,9.74,-0.19305998831987742,99.59206333333334,-0.0027707361821567808,2531242.776666667,0.026249452355638907,0.00275928711,0.02,0.8546729734,21.664444444444445,0.36376624708761346,83.69,0.03512964511889112,327.3,0.0328444851817904,1.0449333333333333,-0.05116753859895379,7.5567,-0.01610932461700653,-0.016926945736024514,-0.026054965035994682,0.01883676117818241,1.3754,0.0196306529009742,0.01749410542630551,810,0,0.005834527211528282,4.666666666666667,0.035714285714285775,1489.4634920634921,-0.005179664138147118,0.010501545820114467,0.005403358376198048,-0.23809523809523808,0.014305355602063306,0.013782693670057047,0.009818255455285217,0,-0.016216216216216255,0,-0.040816326530612096,116.36666666666666,0.006874820968203929,121.46666666666667,0.02277716794731064,65520,0.00301689051689048,231802.33333333334,0.006158983156626347,157514.33333333334,5.883062493784866e-4,225489,0.0014235727685164242,35635.666666666664,-0.006360668618519036,215069,-0.0011422690702363287,161722.66666666666,-0.007282013653002792,2007-07-01
2007,4,10.18,0.14402333471058415,99.18656666666666,-0.004088221624097738,2585064.49,0.020820259433192465,0.00711214555,0.023,0.8701679987,22.05203125,0.017576013799434173,80.2,-0.04351620947630916,329.63,0.007068531383672554,0.9815666666666667,-0.06455666111997817,7.430366666666667,-0.017002301366913233,-0.02590545432370219,-0.04067262248517915,0.04674613885140198,1.4491666666666667,0.05090281771132841,0.010797409926440505,901,0.10099889012208657,-0.0010129313540538244,4.8,0.02777777777777768,1495.74703125,0.004200937093792292,0.009978407521138308,0.00604169517675054,-0.3125,0.01296843789552239,0.019493339327775444,0.016673824642172208,0.00297176820208028,-0.027777777777777776,0.01025641025641022,-0.020833333333333447,118.53333333333333,0.018278965129358872,126.13333333333333,0.036997885835095064,66178.66666666667,0.009952854897852352,234049.33333333334,0.009600540057081983,161068.66666666666,0.02206719287426055,225547,2.571526112074202e-4,34668.333333333336,-0.02790250468727451,215019.66666666666,-2.294363771376403e-4,163398.66666666666,0.010257121641139464,2007-10-01
2008,1,9.97,-0.11612799312002278,98.99883666666666,-0.0018962849092065287,2609793.1933333334,0.00947534976966839,0.011367736420000002,0.021,0.8884358179999999,26.3944262295082,0.1645193929108233,82.89,0.03245264808782721,347.29,0.05085087390941295,1.0038,0.02214916650063093,7.159033333333333,-0.03790083391146854,0.008552621082357947,-0.07535923940199794,0.018434705817419194,1.5002333333333333,0.03403914946563863,-0.03281505314758349,912,0.01206140350877193,-0.02383815351458805,5,0.040000000000000036,1350.6616393442623,-0.10741801475621658,-0.0020791699482882774,-0.005780217355417882,-0.06666666666666672,-0.0031451349343764342,0.01525712869548051,0.013673396896915314,0.007374631268436578,-0.02857142857142857,0.020100502512562745,0.07692307692307698,122.1,0.02921102921102918,130.73333333333332,0.035186129525752126,67167.33333333333,0.014719456878839769,236431.33333333334,0.01007480677969925,163184.33333333334,0.012964888377765141,227017.33333333334,0.006476744800690739,33117.333333333336,-0.046833480956598755,215489.66666666666,0.0021810790617956934,165597.66666666666,0.013279172613140685,2008-01-01
2008,2,9.89,-0.07186543841809286,99.15882,0.0016134049732877374,2616240.4433333334,0.0024643186051300408,0.02195344656,0.022000000000000002,0.9295384113999999,20.81640625,-0.26796267869283147,81.49,-0.017180022088599898,353.39,0.01726138260844949,1.0098666666666667,0.006007393715341957,6.957166666666667,-0.029015643341398552,0.045262643106821064,-0.00526162564770969,0.04008900819440514,1.5623333333333334,0.03974823981224667,-0.003940470150515717,827,-0.10278113663845223,0.016638446807286874,5.333333333333333,0.062499999999999944,1371.6275,0.015285389550543236,0.01044009598793323,0.005137342413568925,0.31818181818181823,0.010606541822921747,0.020819421632246416,0.06805565651764667,0.0014727540500737632,-0.01744186046511632,0.009950248756219046,-0.01960784313725501,125.1,0.023980815347721823,141.33333333333334,0.07500000000000015,68523.33333333333,0.01978887970034538,229239.33333333334,-0.0313733245312759,166161.33333333334,0.017916322289180796,226583.33333333334,-0.0019154100772342771,30947,-0.07013065348283633,214325.66666666666,-0.005430987422567215,167385.66666666666,0.010681918204864216,2008-04-01
2008,3,9.89,-0.0385,98.56783,-0.005995769613676237,2639985.083333333,0.008994232637867368,0.01163055346,0.022000000000000002,0.9515576578,24.961875,0.1660720098149678,84.81,0.03914632708407036,355.52,0.005991224122412229,1.0415666666666668,0.030434921752488294,6.837466666666667,-0.017506483882919588,0.04885220499868839,0.027375777984999457,-0.06424087508927571,1.5018666666666667,-0.04026100852272727,-0.042379155942601304,833,0.007202881152460984,-7.67749016389889e-4,6,0.11111111111111116,1252.02,-0.09553162090062466,0.0019936385028378216,-0.005443022009529416,0.2666666666666666,0.0032316792448496942,0.018637212659101742,-0.020222077361968103,0.0014705882352940341,-0.023809523809523725,0.014705882352941037,0.019230769230769332,126.26666666666667,0.009239704329461494,142.76666666666668,0.010039691804809738,65950.66666666667,-0.03900895618947481,216587.33333333334,-0.05841523511685817,157517.33333333334,-0.054876500363981104,218762,-0.0357527053754004,28977.333333333332,-0.06797266829245852,206636,-0.03721358653219505,164146.33333333334,-0.019734423959109536,2008-07-01
2008,4,6.49,-0.9711127791601519,96.09683,-0.025713647370053765,2639248.123333333,-2.7923104064546715e-4,-0.02828529429,0.016,0.8765291143,58.84515625,0.5758040832800067,77.01,-0.10128554733151535,337.68,-0.05283108268182887,1.2118333333333333,0.1405033695502681,6.839266666666667,2.6318611157145194e-4,0.1016711832547383,-0.11999208900562622,-0.31828543111992047,1.3173666666666666,-0.1400521241871411,-0.2058329613332483,920,0.09456521739130434,-0.015429398245770162,6.866666666666666,0.12621359223300965,911.97734375,-0.37286305255321744,-0.018932187638032335,-0.022116675551263003,-1.3076923076923077,-0.02417445159136495,-0.002488385876961445,0.029612218227769462,-0.005917159763313694,-0.05660377358490568,0.01449275362318844,-0.23809523809523808,118.83333333333333,-0.06255259467040676,121.36666666666666,-0.17632518538862968,58533.666666666664,-0.12671340140432016,182437.66666666666,-0.18718539482891886,135819.33333333334,-0.15975634298504385,197335.66666666666,-0.1085781080291281,26047.333333333332,-0.11248752271505721,185605.66666666666,-0.1133065262016067,148932.66666666666,-0.10215130774981102,2008-10-01
2009,1,6.92,0.24559687726231683,95.87051,-0.0023606842187446505,2612239.3666666667,-0.010339311554411928,-0.00497633075,0.011000000000000001,0.8566302398000001,45.34885245901639,-0.2976107014655061,71.4,-0.07857142857142856,344.14,0.018771430231882314,1.2448333333333335,0.02650957290132559,6.8361,-4.632270836686099e-4,0.020771815907215656,-0.02604281442679058,-0.012848825537040844,1.3030333333333333,-0.010999974418664125,-0.09265108932967901,881,-0.04426787741203178,-0.04852370190173935,8.266666666666666,0.16935483870967738,807.6659016393443,-0.12915172214022114,-0.011462396142094584,-0.01135442605341533,-Inf,-0.010607519836555416,-1.2385516760857892e-4,0.01221087997042747,0.0029498525073746733,-0.13571428571428573,0.01428571428571432,-0.5000000000000001,116.13333333333333,-0.02324913892078074,113.2,-0.07214369846878672,49649,-0.17894955923919242,148747.33333333334,-0.22649369624553478,114951.66666666667,-0.181534268025692,174674.33333333334,-0.12973476355045474,22314.333333333332,-0.1672915764157567,162952.66666666666,-0.1390158287273605,130283,-0.1431473535815621,2009-01-01
2009,2,8.32,0.8275236994949206,97.57548666666666,0.017473411867174566,2561837.716666667,-0.01967402137617834,0.010603023369999999,0.011000000000000001,0.8726145816,33.432698412698414,-0.3564221439509047,70.57,-0.011761371687686165,342.87,-0.0037040277656254024,1.1678,-0.06596449163669593,6.829166666666667,-0.0010152532031726844,-0.02003365056644204,0.03863282439874177,0.12732688011913623,1.3619666666666668,0.043270760419981034,0.07408761478741478,822,-0.07177615571776155,0.0023868095372435237,9.3,0.11111111111111129,892.6014285714285,0.09515504256812589,-0.0029051373072247057,-0.0014419737867759526,1,-0.002989354480931864,0.01562755187695894,0.034485689772752313,0.002941176470588277,-0.07692307692307693,0.018691588785046665,-0.16666666666666663,116.83333333333333,0.0059914407988587975,117.2,0.034129692832764506,48760.333333333336,-0.018225196710440813,147918.33333333334,-0.005604443893589931,113055.33333333333,-0.01677349734348381,164789.66666666666,-0.05998353456628563,20798.333333333332,-0.07289045596602292,152136.66666666666,-0.07109397252470367,122559.66666666667,-0.06301692508954818,2009-04-01
2009,3,9.21,0.4131619963959291,99.53205333333334,0.019657654003320146,2557460.02,-0.0017117361102156241,0.00679071982,0.009000000000000001,0.8827271244000001,25.60140625,-0.3058930468984849,71.84,0.017678173719376532,343.06,5.538389786043192e-4,1.0972333333333333,-0.06431327277698454,6.830566666666667,2.0496103300364878e-4,-0.008638526295157713,-0.0414919285703337,0.08763586956521732,1.4311,0.048307828476929125,0.05553185871265206,828,0.007246376811594203,-0.004116678982579947,9.633333333333333,0.03460207612456735,995.74828125,0.10358727664494422,0.004678262162427521,0.003627901415885525,2.5,0.008462954374951285,0.0069271765912063054,-0.004749023388458331,0.008746355685131112,-0.015624999999999944,0,0.14285714285714282,117.8,0.008205998868138104,120.56666666666666,0.027923693668786234,51306,0.04961732870749355,156407,0.05427293322336377,118963,0.04965969811341906,169773.33333333334,0.029354826042566673,22181.333333333332,0.062349723491223856,156849.66666666666,0.03004788024201518,125225,0.02128435482797627,2009-07-01
2009,4,9.6,0.1341732560157771,100.38583333333334,0.008504984933133,2541750.4166666665,-0.006180623884360601,0.00201188589,0.015,0.8936551949,23.27546875,-0.09993085531306424,70.06,-0.025406794176420226,337.72,-0.015811915196020297,1.0559,-0.039145121065757384,6.8271,-5.077802678541655e-4,-0.03712828411955608,-0.04063090953738595,0.0828660436137072,1.4769333333333332,0.031032770605759576,-0.0039969818708321956,943,0.12195121951219512,-0.005525794911570372,9.933333333333334,0.030201342281879266,1088.7232812500001,0.08539819217721915,0.014199391701721015,0.010864507023872998,0.7142857142857143,0.013513240351101952,0.009240481197817806,0.010171038889595784,-0.007342143906020559,0.06569343065693421,-0.004694835680751073,0.06666666666666672,118.83333333333334,0.008695652173913146,123.6,0.024541531823085206,53121.666666666664,0.03417939949173277,160678.66666666666,0.026585151316499123,123067,0.033347688657398004,176957.66666666666,0.040599164018512796,24206,0.08364317386873783,163815.33333333334,0.04252145708785921,128448.33333333333,0.02509439593091901,2009-10-01
2010,1,9.39,-0.1249004121592443,101.18913333333333,0.007938599467531688,2512308.263333333,-0.011719164309187695,0.00401415054,0.017,0.9132278584,20.372459016393442,-0.14249677622473295,71.18,0.01573475695420068,346.99,0.026715467304533218,1.0413,-0.01402093536925014,6.8272,1.4647293180316252e-5,-0.015199264633752077,0.008719402757865414,-0.0065665695207880025,1.3838666666666668,-0.06725118026784835,-0.04703847632062186,890,-0.05955056179775281,-0.02671580106672581,9.833333333333334,-0.010169491525423692,1123.5936065573771,0.03103464197719813,0.006339703899438552,0.0038330486025269003,-0.3999999999999999,0.008295162040465352,0.004496015816677799,0.018385875040718893,0.0014662756598241718,0.007246376811594305,0,0.09090909090909086,120.73333333333333,0.015737161789066742,126,0.019047619047619094,54102,0.01812009414316173,181204.66666666666,0.11327522837896008,130234,0.05503171214890121,182364.66666666666,0.02964938383531898,25064,0.03423236514522822,168522.33333333334,0.027931016067108808,132334,0.029362572480743206,2010-01-01
2010,2,10.17,0.3142176727200852,101.0266,-0.0016088172157959265,2482329.3200000003,-0.012076940433243116,0.00475072152,0.015,0.9235035068,26.282857142857143,0.22487654574000382,71.52,0.0047539149888141665,347.99,0.00287364579441938,1.0277,-0.013233433881482761,6.823833333333333,-4.933688298367105e-4,-0.006635881598668113,0.015475781916333933,-0.022365542732141433,1.2734333333333332,-0.0867209381462191,-0.046125667314436306,849,-0.048292108362779744,0.02638819340741884,9.633333333333333,-0.020761245674740598,1134.5849206349205,0.009687519971085627,0.013717449798333068,0.00913604610884023,0.47368421052631576,0.013615930131022825,0.010357816930270299,0.007264221517309817,-0.0044182621502208705,0.041666666666666644,-0.004716981132075539,0.0571428571428572,122.6,0.015225666122892823,126.53333333333333,0.004214963119072693,56383.333333333336,0.04046112917528825,186182.33333333334,0.026735440347902786,135101,0.03602489988971214,188618.66666666666,0.033156845557880454,26077.666666666668,0.03887106464024138,175534.66666666666,0.03994842424288449,137000.33333333334,0.03406074437775097,2010-04-01
2010,3,9.92,-0.12235934480018552,100.5048,-0.005191791834817829,2495003.763333333,0.005079929545436755,9.3250498e-4,0.013000000000000001,0.9262763008,24.638125,-0.06675557262807719,75.75,0.05584158415841589,355.56,0.0212903588705141,1.0385333333333333,0.010431377583771906,6.7677000000000005,-0.008294299885239073,0.017137914994848905,-0.07386882494014115,0.02479034868324257,1.2939,0.015817811783497067,0.03838388177678501,861,0.013937282229965157,0.008183906453808402,9.466666666666667,-0.01760563380281684,1096.246875,-0.03497209114956017,0.010200255080979525,0.007318162423389515,-0.5833333333333334,0.009674989816006955,-0.0021378049799995074,-0.008910029659946587,-0.0014749262536874414,0.02702702702702705,-0.014354066985645968,-0,122.9,0.0024410089503662438,125.53333333333333,-0.007966011683483803,58277.333333333336,0.032499771208932,193727.66666666666,0.03894814542063334,136999,0.013854115723472435,193568.66666666666,0.025572320589076058,28373.333333333332,0.08090930451127812,180640,0.028262474165928603,137971,0.007035294856648549,2010-07-01
2010,4,10.8,0.33496929405145626,101.0689,0.00558134104556393,2554733.3266666667,0.023379960135121683,0.00294916321,0.009000000000000001,0.9380198989,19.5615625,-0.25951722926018805,75.33,-0.005575467941059361,356.4,0.002356902356902287,1.0129666666666666,-0.02523939583401896,6.6571,-0.016613840861636555,-0.03504544761153554,-0.038961306481312845,0.08260224051828857,1.3592,0.04804296645085338,0.018282268097758424,973,0.11510791366906475,0.0027406789264522013,9.5,0.003508771929824549,1204.585625,0.08993860440597562,0.010558864755709463,0.004993960557120714,0.47826086956521735,0.011407774659092729,0.001964837716793499,0.004794662831438805,0.0014727540500737632,-0.006802721088435471,-0.004807692307692205,-0.02941176470588238,126.26666666666667,0.02666314677930301,129.1,0.027627162406403276,59941,0.027755070263536883,194573.33333333334,0.004346261906393576,140394.66666666666,0.02418657878741826,195523.33333333334,0.00999710179518226,28359.333333333332,-4.936646371564917e-4,182902.66666666666,0.012370878500040042,140826.66666666666,0.020277882976708888,2010-10-01
2011,1,10.39,-0.1834444137664542,101.4512,0.003768314223981587,2639919.8966666665,0.0322686192515015,0.01264822375,0.011000000000000001,0.9714565324,18.658225806451615,-0.04841492985019142,79.12,0.0479019211324571,369.68,0.03592296039818229,0.9860333333333333,-0.027314830465501424,6.579,-0.01187110503115976,0.009459065017159362,-0.0031412980412367274,0.017341423787260928,1.3682333333333332,0.006602187736009862,0.0133569125143036,941,-0.03400637619553666,-0.02058826707052807,9.033333333333333,-0.05166051660516607,1302.528870967742,0.07519468332012712,0.002942922032093961,-0.0024102076567862757,-0.04545454545454529,0.003719878668057794,-0.0025814469157301703,0.0035054444376561573,0.010204081632652896,-0.02083333333333326,-0.009708737864077634,0.08108108108108115,130.86666666666667,0.03515028018339283,135.86666666666667,0.04980372914622188,60846,0.014873615356802419,204259,0.047418555200342,143360.33333333334,0.02068680085844308,202857.66666666666,0.03615507096108428,29559.666666666668,0.04060713359419938,190067.33333333334,0.03769541320444344,145334.33333333334,0.031015841634117327,2011-01-01
2011,2,11.49,0.409727081262318,100.72713333333333,-0.007188397432800358,2643714.2733333334,0.0014352446120748106,0.01743310892,0.015,1.005871799,17.575396825396826,-0.06161049971230678,80.84,0.021276595744680837,382.5,0.03351633986928103,0.9675333333333334,-0.019120788258802413,6.499,-0.01230958609016773,-0.012345697436766015,-0.008499616105507802,0.05398368883312412,1.4399333333333333,0.04979397194314558,0.017678315961577724,874,-0.07665903890160183,0.02679672862759277,9.066666666666666,0.003676470588235281,1318.3328571428572,0.011987857307422469,0.013575015121459914,0.0070989774722376876,0.18518518518518517,0.01359374041616714,0.003974970467815759,0.00990342923049214,-0.0014598540145984572,0.02702702702702705,-0.009803921568627591,0.02631578947368412,134.20000000000002,0.02483854942871343,142.73333333333332,0.04810836057916847,63008,0.0343131030980193,203160.66666666666,-0.005406230208603419,145347,0.013668439435741067,203988,0.005541175624709998,27951.666666666668,-0.057527875499373916,191299.33333333334,0.0064401688104854865,147718.33333333334,0.016138822759531088,2011-04-01
2011,3,11.33,-0.07450187582107382,99.91061666666667,-0.008172471494103726,2689660.13,0.0170824024025171,0.00408517984,0.018000000000000002,1.007339749,30.43359375,0.4225001171477875,82.26,0.01726233892535864,388.36,0.015089092594499982,0.9798333333333333,0.012553155298520134,6.416533333333333,-0.012852215110963384,0.024641193595342017,-0.05032018777368098,-0.01196711424308791,1.4118333333333333,-0.019903199150041326,-0.013358185771978922,907,0.03638368246968027,0.010239558581851882,9,-0.007407407407407381,1225.2684375000001,-0.07595431074087146,0.006135320696389463,-2.778638113357071e-4,-0.03846153846153849,0.007619758180209054,-0.00990695121648044,-0.013800775225136768,0.002911208151382865,0.00671140939597313,-0.014925373134328216,-0.02702702702702693,134.63333333333333,0.003218618469918114,142,-0.005164319248826198,64933.666666666664,0.029655905257159835,209300.33333333334,0.029334242181490486,148016.66666666666,0.01803625717824563,208420.33333333334,0.021266319185108344,28478,0.018482103143947333,196284.66666666666,0.025398485872559145,150792.33333333334,0.02038565179043143,2011-07-01
2011,4,11.89,0.1832259914909852,99.71263333333333,-0.0019855391108917356,2729275.8833333333,0.01451511500733656,-0.0015205577,0.019,0.9991844724000001,30.235873015873015,-0.0065392765085098515,80.68,-0.019583539910758528,396.13,0.01961477292807912,1.0227,0.04191519181252235,6.358533333333334,-0.009121600369057686,0.0976134041844731,-0.004330618381442755,-0.03621472271561077,1.3481666666666665,-0.04722462603535673,-0.023833252051483133,957,0.0522466039707419,0.002002257062914078,8.633333333333333,-0.042471042471042525,1225.651111111111,3.1222067001107634e-4,0.012952902105914791,0.011459995862312045,-3.3333333333333335,0.013814476232036969,-0.00193489566285112,0.005927529859867882,-0.008810572687224795,0.06289308176100629,-0.015151515151515187,0.02631578947368412,132.46666666666667,-0.016356316054353226,141.86666666666665,-0.00093984962406029745,66989.33333333333,0.0306864774491461,216721.66666666666,0.034243615082325166,152291,0.028066880730531304,211986.33333333334,0.016821839143718383,29046.666666666668,0.019577691071838463,200333.33333333334,0.020209650582362824,152941.33333333334,0.014051139434728783,2011-10-01
2012,1,11.29,-0.2185239653668929,100.04917999999999,0.0033638123437559754,2752909.86,0.00858508918510923,0.00795638656,0.021,1.0084814880000001,18.491451612903226,-0.6351270656747467,84.08,0.04043767840152226,404.28,0.02015929553774606,1.0011666666666668,-0.02150824038621593,6.3098,-0.007723435502445995,-0.011403144018248287,0.024803289114455226,0.04012881634199476,1.3118666666666667,-0.027670494969000745,-1.908720732948551e-4,990,0.03333333333333333,-0.015738632522111298,8.266666666666667,-0.044354838709677255,1348.7835483870967,0.09129147328585821,0.013938912185814585,0.007769096194295399,0.76,0.012842741422405336,0.004208075383474559,-0.006451637228268938,0.0014662756598241718,0.006249999999999978,-0.010204081632653024,-0,133.23333333333332,0.005754315736802489,142.86666666666665,0.006999533364442372,69106.33333333333,0.030633950578576978,224223.33333333334,0.03345622667875787,153162.33333333334,0.005688953115104516,218363.66666666666,0.029205102802511318,30105.666666666668,0.03517610195201346,206431,0.029538522153487883,154727,0.011540756730671809,2012-01-01
2012,2,12.24,0.33180794940736685,99.85854,-0.0019091006137280566,2775436.74,0.00811651718640878,0.008275317380000001,0.019,1.012885337,20.15031746031746,0.08232455149558218,83.69,-0.004660054964750873,408.47,0.010257791269860832,1.0101666666666667,0.0089094208876422,6.3306,0.003285628534420037,0.07049476487955951,0.009717592484673267,-0.044761841931653376,1.2835666666666667,-0.02204793933570519,0.0069081718618365035,890,-0.11235955056179775,0.025658623431570344,8.2,-0.008130081300813196,1349.6785714285713,6.631379207030364e-4,0.008203126039908838,0.004283587056750601,-0.5624999999999999,0.0068591823705167095,-0.004352547396392303,-5.488916538289046e-4,-0.0044182621502208705,0.018404907975460166,-0.010309278350515611,-0.05555555555555548,133.46666666666667,0.0017482517482518619,141.6,-0.008945386064030026,67932.66666666667,-0.0172769114515352,218625,-0.025607013531541878,149829.66666666666,-0.022243035980858396,220415,0.009306686629010472,32054.666666666668,0.06080237926874922,208276,0.008858437842094145,154172.66666666666,-0.003595535741311753,2012-04-01
2012,3,12.33,0.013018314793522737,99.39827666666666,-0.004630496108869604,2829458.15,0.019092493027330935,0.00219328148,0.017,1.021693035,16.3284126984127,-0.23406468421001464,87.94,0.04832840573118035,419.99,0.027429224505345323,0.9949666666666667,-0.01527689369828134,6.350333333333333,0.0031074484279041245,0.01999476003565115,-0.018974300244739246,0.02774125268593068,1.2523,-0.024967393329606943,-8.220737336903178e-4,897,0.007803790412486065,0.008396339461237063,8.033333333333333,-0.020746887966804906,1400.942857142857,0.03659270287357495,0.006452176030105166,0.0013476634468853077,0.23809523809523808,0.006395137344504888,0.002734402993988147,-0.005223696777717747,-0.0014749262536874414,0,-0.0051813471502589565,-0.090909090909091,133.36666666666667,-7.498125468632415e-4,139.3,-0.016511127063890758,64215.666666666664,-0.057883071109334806,214749.66666666666,-0.018045817688502473,144450,-0.03724241375331711,216551.66666666666,-0.017840238280318062,31225.666666666668,-0.02654867256637168,204447,-0.01872857024069808,151293.33333333334,-0.01903146206045638,2012-07-01
2012,4,13.13,0.24910940839181264,99.31984666666666,-7.896709734482474e-4,2886000.21,0.019591841956241595,3.6040469999999995e-4,0.018000000000000002,1.017615397,16.738387096774193,0.024493064713535323,84.17,-0.04479030533444215,421.02,0.002446439599068863,0.9913333333333333,-0.0036650975117687064,6.2431,-0.01717629596407767,-0.016841710196823977,0.03310938334327167,-4.170944558523239e-4,1.2976666666666667,0.03496018494734147,0.015603925881352142,1008,0.11011904761904762,0.003877029157516923,7.8,-0.029914529914529923,1418.1390322580646,0.012125873926357238,0.006217547026342817,0.001137437221113668,0,0.00586250096107319,-0.002207673933327407,0.016971648569618386,0.002941176470588277,-0.012422360248447159,-0.010471204188481638,-0,134,0.004726368159203923,140.26666666666665,0.006891634980988405,66365,0.032386549134835164,221962,0.032493549946987964,146916.33333333334,0.016787332472677257,219363,0.01281589572231116,30951.333333333332,-0.00886337691429564,206998,0.012323790568024812,152734.33333333334,0.009434682880731902,2012-10-01
2013,1,12.42,-0.22849240975906643,99.82189666666666,0.005029457631690599,2919765.893333333,0.011564517350664962,0.00590329876,0.015,1.024628935,13.583833333333333,-0.23222853858931775,88.78,0.051926109484118035,428.08,0.01649224444029154,1.0087666666666666,0.017281829296500646,6.223066666666667,-0.003219205964904729,-4.3826226549581796e-4,0.11919060707720314,-4.172684962284888e-4,1.3201333333333334,0.017018482981516994,-0.03598529633053166,994,-0.014084507042253521,-0.018278633107734726,7.733333333333333,-0.008620689655172382,1513.98,0.06330398535115088,0.012717755073133729,0.008778997500086011,-0.3125,0.011955952475289836,-0.0024546901509677073,-0.0119188730636246,-0.004431314623338215,0.024242424242424156,-0.010582010582010732,-0.06451612903225798,134.53333333333333,0.003964321110009897,140.86666666666667,0.0042593469001421394,67519.33333333333,0.017096337839038623,224117.33333333334,0.009616986340488359,149211.66666666666,0.015383068794888564,222698.66666666666,0.014978386339687667,32708,0.05370755370755374,210666,0.01741144750458071,154849.33333333334,0.013658437879401051,2013-01-01
2013,2,13.37,0.29077137569455636,99.60805333333333,-0.0021468478318486324,2944254.5833333335,0.008317449903491557,0.00540980612,0.013999999999999999,1.030011417,14.85,0.08526374859708195,90.61,0.020196446308354467,437.05,0.020523967509438343,1.0232333333333334,0.014138189399615775,6.153966666666666,-0.011228530107952151,0.031198939004696676,0.06448576907037835,-0.04761424392212249,1.3068333333333333,-0.01017727330697622,-0.00906704843712719,909,-0.09350935093509351,0.02529526187972353,7.533333333333333,-0.026548672566371705,1609.49125,0.05934250962843073,0.004107182589945353,0.0012324439529408536,-0.3333333333333335,0.004890793581640595,0.0022190378762625587,0.0028738717544347105,-0.0014792899408285285,0.011976047904191574,-0.005319148936170099,-0,133.1,-0.01076884547958931,139.46666666666667,-0.010038240917782068,68713.33333333333,0.017376540215387603,236887.66666666666,0.05390881472652993,150252.33333333334,0.0069261264938759864,224945.33333333334,0.009987611804942323,33158,0.013571385487665118,212667.66666666666,0.009412181447422617,154708.66666666666,-9.09235854056998e-4,2013-04-01
2013,3,13.69,0.07042855548103952,100.34183333333334,0.0073128024037831686,3005003.7133333334,0.02021599165766529,0.00377979341,0.015,1.035883216,14.4028125,-0.031048623315758646,94.71,0.04329004329004323,447.85,0.024115217148598884,1.0383666666666667,0.014574170973644397,6.125133333333333,-0.004707380519607689,0.09949640156417315,0.0026397478892465115,-0.08161483906164754,1.3255333333333332,0.014107529044912694,0.010049603813695844,914,0.005470459518599562,0.009750254923737336,7.233333333333333,-0.04147465437788016,1674.94359375,0.03907734206347804,0.012512621115824163,0.007773254813408374,0.3684210526315789,0.01312340027748807,6.703702415598641e-4,0.0031278676096628236,-0.004457652303120315,0.0233918128654972,-0.010752688172042972,-0.06896551724137938,132.3,-0.0060468631897202035,139.36666666666667,-7.175316909829776e-4,66206.66666666667,-0.03786124257375879,228068.33333333334,-0.03866969694755218,148074.66666666666,-0.014706544446045371,223912.66666666666,-0.004611917146268424,33219.333333333336,0.0018463143952317652,211516.66666666666,-0.005441651564100544,154035.33333333334,-0.004371291435298268,2013-07-01
2013,4,14.59,0.24012876927139823,100.50733333333334,0.001646646015879383,3063261.27,0.01901814815380297,-0.00279067646,0.016,1.0252813570000001,14.298125,-0.007321764217336114,92.38,-0.025221909504221676,456.81,0.019614281648825505,1.0496,0.010702489837398464,6.089966666666667,-0.005774525312125319,-0.0015327953669781985,0.015295862613038032,0.011788807820867647,1.3615,0.02641694209817606,0.04141536814804138,1006,0.09145129224652088,0.0041858025793706346,6.933333333333334,-0.04326923076923074,1768.66734375,0.052991168933601285,0.013720489392551218,0.007919273863725762,0.20833333333333334,0.013366528886186857,0.001411493765052828,1.6683040130454211e-4,-0.0014880952380951534,-0.005882352941176554,-0.01086956521739146,-0.11538461538461531,131.9,-0.003032600454890111,138.13333333333333,-0.008928571428571539,66948,0.011073270797235593,237695.33333333334,0.040501426195437853,149206.33333333334,0.007584575274954946,228190.66666666666,0.018747480177395512,34705,0.04280843298275938,215954.66666666666,0.02055060938715533,155777,0.01118051231354216,2013-10-01
2014,1,13.03,-0.42685116193354555,100.2827,-0.002240000850927724,3098814.196666667,0.011473074669952892,0.0076122253,0.015,1.0415919100000002,14.814754098360655,0.03487260705986493,95.68,0.03448996655518406,460.42,0.007840667216888957,1.1033666666666666,0.04872964563004126,6.1018,0.0019393184524783991,-0.0038727442061359226,0.022459154997206503,-0.03350544184837118,1.3703666666666667,0.006470287757534577,0.021570128091516996,1035,0.028019323671497585,-0.018940442975700696,6.666666666666667,-0.03999999999999999,1834.8711475409837,0.03608090076499763,0.0012521810710656596,-0.0028350667467475403,-0.4999999999999999,0.00149510581547002,-3.480559069580403e-4,0.008030104100265395,0.007385524372230428,-0.005917159763313694,-0.005464480874316823,0.1333333333333333,133.76666666666665,0.013954647395962966,139.53333333333333,0.010033444816053552,68102,0.016945170479574754,230851.33333333334,-0.029646785665810894,152038.33333333334,0.018626881378599695,228712,0.0022794314829713484,34237,-0.01366942197038292,216728,0.0035682206882975114,155309.33333333334,-0.0030111948627255087,2014-01-01
2014,2,14.42,0.4196953122743107,100.5354,0.0025135424934897574,3144027.853333333,0.014380806651801845,0.011808678139999999,0.017,1.063774262,12.88984126984127,-0.14933565031736729,96,0.0033333333333332624,468.44,0.017120655793698192,1.0905333333333334,-0.011767942291233572,6.231066666666667,0.020745511736888347,-0.03261517979298363,-0.006305361271114841,0.038020368054314795,1.3714666666666666,8.020610538595267e-4,0.01675313873816785,930,-0.11290322580645161,0.02719838892949044,6.2,-0.07526881720430109,1900.3726984126984,0.03446773936840147,0.018835295933684926,0.013356015432139863,0.30434782608695643,0.018139637155186624,0.005017997304368466,0.011083508120389109,-0.0044510385756676134,0.02873563218390805,-0.011049723756906037,-0.03448275862068969,133.4,-0.0027486256871562652,140.1,0.004044729954794168,67307.66666666667,-0.011801528305344044,235151,0.018284705005152675,153566.66666666666,0.009952246581289216,231539.66666666666,0.012212450278497955,35100.666666666664,0.024605420599798606,219579.66666666666,0.012986934127173238,156962.33333333334,0.010531189011376401,2014-04-01
2014,3,14.38,-0.036280225539854105,100.80263333333333,0.002651055081563712,3217151.723333333,0.02272938185341023,0.00114675844,0.017,1.064916001,13.0378125,0.011349390870495298,98.97,0.030009093664746883,471.7,0.00691117235531056,1.0892,-0.0012241400416208306,6.163566666666667,-0.010951451270097922,0.01374410970654376,0.018630000048060143,-0.008832011535688524,1.3245666666666667,-0.03540780632659733,-0.008830110276490423,940,0.010638297872340425,0.0099006932479978,6.066666666666666,-0.021978021978022046,1975.908125,0.03822820789671158,0.01629351025132693,0.01206205302509572,-0.35294117647058815,0.017363725418986578,0.011812805238825864,0.010016767705386193,-0.0029761904761905185,0.005714285714285796,-0.005555555555555635,-0.03571428571428575,132.46666666666667,-0.007045797684952218,139,-0.00791366906474816,68521,0.01770746681066138,259957.66666666666,0.09542579368692078,155184.66666666666,0.010426287820532098,237487.66666666666,0.0250455111353151,36525,0.038996121378051626,225707.33333333334,0.027148726521956247,159953.33333333334,0.01869920393448089,2014-07-01
2014,4,15.56,0.31792561782623113,100.7199,-8.214199312483145e-4,3274184.0766666667,0.017418798698513056,-0.00803351757,0.015,1.031479367,16.1715625,0.193781522348258,95.4,-0.03742138364779867,476.72,0.01053029031716739,1.1356333333333333,0.040887610437641254,6.1462,-0.002825594134044898,0.02093975614338547,0.09177850313008237,-0.08013394595436492,1.2493,-0.06024707169348162,-0.0540546231758933,1043,0.0987535953978907,0.005912418807097695,5.7,-0.06432748538011689,2009.344375,0.016640378033755402,0.007185189484407599,0.005596440957547822,-1.8333333333333335,0.005289864328735528,-1.9590517437284485e-4,0.003954466437146036,0.004444444444444402,0.005681818181818262,-0.00558659217877103,0.03448275862068969,129.5,-0.022908622908622923,133.2,-0.04354354354354363,65181.333333333336,-0.05123655034161106,229069.66666666666,-0.1348410745493729,150703,-0.029738403792005846,235075,-0.010263391116310356,36742.666666666664,0.005924084624596226,223147,-0.011473751981130568,157173.66666666666,-0.017685320484135507,2014-10-01
2015,1,14.18,-0.3554506421507766,100.00754,-0.007123062921055649,3305249.0233333334,0.009398670553221394,-0.00543199002,0.013000000000000001,0.9929864622,16.7627868852459,0.035270053201373046,96.04,0.0066638900458142495,477.19,9.849326264170886e-4,1.2413,0.08512580896372093,6.236166666666667,0.014426597535879356,0.004524627413572258,0.03848692447912658,-0.08891244435022255,1.1261333333333334,-0.10937130002367983,-0.04534548416209909,1056,0.01231060606060606,-0.018384721260463737,5.533333333333333,-0.0301204819277109,2063.6898360655737,0.026334122558447755,0.008525445667232115,0.009402307394674321,2.5,0.008230043777470684,-7.104647537337425e-4,0.0074028891310796326,-0.0044642857142856715,0.022222222222222143,-0.011299435028248548,-0,125.96666666666667,-0.028049748610743566,125.6,-0.06050955414012735,64578.333333333336,-0.00933749709654941,222048,-0.03162229187683139,147106.33333333334,-0.02444943453601583,232038,-0.01308837345607185,36226,-0.014262316200150837,221055.66666666666,-0.009460663754378654,154348.66666666666,-0.01830271722463859,2015-01-01
2015,2,16.21,0.57962459315483,99.82569,-0.0018216753623241813,3353561.6866666665,0.014406373833950359,0.01205595644,0.013000000000000001,1.012232915,13.867936507936507,-0.2087441326005996,97.39,0.013861792791867689,479.58,0.004983527253013025,1.2292666666666667,-0.00978903411247899,6.203233333333333,-0.005309059254044922,0.0185986652803001,0.018189904515088343,-0.01023729975156345,1.1071666666666666,-0.017130814391088482,0.01241304347826095,959,-0.10114702815432743,0.02521089629569844,5.433333333333334,-0.018404907975460058,2101.8290476190477,0.018145724837459153,0.012082040754128559,0.006720658996851591,1.1818181818181817,0.011361740342070471,0.013157165679376265,-0.008658536625618203,0.0014858841010400344,-0.011235955056179735,0,-0.03571428571428575,125.36666666666666,-0.004785961180537159,126.06666666666666,0.0037017451084082648,63566.666666666664,-0.01591504981646573,225226,0.014110271460666176,146430,-0.004618816726991348,232793.66666666666,0.0032460791459102854,37980.333333333336,0.046190572313741386,221206.66666666666,6.826195714414876e-4,153356.33333333334,-0.006470768515157382,2015-04-01
2015,3,16.36,0.01658229758176217,99.4802,-0.0034729524066095373,3430440.6133333333,0.022410802381436383,0.0026267737400000003,0.012,1.0132115480000001,19.045,0.2718332103997634,100.81,0.033925205832754705,481.27,0.0035115423774596333,1.3092,0.06105509726041338,6.3048,0.016109419278433384,0.024277935405604786,0.006647887108714865,-0.07283672625338902,1.1120666666666665,0.004406210658833318,0.010241845253464171,964,0.005186721991701245,0.009832654290816763,5.1,-0.06535947712418312,2027.2,-0.03681385537640474,0.006750157038385394,0.0036129431618548025,-0.6923076923076924,0.006741926078026018,0.005709869561242962,0.026652085200057726,0.002962962962963005,-0.005649717514124374,0,0.06666666666666672,123.36666666666666,-0.01621183463928668,123.5,-0.02078272604588391,63421.333333333336,-0.002291552789807769,223770,-0.006506680967064396,146059.33333333334,-0.002537781449547834,233791,0.004265918420013358,39492.333333333336,0.03828591203355925,221755.66666666666,0.0024756977273786315,152615.33333333334,-0.004855344373435609,2015-07-01
2015,4,16.51,0.014139885022799777,98.91802333333334,-0.005683258194234628,3456766.52,0.007615760715787867,-0.004498436880000001,0.012,0.9815690752,17.11328125,-0.11287833827893184,98.11,-0.02752013046580372,479.08,-0.004571261584704012,1.3354666666666666,0.019668530351437695,6.387866666666667,0.013003819741593396,0.01396660906701194,-0.0058628762183789915,-0.007780299171027716,1.0948,-0.015771526001704915,-0.02104661891998772,1089,0.1147842056932966,0.004993693958623671,5.033333333333333,-0.013245033112582735,2052.311875,0.012235896164660563,0.0017072929069428847,0.0016010563397572232,-Inf,0.0027402406496628688,0.001256609263681746,0.0032595684778369475,0.002954209748892213,-0.01724137931034487,0,-0.03448275862068969,120.96666666666667,-0.019840176357123103,120.53333333333333,-0.024612831858407097,61819,-0.02591975498363506,223573.33333333334,-8.796517175572085e-4,143315.33333333334,-0.01914659050206305,229090.66666666666,-0.020517349753809307,38921.333333333336,-0.014670617656126888,217215,-0.020904019826746112,149529.33333333334,-0.02063809107689015,2015-10-01
2016,1,16.37,-0.05157257167036096,99.15946333333333,0.0024348659410184104,3407836,-0.014358237896424599,6.4634066e-4,0.015,0.9670526830999999,20.88622950819672,0.1806428612074784,98.75,0.006481012658227854,493.85,0.029907866761162374,1.3743666666666667,0.02830394606000351,6.5418,0.02353073058383529,0.02388132977977295,-0.05365745734918572,0.00258672456002589,1.1027,0.007164233245669736,-0.06025948615219775,1048,-0.039122137404580155,-0.018767493330477347,4.9,-0.0272108843537414,1951.224918032787,-0.0518069219150441,0.0049459787995293145,0.005632232617418185,1,0.0038774231820956208,0.0040307803934954345,0.01092061519301942,0.004411764705882311,-0.01754385964912264,0,-0.03571428571428575,118.33333333333333,-0.02225352112676062,117.56666666666666,-0.025233909838389582,61123.333333333336,-0.011381360091618,219618,-0.018010059891872904,142731.66666666666,-0.00408925839862693,227233,-0.00817516235171237,39649.666666666664,0.018369217059411896,215729.66666666666,-0.006885160285480794,147034,-0.01697113139364598,2016-01-01
2016,2,17.49,0.2669176715377989,99.65415333333334,0.004964068063930223,3455735.2866666666,0.01386080897211005,0.011723505569999999,0.015,0.9849942912999999,15.8478125,-0.3179250769276025,99.05,0.0030287733467945195,500.38,0.013050081937727272,1.2885666666666666,-0.06658561192022151,6.530166666666666,-0.0017814757152702664,-0.009406367333426967,-0.06802174140674201,0.03279274449358884,1.1296666666666666,0.02387134848037762,0.0025325278810407682,979,-0.07048008171603677,0.022666881747029115,4.933333333333334,0.006756756756756733,2075.1315625,0.059710259680083894,0.009972605900009552,0.0031094843091853835,1.107142857142857,0.01007592574402259,0.005107922762847228,2.1137110020320703e-4,0.0014684287812040283,-0.011834319526627389,-0.0056818181818180605,-0.07692307692307682,119.86666666666667,0.012791991101223683,119.7,0.01782233361180735,60032.666666666664,-0.018167886372974795,219598.66666666666,-8.803939307468337e-5,141572.66666666666,-0.008186608526127926,225369.66666666666,-0.00826789763189076,38890.666666666664,-0.01951625068568294,214171,-0.00727767375913012,146415.33333333334,-0.004225422656096972,2016-04-01
2016,3,17.63,0.016144403380655717,99.55528666666666,-9.930830393538807e-4,3531453.79,0.021441170644153726,0.0033268194099999996,0.017,0.9939650954,13.3425,-0.18776934607457377,100.99,0.01920982275472817,503.79,0.006768693304750045,1.3052666666666666,0.0127943204453751,6.664633333333334,0.02017615372688681,9.88169361470364e-4,-0.05382997367304052,0.016088619279968335,1.1159999999999999,-0.012246117084826808,-0.09307936507936498,1019,0.03925417075564279,0.00869890185817149,4.9,-0.00680272108843535,2162.0568749999998,0.0402049148221411,0.008774711751686043,0.005414484304215697,-1,0.008882801121948496,0.008388033852959305,0.014109557223081843,0.0014662756598241718,-0.005952380952380825,0,-0,120.56666666666666,0.005805916505391114,120.63333333333333,0.007736943907156587,60269.333333333336,0.003926817397460369,216609,-0.013802135029784805,141554.33333333334,-1.2951446205565777e-4,225031.66666666666,-0.0015020108281056741,39280,0.00991174473862871,213295.66666666666,-0.004103849585942563,146004.66666666666,-0.002812695484619346,2016-07-01
2016,4,18.11,0.08580873839965328,100.02837333333333,0.004729524742846372,3604399.5166666666,0.02023796927320822,0.00222574197,0.018000000000000002,0.9929864622,14.181269841269842,0.05914631416355137,100,-0.009899999999999949,504.54,0.0014865025567843977,1.3341333333333334,0.021637017789326515,6.8301,0.02422609722649247,0.006978221065532583,0.06436756544721069,-0.011381318632463364,1.0783666666666667,-0.034898457543816125,-0.05718888441401526,1070,0.04766355140186916,0.0015301496660451955,4.766666666666667,-0.02797202797202806,2184.8785714285714,0.01044529280803453,0.011097864819168045,0.006253629480886328,0.30000000000000004,0.0135912331721127,0.007738419193892913,0.007872384150912832,0,0.017543859649122848,-0.005714285714285796,0.10344827586206891,120.93333333333334,0.0030319735391400844,121.3,0.005496015388843128,59378,-0.015011171365376667,224858.66666666666,0.036688230829439485,142331,0.005456763928214212,226025.33333333334,0.004396262365870578,38835,-0.011458735676580404,214217.33333333334,0.004302484081587015,147006.33333333334,0.006813765393327857,2016-10-01
2017,1,17.69,-0.1156399644529271,100.75646666666667,0.007226269016976251,3635841.6433333335,0.008647826212211171,0.00790736963,0.018000000000000002,1.009949437,11.831290322580646,-0.1986241106943454,102.19,0.021430668362853487,507.58,0.005989203672327443,1.3226333333333333,-0.008694775573981248,6.8847,0.007930628785567963,-0.006798595166140601,0.036253574256780566,0.011340160872049502,1.0658666666666665,-0.011727545659244602,-9.675078610014431e-4,1121,0.045495093666369314,-0.01725391352318127,4.566666666666666,-0.04379562043795625,2325.9279032258064,0.06064217708623518,0.010648768923715638,0.005624871678442851,0,0.010663195814356393,0.007400924617303541,0.007988627662568595,0.002923976608187176,-0.005882352941176554,0,-0.03571428571428575,121.89999999999999,0.007929997265518084,122.5,0.009795918367346963,60724,0.02216586522626968,218162.66666666666,-0.030692694136485316,145745.33333333334,0.023426707773376458,227985.33333333334,0.008597044254308756,38315.333333333336,-0.013562890400709834,215866,0.007637454099611134,148811,0.012127239697782132,2017-01-01
2017,2,18.88,0.2538724570839458,100.67373333333333,-8.217966156018561e-4,3665247.4033333333,0.008022858149563633,0.005435177060000001,0.016,1.02152993,11.436349206349206,-0.03453384546986177,101.7,-0.004818092428711848,508.19,0.0012003384560892848,1.3446,0.016336952749268698,6.8595,-0.0036737371528536905,-0.038350869192264575,-0.022360177249003552,-0.009674699329871713,1.0998999999999999,0.030942206867290992,0.03046015946636088,1010,-0.1099009900990099,0.022321831537345162,4.4,-0.03787878787878774,2397.9709523809524,0.03004333688179762,0.007316956626557681,0.004251289405835356,-0.6666666666666667,0.006754826042780785,0.006681013658403148,0.005279905276512717,-0.0014641288433383387,0.005847953216374352,0,0.03448275862068969,121.9,1.1657797141264974e-16,122.63333333333334,0.0010872519706442508,61030,0.005013927576601671,227652,0.041683505233133654,146600,0.005829922692132721,228822,0.0036564083290359186,37712.333333333336,-0.015989464101045636,216677,0.0037428984156140247,149669.33333333334,0.005734864412215437,2017-04-01
2017,3,18.85,-0.02965086640210858,101.22773333333333,0.005472808505705967,3726373.09,0.01640353372846693,0.00396615691,0.015,1.028217257,11.023174603174603,-0.03748236039512716,109.8,0.07377049180327865,520.92,0.024437533594409817,1.2525666666666666,-0.07347579636479769,6.668466666666666,-0.028647265238385646,-0.0027681886951715015,-6.867455408083703e-4,0.04908001350438886,1.1752,0.06407420013614716,0.023162288739564402,1012,0.001976284584980237,0.0068575293852508505,4.3,-0.023255813953488497,2467.1746031746034,0.028049758093571516,0.012135010710960684,0.007235600668571555,0.4,0.013645706640903206,0.00788219884236884,0.015817185664154576,-0.0014662756598239634,0.005813953488371969,-0.0057471264367816915,-0.03571428571428575,123,0.008943089430894263,123,0.002981029810298049,62391.666666666664,0.021824495792707323,225919.66666666666,-0.007667917357054689,149051,0.016444035934009164,230434.33333333334,0.006996931880810627,36990.333333333336,-0.019518612970956375,218153.66666666666,0.006768928935413984,151571.66666666666,0.012550718581968798,2017-07-01
2017,4,19.17,0.044461566821659936,101.404,0.0017382614755499118,3800738.36,0.01956600611676938,0.00370629636,0.017,1.035557005,10.276507936507937,-0.07265762565259024,107.67,-0.019782669267205306,529.09,0.015441607287985168,1.2716333333333334,0.01499383994338,6.612866666666667,-0.008407851360478946,0.006459283436283234,0.016695391412929868,-0.027758501040943618,1.1778,0.0022075055187637423,0.013434447429877231,1115,0.09237668161434978,0.003940603073673655,4.133333333333333,-0.040322580645161366,2603.2773015873017,0.05228129109784509,0.016083639035742982,0.0094663059292903,0.2592592592592593,0.016921694612517697,0.01729321077193573,0.0076128581405342285,0,0.005780346820809331,0,0.03448275862068969,124.43333333333334,0.011518885614787065,124.96666666666667,0.015737530008002147,63714.333333333336,0.020759326786751357,233874,0.034011191211222036,153524.66666666666,0.02913972564669298,236097.66666666666,0.023987248215074752,38165.666666666664,0.030795566696070514,223413.33333333334,0.023542313201241432,156003.66666666666,0.02840958866351432,2017-10-01
2018,1,18.46,-0.17259580897027452,101.4619,5.706575571717425e-4,3824879.5933333333,0.006311632234230574,0.0088611838,0.018000000000000002,1.045669548,17.19737704918033,0.40243748176715466,112.83,0.0457325179473544,536.01,0.01291020689912494,1.265,-0.005243741765481021,6.353,-0.04090455952568352,-0.0051936431464881805,-0.04243464974677413,0.022305147994232832,1.2290333333333334,0.04168587779013327,0.0464069346998394,1163,0.0412725709372313,-0.015578757240161728,4.033333333333333,-0.02479338842975198,2733.4767213114756,0.04763143534718172,0.015030568542029634,0.009230790152636576,-0.1250000000000001,0.014363970002697807,0.014292643226023773,0.014708382402942092,-0.002941176470588277,0.017045454545454586,0,-0,125.89999999999999,0.01164945724119662,126.6,0.012901527119536538,63654.666666666664,-9.373494480635856e-4,231622.33333333334,-0.009721284792629339,155679.33333333334,0.01384041555505132,239490,0.014164822469970952,38938.333333333336,0.01984334203655365,227208.66666666666,0.016704175016797985,158363.66666666666,0.014902408170224231,2018-01-01
2018,2,20.14,0.34928394635519283,101.32463333333332,-0.0013547215731351538,3844524.51,0.005109843002838994,0.01033075567,0.021,1.065894634,15.47,-0.11165979632710588,112.07,-0.00678147586329977,540.16,0.00768290876777247,1.2907666666666666,0.019962296309686788,6.3773,0.0038103899769495256,0.03907093941521453,0.007698035663126278,-0.038534372660413097,1.1924,-0.03072235267807239,-0.02247631173028423,1045,-0.11291866028708133,0.02126388114466997,3.933333333333333,-0.025423728813559344,2703.13125,-0.011226044355587857,0.015104522029345716,0.006641870706739614,0.31428571428571433,0.013789202918585451,0.016344252779489508,0.016503545214044273,-0.0029498525073746733,-0.011494252873563383,0,-0.07407407407407397,127.56666666666666,0.01306506401881373,127.83333333333333,0.00964797913950457,66129,0.0374167662195608,240765.66666666666,0.03797606801634223,160791,0.031790751140714696,242617,0.012888626930511876,38821.666666666664,-0.003005194693684923,230163.66666666666,0.012838690149473347,162232,0.023844453211039396,2018-04-01
2018,3,19.27,-0.19922554778426485,101.52156666666666,0.0019398177136089692,3911314.696666667,0.017076147496796278,0.00327267568,0.021,1.072908172,13.012380952380953,-0.18886774500475736,115.7,0.031374243733794376,547.56,0.013514500693987833,1.3069666666666666,0.012395113366829039,6.8056,0.06293346655695312,0.04569595952065643,0.02153729555976134,-0.03524208990608195,1.1633,-0.025015043410985906,-0.04441773640873511,1047,0.0019102196752626551,0.007854286124749133,3.7666666666666666,-0.044247787610619434,2849.6014285714286,0.05140023341610186,0.009163213527944395,0.005224517133981196,-1.1874999999999998,0.007545842937261855,0.014100394500402768,0.011373262174004771,0.0014727540500737632,0.016949152542372923,0.005714285714285796,0.1290322580645161,127.33333333333333,-0.0018324607329843008,127.8,-2.608242044861615e-4,67315.33333333333,0.01762352312004192,242306.66666666666,0.0063597094590876575,160615.33333333334,-0.001093710438604805,245392.66666666666,0.011311123125113724,39815,0.02494872116873881,232945.66666666666,0.011942699084335833,163004.66666666666,0.004740150588735641,2018-07-01
2018,4,17.83,-0.31287989335886707,101.01276666666666,-0.0050369870739110575,3978664.7866666666,0.016927812120715476,-5.7494736e-4,0.02,1.059696624,20.873174603174604,0.37659789659394227,113.57,-0.0187549528924893,561.37,0.024600530844184867,1.3215,0.010997603733131509,6.913166666666667,0.015559680802333763,0.025612588603260867,0.010773690708190729,-0.01890648952478276,1.1410666666666667,-0.01948469268520682,-0.013739112401493198,1146,0.08638743455497382,0.003552566934645686,3.833333333333333,0.017391304347826028,2698.9261904761906,-0.05582784687737359,0.007992882589848786,0.003272470074423038,0.15789473684210517,0.008493478894285172,0.004621393331312132,0.010181664398822112,0,0.005617977528089967,-0.0057471264367816915,-0,126.96666666666667,-0.002887897085849252,126.30000000000001,-0.011876484560569958,65430,-0.028814509144632867,237090.33333333334,-0.022001459359372085,158817.33333333334,-0.011321182406622282,248033,0.010645088892741463,40800.333333333336,0.024150129492406167,235156,0.009399434134503662,162524.66666666666,-0.0029533978431991862,2018-10-01
2019,1,17.44,-0.11059356513823103,100.39343333333333,-0.006169062186338183,4003749.8200000003,0.0062653848170097885,0.00335116034,0.017,1.045995759,16.86688524590164,-0.2375239588617243,117.4,0.03262350936967642,620.88,0.09584782888802988,1.3293333333333333,0.005892678034102326,6.7449666666666666,-0.02493711360075917,-0.022512766507043803,-0.02333844005411671,-0.007393888342926634,1.1354333333333333,-0.004961395062090872,0.01299764609558892,1197,0.042606516290726815,-0.016271469220717243,3.8666666666666667,0.008620689655172499,2721.004426229508,0.008114002145858824,0.009730191492816986,0.007199023849009345,-0.8999999999999999,0.008389315233747663,0.009081434113085896,0.016259309094230456,-0.0044378698224853755,0.005586592178770831,0,-0.06896551724137938,126.13333333333333,-0.006606765327695636,125.7,-0.004773269689737538,65839.66666666667,0.006222186220059916,250490,0.05349381878185419,157073,-0.011105239814184124,245902.33333333334,-0.008664686657439838,40263.333333333336,-0.01333719678781356,232713,-0.010497909442102504,161295,-0.007623712245678148,2019-01-01
2019,2,19.25,0.41255245091830717,99.80063666666666,-0.005939808466819787,4034896.8933333335,0.007719422368585443,0.01198513227,0.017,1.075191649,15.313174603174604,-0.10146234748769417,118.73,0.011201886633538265,634.11,0.020863887968964403,1.3375666666666668,0.006155456425848084,6.8219,0.011277405610362765,-0.013404609797317559,-0.002619196175215325,-0.017474526235596748,1.1238666666666666,-0.010291849566971224,-0.013615498327238658,1085,-0.1032258064516129,0.01907715606397365,3.666666666666667,-0.054545454545454466,2882.3277777777776,0.055969814672724945,0.010059504796956836,0.0036934693802228194,0.6153846153846154,0.01107451512973736,0.015029792840033125,0.011037970165727938,0.005882352941176554,-0.022857142857142777,0.005714285714285796,0.03333333333333336,126.6,0.0036861506055819,126.46666666666667,0.0060622034791776415,65715.66666666667,-0.001886916869138257,245748,-0.019296189592590784,158060.66666666666,0.006248655579503167,241761,-0.017129865169871663,39352.666666666664,-0.023141167900523597,228335.33333333334,-0.019172094842964837,161570.33333333334,0.0017041082211875305,2019-04-01
2019,3,19.78,0.09476418338517416,99.09988333333334,-0.007071182223053315,4102490.9499999997,0.01647634510117961,0.00274166008,0.018000000000000002,1.0698091669999998,15.993125000000001,0.042515168037853594,120.17,0.011983024049263524,646.36,0.018952286651401695,1.3206333333333333,-0.012822130795830385,7.018033333333333,0.02794705069321411,0.012600407500122998,-0.02380727605856863,-0.021100739012057508,1.1117,-0.010944199574225655,-0.0424168694241687,1085,0,0.006701732003655453,3.6,-0.018518518518518576,2957.8528125,0.025533736635930816,0.009769954724452872,0.006328838166470121,-0.8571428571428573,0.010038643304699234,0.007807690623046334,0.010250220848839026,0,0,0,-0.03448275862068969,125.6,-0.007961783439490446,125.16666666666667,-0.010386151797603172,65534.333333333336,-0.0027669974517174575,246893,0.004637636547006193,156709.66666666666,-0.008621038055512424,238621.33333333334,-0.013157527128057803,39282.666666666664,-0.0017819564184373092,225469.33333333334,-0.012711263024683327,160297,-0.007943588048019258,2019-07-01
2019,4,18.4,-0.28710585937500055,98.83753,-0.0026543898186583274,4161125.4233333333,0.014091013215930313,0.00213017997,0.016,1.066220845,14.11,-0.13346031183557772,120.1,-5.828476269775803e-4,661.86,0.023418849907835493,1.3198333333333334,-6.06137138527525e-4,7.043233333333333,0.003577902194541317,0.011327837049136714,0.012513811129677511,-0.002730109204368199,1.1074333333333333,-0.00385275261114286,0.04294954721862864,1188,0.0867003367003367,0.0030674375427142183,3.6,0,3082.755625,0.040516611659738674,0.009521554628568346,0.005828152017982388,0.06666666666666672,0.009460435284705658,0.010058520533430678,0.007267717954421086,-0.0014727540500735538,-0.01744186046511632,0,-0.15999999999999998,125.1,-0.003996802557953637,124.73333333333333,-0.00347407803313739,65292,-0.0037115317854152998,241727.66666666666,-0.02136839942469698,155565,-0.0073581246852869025,235926.66666666666,-0.011421628189550509,37795,-0.0393614675662565,223002.66666666666,-0.01106115322985683,159166.66666666666,-0.007101570680628334,2019-10-01
2020,1,12.3,-0.942442558222522,98.86954,3.237599770364022e-4,4174598.436666667,0.0032273794803822104,0.0041942742199999996,0.018000000000000002,1.052356875,30.920645161290324,0.5436705823439815,115.49,-0.03991687591999307,653.89,-0.012188594411904185,1.3445,0.018346349324408043,6.978533333333333,-0.009271289096085166,0.01700982762436103,0.0026541188848296167,-0.03947701819287475,1.1018333333333332,-0.005082438360308622,-0.006562841814677819,1236,0.038834951456310676,-0.019554997579779923,3.8000000000000003,0.05263157894736847,3055.869193548387,-0.008798292645632822,-0.008638458292950155,-0.012788014506243863,0.11764705882352938,-0.010280393034004874,0.0075073387209302934,0.013133798435287843,-0.00592592592592601,-0.0117647058823529,0.0168539325842697,-0.08695652173913052,124.2,-0.0072463768115941345,123.6,-0.009169363538295632,64917.666666666664,-0.005766278311502299,214265.33333333334,-0.12816974592250097,153149,-0.01577548661760769,231154,-0.02064712990762287,34996.333333333336,-0.07997028260103432,218061,-0.022661854557516736,157860,-0.008277376578402742,2020-01-01
2020,2,11.92,-0.1281476405310174,98.53672333333334,-0.0033775901553047953,4088701.1,-0.021008465663255968,-0.00540035417,0.01,1.018267819,35.125238095238096,0.11970290201442894,114.55,-0.008206023570493215,655.09,0.0018318093697049953,1.3857333333333333,0.029755604733955478,7.084666666666667,0.014980709513503445,0.044726180859601325,-0.013787498821766737,-2.534468775346097e-4,1.1012333333333333,-5.448436601385724e-4,-0.03095717545979325,1179,-0.04834605597964377,-0.13875144635643907,13.066666666666666,0.7091836734693877,2931.687619047619,-0.04235839237916804,-0.1045600963191095,-0.0987334728468026,1.8095238095238093,-0.10839454643776177,0.0013572694790700867,0.3137131936828894,-0.005961251862891292,-0.0625,0.09644670050761414,0.17857142857142858,118.9,-0.04457527333894026,119.26666666666667,-0.03633314700950248,61823,-0.0500568828213879,180007.33333333334,-0.19031446866979493,143843,-0.06469553610533707,195681.33333333334,-0.18127772364592767,21675.666666666668,-0.6145447275746998,182779.66666666666,-0.19302657662504405,147914,-0.0672417756263775,2020-04-01
2020,3,20.6,3.074558716983299,100.45496666666666,0.019095554923615747,4126878.8066666666,0.009250988084504273,0.01131485375,0.013999999999999999,1.0424074380000001,26.1109375,-0.3452308288523956,117.39,0.024192861402163757,656.72,0.002482031916189541,1.3318666666666665,-0.04044448893783167,6.9139,-0.0246990362410025,-0.020248626117400467,-0.013299769985079372,0.08100805888107335,1.1701333333333335,0.05888217866909769,0.039854605449717626,1170,-0.007692307692307693,0.057878793200562835,8.8,-0.4848484848484847,3319.8340625,0.11691742302327224,0.077946072630595,0.06958344520461661,1.5675675675675678,0.07995725296516622,-0.0059442352289540345,-0.12731153299516074,0.013235294117647142,0.08045977011494246,-0.0944444444444444,0.20000000000000004,122.13333333333333,0.026473799126637446,122.9,0.029563330621101218,67542,0.08467324035415001,222824.66666666666,0.1921570622043639,158023,0.08973377293178841,234189.66666666666,0.16443224793578987,40718.666666666664,0.46767248436425546,221320,0.17413850231941688,160418.33333333334,0.07794828105682025,2020-07-01
2020,4,16.17,-0.7314359841978968,101.2564,0.007914890647241414,4165285.1933333334,0.00922058991978204,0.0022995025,0.013999999999999999,1.046974392,25.88078125,-0.008892940586946166,116.68,-0.006085018854987948,658.8,0.0031572556162718997,1.3033333333333332,-0.02189258312020458,6.622533333333333,-0.04399625520948682,-0.007236172371027602,-0.015547964524515479,0.02080007298271221,1.1920666666666668,0.018399418377048282,0.020726042613349562,1352,0.1346153846153846,0.024356222334774334,6.766666666666667,-0.30049261083743856,3554.5015625,0.06601980499199739,0.015095746022594995,0.010529983730282523,-0.9473684210526317,0.014882908843220076,0.004829782940068681,-0.138007488083133,-0.005917159763313694,0.049180327868852576,-0.011235955056179735,0.0540540540540541,124.16666666666667,0.016375838926174596,123.76666666666667,0.00700242391597086,70602.66666666667,0.04335058165886092,233367.33333333334,0.04517627431431428,164906.33333333334,0.04174086703765174,241034.66666666666,0.02839840465548524,40172.666666666664,-0.013591330755571783,227606,0.027617901109812572,165833,0.03265132191220479,2020-10-01
2021,1,19.63,0.8969199849213093,102.00393333333334,0.007328475568589218,4167482.3633333333,5.272175880889711e-4,0.010731144,0.016,1.0884031969999999,23.405409836065573,-0.10576065239926313,119.41,0.022862406833598442,648.91,-0.015240942503582912,1.2663333333333333,-0.029218215319820943,6.4794,-0.022090522785031503,-0.012251783546795052,0.014012246716213962,0.05459485100694297,1.2058,0.011389395698567882,0.042517705639215864,NA,NA,NA,6.166666666666667,-0.09729729729729723,3865.7068852459015,0.08050411787134382,0.02513336950143624,0.01538333065102878,0.5581395348837209,0.024534643815562727,0.02822192902594965,0.21575382625216089,0.010248901903367538,-0.033898305084745846,0.005586592178770831,0.05128205128205122,131.33333333333334,0.05456852791878176,128.1,0.033827738745771496,72613.33333333333,0.027690047741461492,246262,0.0523615769654541,172208,0.04240027563566534,245657.66666666666,0.01881887124765765,38628.333333333336,-0.03997928981317673,232056,0.019176405695177028,172049.33333333334,0.03613110968171925,2021-01-01
