date,stock_idx_dv,ebitda_dv,bus_conf,cpi,vix,inv
2021-03-01,-0.01369735823920792,0.4347,0.0022589454533704385,0.006163304921202618,-0.05940027720129349,0.022862406833598442
2021-02-01,-0.014997361759208017,0.4347,0.0027154978674460706,0.0035339582992920944,-0.07646644073964572,0.022862406833598442
2021-01-01,-0.009599339779950613,0.4347,0.0015144671466908277,0.002558812649915503,0.1018028539104412,0.022862406833598442
2020-12-01,-0.17007281516301068,-0.0212,0.0019188693749630165,0.002420094815720987,-0.11716270848993351,-0.006085018854987948
2020-11-01,-0.16332090215244105,-0.0212,0.0014979564792788388,0.0017821076393015358,-0.1777574508866141,-0.006085018854987948
2020-10-01,-0.16149157356126595,-0.0212,0.0028906364344796808,0.0012017108061828144,0.06083900401819023,-0.006085018854987948
2020-09-01,-0.05030751143587184,0.8946999999999999,0.003040843104992288,0.002452440716666129,0.17209782983120916,0.024192861402163757
2020-08-01,-0.04307224853163543,0.8946999999999999,0.005120338397961861,0.0034950348925480578,-0.17260869071845192,0.024192861402163757
2020-07-01,-0.04740085863334166,0.8946999999999999,0.007884326940383646,0.005112063231813904,-0.1594269166285628,0.024192861402163757
2020-06-01,-0.4968674066793167,0.4731,0.009175093269817546,0.005208292845982133,0.007151308005784241,-0.008206023570493215
2020-05-01,-0.47447396862347285,0.4731,0.002573870741295826,-9.767838025802722e-4,-0.3416774937310913,-0.008206023570493215
2020-04-01,-0.46075406967721094,0.4731,-0.004836408776537433,-0.00701427054708956,-0.39279884876820065,-0.008206023570493215
2020-03-01,-0.5459752378778185,-0.6984999999999999,-0.004433341496801015,-0.0032365721019114633,0.6600272064420346,-0.03991687591999307
2020-02-01,-0.5298859061307281,-0.6984999999999999,-0.0012468019061245828,5.293172194232392e-4,0.2897758540337974,-0.03991687591999307
2020-01-01,-0.5116837661691966,-0.6984999999999999,0.0017926382845895126,0.0018709869456139552,0.013219018991665646,-0.03991687591999307
2019-12-01,0.1912304065090819,-0.0016,0.0011329381496246686,8.28805242386799e-4,0.08964138599466918,-5.828476269775803e-4
2019-11-01,0.1917304065090819,-0.0016,2.3411191825019282e-4,0.0023334328207790856,-0.23499993924465484,-5.828476269775803e-4
2019-10-01,0.20133191003260753,-0.0016,-7.163700166549655e-4,0.003321846091683023,-0.005979253928541231,-5.828476269775803e-4
2019-09-01,-0.08779339709271626,0.0885,-0.00224327551002546,0.0016138337517346269,-0.21981431384349323,0.011983024049263524
2019-08-01,-0.08259588467181635,0.0885,-0.002955840452245659,7.535589064414982e-4,0.29891746898500743,0.011983024049263524
2019-07-01,-0.08689588467181636,0.0885,-0.002343573088462208,0.0019615121617661798,-0.19014791787654148,0.011983024049263524
2019-06-01,0.0035657679454032497,0.17329999999999998,-0.00195292967565508,2.0358385893201668e-4,-0.055936990516429794,0.011201886633538265
2019-05-01,0.002721794196593373,0.17329999999999998,-0.0021629755584964437,1.76214213830137e-4,0.2256196378736338,0.011201886633538265
2019-04-01,-0.0010342320545967502,0.17329999999999998,-0.002348898997343075,0.004617626093699827,-0.11863347184937305,0.011201886633538265
2019-03-01,0.03724618084638115,0.0273,-0.0013956615775065767,0.004635112749707836,-0.0514515685314407,0.03262350936967642
2019-02-01,0.03868708685149207,0.0273,-0.001742394582139191,0.0020872122671157004,-0.2850758106822797,0.03262350936967642
2019-01-01,0.030781024430621154,0.0273,-0.0015961572886210292,-2.0598872607853914e-4,-0.2749168307855425,0.03262350936967642
2018-12-01,0.03337781186449827,-0.3344,-0.003313326283702875,-0.0013030064199799905,0.22298220927231074,-0.0187549528924893
2018-11-01,0.031746180846381145,-0.3344,-0.0022454630562444514,-3.045621029815371e-4,0.0019017801559224616,-0.0187549528924893
2018-10-01,0.032715938714558884,-0.3344,-0.0021861247236487817,0.00283116975551508,0.3328642883326042,-0.0187549528924893
2018-09-01,0.2502298131005152,0.1917,-9.20228776361772e-4,0.0017764877093221156,0.02816072599656148,0.031374243733794376
2018-08-01,0.255852035125343,0.1917,0.0010414421118635033,0.0015492482173715008,-0.04787316548353349,0.031374243733794376
2018-07-01,0.2619044430842771,0.1917,6.266991577990432e-4,7.678688655036386e-4,-0.040347700108656355,0.031374243733794376
2018-06-01,0.23318645365126167,0.3323,0.0011654448558230499,0.0014572848314964063,-0.03263979440695775,-0.00678147586329977
2018-05-01,0.2354609122652323,0.3323,4.7185503191940747e-4,0.002037593805076821,-0.29332438388240656,-0.00678147586329977
2018-04-01,0.2425291131522524,0.3323,-0.0013154970890182876,0.003028668464688881,-0.04139513059798776,-0.00678147586329977
2018-03-01,0.19003191003260753,-0.0075,-0.0012486721762108273,8.696802221892077e-4,-0.18087477768262955,0.0457325179473544
2018-02-01,0.18839444444392356,-0.0075,2.5119613689901884e-4,0.002322503008423617,0.5075668577765432,0.0457325179473544
2018-01-01,0.19695365033253337,-0.0075,5.232104429257276e-4,0.00396026069370907,0.07212560802376132,0.0457325179473544
2017-12-01,0.0842240376448016,-0.0435,6.171397249686582e-4,0.0014450867052023288,-0.026886471866743755,-0.019782669267205306
2017-11-01,0.08208985279256628,-0.0435,-3.3934051538332254e-4,0.0029145679890692595,0.039374088752900695,-0.019782669267205306
2017-10-01,0.0872639745607627,-0.0435,-3.382392821043983e-4,4.29746571149503e-4,-0.03086730113126245,-0.019782669267205306
2017-09-01,0.10081517904724914,0.1663,0.0018020184973058472,0.005459316733657439,-0.1473129118521789,0.07377049180327865
2017-08-01,0.0980492162741773,0.1663,0.0027098825783387153,0.0037723537448258043,0.14288592796979382,0.07377049180327865
2017-07-01,0.10362503013196978,0.1663,0.0018606797472089712,2.538071065990332e-4,-0.02427165118966961,0.07377049180327865
2017-06-01,0.1347341095993713,0.1932,0.0018671246181670115,6.101106388554526e-4,-0.033160397751837524,-0.004818092428711848
2017-05-01,0.1336341095993713,0.1932,-2.8824602295002847e-5,-8.399264142517588e-4,-0.20935241816303735,-0.004818092428711848
2017-04-01,0.13500608683458473,0.1932,-0.0016499124353701153,0.0020796318887806716,0.09427983632287383,-0.004818092428711848
2017-03-01,0.23303678260898736,-0.0659,-5.417881390072927e-4,-4.3484325131487974e-4,0.030871166588131167,0.021430668362853487
2017-02-01,0.2470291131522524,-0.0659,0.0017415106315454287,0.0010333289594541789,-0.006762369910534828,0.021430668362853487
2017-01-01,0.2439417945625455,-0.0659,0.003034084270846224,0.004034972498152878,-0.07441796548916335,0.021430668362853487
2016-12-01,0.2403609122652323,0.026699999999999998,0.0034110272941973124,0.0025181649954458306,-0.2215943799633476,-0.009899999999999949
2016-11-01,0.2438609122652323,0.026699999999999998,0.002956542780778116,0.0011775594357630857,0.042724090511313914,-0.009899999999999949
2016-10-01,0.25962310975643904,0.026699999999999998,0.0018782903175533585,0.00233721214026593,0.02507427601292886,-0.009899999999999949
2016-09-01,0.08797491382834431,0.251,5.120283970787177e-4,0.00261634656848111,0.12799012234949475,0.01920982275472817
2016-08-01,0.08736140860819402,0.251,-0.0017331027757088164,0.0018458084765843748,-0.06120656404502265,0.01920982275472817
2016-07-01,0.08664933571080792,0.251,-9.633991612607126e-4,-5.039545857785237e-4,-0.35080331759284517,0.01920982275472817
2016-06-01,0.009093107079234802,0.1625,8.26221985926556e-4,0.0027682726811033976,0.16437485386953465,0.0030287733467945195
2016-05-01,0.0049397754505438075,0.1625,0.0011962581862710916,0.0023585201016876893,0.03719021512615817,0.0030287733467945195
2016-04-01,0.00249182500555745,0.1625,0.0013838443729120218,0.0038160273147217387,-0.1082911294692454,0.0030287733467945195
2016-03-01,-0.02488352746908659,-0.19390000000000002,0.0026194172274517685,0.003124999999999999,-0.4207124010554089,0.006481012658227854
2016-02-01,-0.020197361759208016,-0.19390000000000002,0.0023728253849651503,-0.0013314457140929908,-0.05333280351921239,0.006481012658227854
2016-01-01,-0.024494065935991984,-0.19390000000000002,9.509832151361316e-4,-4.5865382996990926e-4,0.24000613269209037,0.006481012658227854
2015-12-01,-0.1953537034138855,-0.2207,-5.992059837615008e-4,-0.0010767114875862747,0.10071615896711725,-0.02752013046580372
2015-11-01,-0.19252377071477683,-0.2207,-0.0016929745752417662,0.0011931920829184126,-0.03575234142785029,-0.02752013046580372
2015-10-01,-0.1875836658117585,-0.2207,-0.0021063057914573816,9.885039098485007e-4,-0.45192393225530736,-0.02752013046580372
2015-09-01,-0.1946537034138855,0.1193,-0.002320318398183431,-0.002252650548636185,0.20302000312548835,0.033925205832754705
2015-08-01,-0.18655126266221606,0.1193,-0.002140941459354498,-4.20109816708093e-6,0.26126197388973443,0.033925205832754705
2015-07-01,-0.18805126266221606,0.1193,-0.0014406287809985308,0.0015838073552516916,8.867775138558348e-4,0.033925205832754705
2015-06-01,-0.18946803165912302,0.1943,-8.904585711389102e-5,0.002760280572421624,0.06981012457602945,0.013861792791867689
2015-05-01,-0.1858333576683849,0.1943,6.429960652046044e-4,0.003286905962422084,-0.011715103254631718,0.013861792791867689
2015-04-01,-0.18017281516301067,0.1943,-4.249310664597265e-4,0.0010413932656569214,-0.09766495898681223,0.013861792791867689
2015-03-01,-0.13508893749773979,-0.19820000000000002,-0.0015643643883105822,0.0026867139031087318,-0.07368550257440587,0.0066638900458142495
2015-02-01,-0.13770321448023742,-0.19820000000000002,-0.0022779681224491667,0.0025282355040749157,-0.20216592759282534,0.0066638900458142495
2015-01-01,-0.12918653310902023,-0.19820000000000002,-0.0028760408433725656,-0.006411157544079351,0.14787140211445232,0.0066638900458142495
2014-12-01,-0.15486220881115853,-0.18109999999999998,-0.0028120690101238683,-0.0030941537002861117,0.17671658710428667,-0.03742138364779867
2014-11-01,-0.15184036981156535,-0.18109999999999998,-0.0010369326638749268,-0.0018862112472202762,-0.34634183790976786,-0.03742138364779867
2014-10-01,-0.15576220881115851,-0.18109999999999998,2.0023294426673062e-4,-1.9795308090804465e-4,0.2542835359736768,-0.03742138364779867
2014-09-01,0.08953469003274415,0.1131,1.7152097463577436e-4,7.158587989572003e-5,-0.0018741159830268279,0.030009093664746883
2014-08-01,0.08930967495666753,0.1131,0.0014626406862015345,-1.6002695190761598e-4,0.08861173767819722,0.030009093664746883
2014-07-01,0.08943469003274415,0.1131,0.0010943667916284523,0.0011242199934315064,0.061394985319279276,0.030009093664746883
2014-06-01,0.06650481134273914,0.1354,4.7918574213637555e-4,0.0013193891186227271,-0.08090935346783844,0.0033333333333332624
2014-05-01,0.06951040640829372,0.1354,6.504931912063168e-4,0.0018993913505939482,-0.13810214520192376,0.0033333333333332624
2014-04-01,0.06670689767098383,0.1354,9.853324800419368e-4,0.0018607168834683667,-0.044975851891601776,0.0033333333333332624
2014-03-01,7.518306432420241e-4,-0.1782,0.0011526809046503144,0.0020378938092090538,-0.04268703662098414,0.03448996655518406
2014-02-01,-0.0028342320545967498,-0.1782,5.376075963255042e-4,0.001099568239035038,0.07944716348077697,0.03448996655518406
2014-01-01,-0.004334232054596751,-0.1782,-0.0019220578593305009,0.002418312876134851,0.0034106868186985517,0.03448996655518406
2013-12-01,0.2362609122652323,0.1745,-0.00144624827062774,0.0026371959662404823,0.08937055428801509,-0.025221909504221676
2013-11-01,0.24702288066567435,0.1745,-3.162829001352064e-4,0.0018410935497649857,-0.19218710050731372,-0.025221909504221676
2013-10-01,0.25102310975643904,0.1745,4.1362290914119076e-4,5.349447295105469e-4,0.04645860375867713,-0.025221909504221676
2013-09-01,0.12442711305920297,0.0537,0.001418438305393961,3.7680265817157483e-4,0.03280696977947178,0.04329004329004323
2013-08-01,0.13473097432586653,0.0537,0.002960439483815736,0.002381605099033579,0.016569637259292485,0.04329004329004323
2013-07-01,0.13633097432586655,0.0537,0.0034101183595705133,0.001953628166595159,-0.23592570908144675,0.04329004329004323
2013-06-01,0.132263622539225,0.1096,0.0024021580726676594,0.0023747553184623998,0.21873396267629538,0.020196446308354467
2013-05-01,0.13459462418258605,0.1096,-3.008671787973684e-4,4.1398403574063745e-4,-0.03510072087852853,0.020196446308354467
2013-04-01,0.1390341095993713,0.1096,-0.0023325764356034286,-0.002092348045919549,0.06699752668575892,0.020196446308354467
2013-03-01,0.037018197194086895,0.14,-0.001497777788468539,-0.0028198482878570063,-0.07989345654355741,0.051926109484118035
2013-02-01,0.035556751950101925,0.14,0.0017171063745296585,0.0054006018794781835,0.04031893256966183,0.051926109484118035
2013-01-01,0.04004523503598601,0.14,0.003376662642700975,0.001976873173658374,-0.28427946828391104,0.051926109484118035
2012-12-01,-0.015999339779950612,-0.10439999999999999,0.0018388478819854515,-1.2109626720752695e-4,0.03704893413446565,-0.04479030533444215
2012-11-01,-0.0165,-0.10439999999999999,-5.801515024786442e-4,-0.0016821694364084169,0.025488966185778617,-0.04479030533444215
2012-10-01,-0.013894054055989022,-0.10439999999999999,-9.847893454212602e-4,0.0026895414396602407,0.060914354346955725,-0.04479030533444215
2012-09-01,-0.0801096647925097,-0.0716,4.276168010151308e-5,0.004748609397658074,-0.02648579294939846,0.04832840573118035
2012-08-01,-0.0819683930458835,-0.0716,-1.9188237922075082e-4,0.005775972303168969,-0.11936696199291105,0.04832840573118035
2012-07-01,-0.08046839304588352,-0.0716,-0.0018057828712591945,2.887265409685572e-4,-0.20319405656028844,0.04832840573118035
2012-06-01,-0.041110967825457326,0.050199999999999995,-0.00305335171275806,-8.270466121719949e-4,0.006111139564660706,-0.004660054964750873
2012-05-01,-0.04291096782545732,0.050199999999999995,-0.0020620418609414064,-0.002072466366144548,0.15135918968054704,-0.004660054964750873
2012-04-01,-0.05242316406695705,0.050199999999999995,-3.266981309270784e-4,0.0016580347052844353,0.09289834891585437,-0.004660054964750873
2012-03-01,0.05529021089716718,0.3835,6.07240342331747e-4,0.0020890969244821193,-0.1393696581196581,0.04043767840152226
2012-02-01,0.05600648792618684,0.3835,0.0011834390486916953,0.0021328871934795613,-0.0981243723025977,0.04043767840152226
2012-01-01,0.054724167721924843,0.3835,0.0014693952367021408,0.002716794971954248,-0.23826473440869317,0.04043767840152226
2011-12-01,-0.02458945406733555,-0.2958,0.0012893914188736803,2.3765199825722766e-4,-0.2752471482889734,-0.019583539910758528
2011-11-01,-0.01889933977995061,-0.2958,1.8119733513491883e-4,0.0018444418032390472,-0.027773636661796764,-0.019583539910758528
2011-10-01,-0.01909735823920792,-0.2958,-9.973680481771179e-4,6.747519294376696e-4,-0.11273407696436079,-0.019583539910758528
2011-09-01,0.12863348840566907,-0.0513,-0.0013278975680306373,0.002166842455990211,0.04108594484580872,0.01726233892535864
2011-08-01,0.1377545177229981,-0.0513,-0.0019829976994343475,0.0031445428250465902,0.4510997058348952,0.01726233892535864
2011-07-01,0.12800608683458473,-0.0513,-0.0030395015297424964,0.002613190177244387,0.003865202538977076,0.01726233892535864
2011-06-01,0.09816456143923527,0.2999,-0.002835045384633892,0,0.11704338569089252,0.021276595744680837
2011-05-01,0.10453245038182374,0.2999,-0.004462059580216651,0.003171623533179818,0.03946612603480327,0.021276595744680837
2011-04-01,0.09222503013196978,0.2999,-0.002764037254673139,0.0046721673590875085,-0.2757620204918472,0.021276595744680837
2011-03-01,0.19009735005332387,0.1942,-0.0010700228896141357,0.00514692036620247,0.1589249748237664,0.0479019211324571
2011-02-01,0.17832417585058652,0.1942,5.684269842239048e-4,0.003204174891166141,0.00656913367756739,0.0479019211324571
2011-01-01,0.19463782957616954,0.1942,0.0015337529139827486,0.0032325588755216326,-0.014671563312954009,0.0479019211324571
2010-12-01,0.30570430841307766,-0.0863,0.0020386021408778277,0.004000508001016025,-0.1437811147536137,-0.005575467941059361
2010-11-01,0.31100430841307763,-0.0863,0.002618500243351271,0.0025274374971538177,-0.013814838510935772,-0.005575467941059361
2010-10-01,0.3210641733662677,-0.0863,0.0024706492620286554,0.003469765106033241,-0.1052496260284217,-0.005575467941059361
2010-09-01,0.28415573523050636,0.0507,0.0012080584958826333,0.001612644599702228,-0.098957622410157,0.05584158415841589
2010-08-01,0.2898198896890275,0.0507,-2.6778665864963554e-4,0.0014592310127889761,-0.033109674868643225,0.05584158415841589
2010-07-01,0.2991279957849162,0.0507,-0.002017316878980822,0.0018657659520690127,-0.17019694965938947,0.05584158415841589
2010-06-01,0.41887764007749784,0.1328,-0.0035994267138247985,-4.189706214116076e-4,-0.06729214780600459,0.0047539149888141665
2010-05-01,0.43364677822179076,0.1328,-0.003034288649325785,-5.200423397303122e-4,0.4542888014442534,0.0047539149888141665
2010-04-01,0.451678639954328,0.1328,-6.433044536993891e-4,2.2998762666560696e-4,-0.01969122842038852,0.0047539149888141665
2010-03-01,0.9231241878960915,0.131,0.002101227704652747,3.312583677244056e-4,-0.26861617521106085,0.01573475695420068
2010-02-01,1.0004975257728799,0.131,0.0025236206545603476,-9.526833915528446e-4,0.08415448559286415,0.01573475695420068
2010-01-01,1.084610436236805,0.131,0.0035305165807482616,6.483116309864964e-4,-0.028890325930252477,0.01573475695420068
2009-12-01,31.24140525900518,0.228,0.0024594401145220193,5.199059568340007e-4,-0.12003338540886438,-0.025406794176420226
2009-11-01,134.6458244497512,0.228,0.0013144703352248321,0.0033374149534604286,-0.01947424134149076,-0.025406794176420226
2009-10-01,4652.97421676395,0.228,0.0024885069457264613,0.0029929471754060856,-0.027807453222128565,-0.025406794176420226
2009-09-01,4.561312511302753,0.2523,0.0035265935545158123,0.0019271660929950146,-0.01646735185114438,0.017678173719376532
2009-08-01,6.43914468068024,0.2523,0.006095725171941632,0.0033372786558053986,-0.032583958666502655,0.017678173719376532
2009-07-01,10.183800952120441,0.2523,0.007392762222056788,-2.980542645044985e-4,-0.11381562945203096,0.017678173719376532
2009-06-01,0.3835856200295892,0.3538,0.007257533401281057,0.008231295684156622,-0.09737478357172945,-0.011761371687686165
2009-05-01,0.4028593642527309,0.3538,0.0072213104613058805,0.0014693318061044785,-0.19031238738537504,-0.011761371687686165
2009-04-01,0.42326642515242996,0.3538,0.006634730615585521,0.0010060693247582314,-0.17685158437529144,-0.011761371687686165
2009-03-01,-1.0089527104711182,-0.3899,0.004388046859742225,-9.88258547259973e-4,-0.01730246468530528,-0.07857142857142856
2009-02-01,-0.977199386033784,-0.3899,0.0025192821862258337,0.0036294398345126807,0.01947588469001198,-0.07857142857142856
2009-01-01,-0.9322374944644752,-0.3899,4.345465785894081e-4,0.0025243827058551364,-0.17171875413264764,-0.07857142857142856
2008-12-01,-1.0224352235560739,-0.7162999999999999,-0.004747328319007082,-0.008301876082082117,-0.19697945192021657,-0.10128554733151535
2008-11-01,-1.019138196413901,-0.7162999999999999,-0.008381639176842351,-0.018024611429348934,0.02380056035255539,-0.10128554733151535
2008-10-01,-0.9915859525465403,-0.7162999999999999,-0.01051392536794398,-0.00867301089886866,0.5047579113517084,-0.10128554733151535
2008-09-01,-0.40712671950823537,0.4032,-0.009543019522522843,8.543611251982246e-4,0.3169194499017682,0.03914632708407036
2008-08-01,-0.3972439288118486,0.4032,-0.004687758795435929,-0.0014906945905162259,-0.17523233996623946,0.03914632708407036
2008-07-01,-0.3895996455301042,0.4032,-9.875243629337979e-4,0.007090806151148763,0.09093708312531316,0.03914632708407036
2008-06-01,-0.534440822669586,-0.0034999999999999996,0.001094331275351176,0.010369580112478884,0.17218728463128874,-0.017180022088599898
2008-05-01,-0.5165836708069262,-0.0034999999999999996,0.001563026260858002,0.005882680941228909,-0.17807652191188877,-0.017180022088599898
2008-04-01,-0.4937033403500333,-0.0034999999999999996,7.310254556031359e-4,0.002309037028727411,-0.25696066444622456,-0.017180022088599898
2008-03-01,-0.3506409488784369,-0.0255,-2.671337008720164e-4,0.0035652711667478526,0.06078550740679251,0.03245264808782721
2008-02-01,-0.34355763900456227,-0.0255,-0.0010206571674111398,0.002411995091378435,-0.014149531591392144,0.03245264808782721
2008-01-01,-0.33752520146206744,-0.0255,-1.3687753276428458e-4,0.003435859247598732,0.1613402442173609,0.03245264808782721
2007-12-01,-0.5577375825642493,-0.0129,-9.380277920254789e-4,0.0028896403320011824,-0.18157964770130489,-0.04351620947630916
2007-11-01,-0.5375081110970885,-0.0129,-0.0011138094218234383,0.007797603802043339,0.2527805676299277,-0.04351620947630916
2007-10-01,-0.5224217648003029,-0.0129,-0.0012373642298699392,0.0030737606960179772,-0.1612968873076563,-0.04351620947630916
2007-09-01,-0.31981798648529824,-0.0727,-0.0017210147387791102,0.004219672304084909,-0.12735466872282475,0.03512964511889112
2007-08-01,-0.3123266899588147,-0.0727,-0.0019769516321701116,3.081857011465132e-4,0.3097868890433171,0.03512964511889112
2007-07-01,-0.30927212107328045,-0.0727,-0.001367284457006572,0.001777430961980317,0.13464189226443182,0.03512964511889112
2007-06-01,0.03760707270679558,0.1636,1.0769603255227452e-4,0.0023113967785209637,0.1103782327898289,0.0028482972136223404
2007-05-01,0.041107072706795575,0.1636,0.001214613763533935,0.004115982684820193,0.027427790121346735,0.0028482972136223404
2007-04-01,0.04041066191550551,0.1636,0.0020368068425003073,0.0029916854456445018,-0.172406036706663,0.0028482972136223404
2007-03-01,0.03653915836471131,-0.11,0.0014354936706319332,0.005173220061572093,0.26429705176064444,0.017759562841529963
2007-02-01,0.04011066191550552,-0.11,0.0012116755316367253,0.003863367054145835,0.010108516159471548,0.017759562841529963
2007-01-01,0.03453915836471131,-0.11,-1.6422976942990486e-4,0.0016565324891736385,0.0070636178401629526,0.017759562841529963
2006-12-01,0.10556108770013081,-0.0471,-1.9883539841934349e-4,0.005416051206302286,0.013396046548493227,-0.016689847009735657
2006-11-01,0.11613097432586654,-0.0471,-0.001471190099784402,4.950495049504669e-4,-0.045180421550540924,-0.016689847009735657
2006-10-01,0.11070608683458472,-0.0471,-0.00207428968292666,-0.004457652303120385,-0.07766744391734337,-0.016689847009735657
2006-09-01,0.18714708058214438,0.04190000000000001,-0.001967890289213578,-0.004930966469428008,-0.09579704792439438,0.04477055092650161
2006-08-01,0.18554708058214436,0.04190000000000001,-9.443738383020825e-4,0.004416094210009841,-0.14786544661174247,0.04477055092650161
2006-07-01,0.19367389600813295,0.04190000000000001,-6.158540719875846e-4,0.005421389847215349,-0.10391728850556978,0.04477055092650161
2006-06-01,0.05448985279256627,0.2926,-0.0014092559128779118,0.002477700693756194,0.13834100309477104,0.03059497461268075
2006-05-01,0.0531749138283443,0.2926,-0.001478135373645869,0.0029806259314457163,0.1873171201342351,0.03059497461268075
2006-04-01,0.05306140860819403,0.2926,-1.7739349165212393e-4,0.004982561036372696,0.012952697351901594,0.03059497461268075
2006-03-01,0.1259966101548459,0.060599999999999994,-3.3878140329227584e-4,0.0015022533800700198,-0.0664567613262782,0.03478377652430821
2006-02-01,0.12888658475004272,0.060599999999999994,-8.327215751586417e-4,5.015045135405934e-4,0.03488499683477532,0.03478377652430821
2006-01-01,0.1262211832856666,0.060599999999999994,-0.001847183393661989,0.006021073758153622,0.06447324692588899,0.03478377652430821
2005-12-01,0.17373191003260754,0.0684,-0.0022620051677431597,0,-0.0788294003214074,0.009878948100737552
2005-11-01,0.1759115114447335,0.0684,-0.0010100048963927316,-0.005047955577990914,-0.22967463739709926,0.009878948100737552
2005-10-01,0.1709585335595136,0.0684,0.001250587914944184,0.0015067805123052886,0.1546112403965699,0.009878948100737552
2005-09-01,0.17643191003260753,0.0124,0.003007945178860813,0.013581488933601695,-0.025594446639570962,0.059724564362001124
2005-08-01,0.17583191003260754,0.0124,0.0017282732779914636,0.006119326874043797,0.14688129448099907,0.059724564362001124
2005-07-01,0.17663191003260753,0.0124,0.0024116188028568226,0.006157003591585516,-0.07418194982680465,0.059724564362001124
2005-06-01,0.17843191003260753,0.1841,0.001539638271379342,5.162622612286748e-4,-0.17685120848538557,0.01629053953071295
2005-05-01,0.1784709318557106,0.1841,-0.0011949871145606414,-5.165289256198053e-4,-0.03518341742806489,0.01629053953071295
2005-04-01,0.17359444444392358,0.1841,-0.0024152900445699706,0.003097573567372196,0.0921695548556304,0.01629053953071295
2005-03-01,0.07648147149224586,-0.1421,-0.002283914941108534,0.00362506473329875,0.10798240146387168,0.0306897599513825
2005-02-01,0.07711841195515741,-0.1421,-0.002098760031496332,0.004158004158004217,-0.1476693486762261,0.0306897599513825
2005-01-01,0.07528905709858161,-0.1421,-0.0015764780349681329,-5.219206680584255e-4,0.07281251268451752,0.0306897599513825
2004-12-01,0.01179668732361816,0.2021,1.4858370016928156e-5,0,-0.08973630676596651,-0.013009404388714707
2004-11-01,0.014718197194086888,0.2021,-4.0019137864930564e-4,0.004694835680751055,-0.10283028793883478,-0.013009404388714707
2004-10-01,0.018145235035986015,0.2021,-0.0019318342721857523,0.0052410901467505235,0.05883288281125766,-0.013009404388714707
2004-09-01,0.0775184119551574,0.0329,-0.0030507811264666057,0.0031612223393046508,-0.18386858959590832,0.08432616431997518
2004-08-01,0.07734921627417729,0.0329,-0.0031144115181006484,5.285412262156148e-4,0.07082854937370663,0.08432616431997518
2004-07-01,0.0724890570985816,0.0329,-0.002179507327230632,0.001057641459545154,0.01029865542229234,0.08432616431997518
2004-06-01,0.3086518444901539,0.042800000000000005,-0.0016053488105423278,0.00370566437268405,-0.15396693725188107,-0.029908752957080148
2004-05-01,0.3087518444901539,0.042800000000000005,-5.694844404521761e-4,0.0042507970244419924,0.11332553354581022,-0.029908752957080148
2004-04-01,0.32359822806957095,0.042800000000000005,1.1539676439201861e-4,0.0016008537886873606,-0.12668795277490935,-0.029908752957080148
2004-03-01,0.25554043803414195,0.16949999999999998,-2.7385443267567267e-5,0.002137894174238406,0.09549007101465963,0.03379819524200168
2004-02-01,0.25304043803414195,0.16949999999999998,2.9340742848928563e-5,0.002142474558114501,-0.006411816955620526,0.03379819524200168
2004-01-01,0.2599590850909165,0.16949999999999998,0.0015717319077225283,0.004294149221685514,-0.0450508438211067,0.03379819524200168
2003-12-01,1.3337675753466058,0.0974,0.004242617786276393,0.0026954177897574125,-0.03415408151368751,0.004075394803871659
2003-11-01,1.4920093087672532,0.0974,0.005658626995939948,5.405405405405099e-4,-0.035769423980768655,0.004075394803871659
2003-10-01,1.699365768264471,0.0974,0.0049448478306680825,-0.0010816657652784674,-0.08371872896406116,0.004075394803871659
2003-09-01,0.4877533080705491,0.1378,0.0034720323420012545,0.0032414910858994833,0.013213711053683864,0.03887468030690539
2003-08-01,0.5109543313724751,0.1378,0.004267360033683923,0.004336043360433666,0.005858690671913366,0.03887468030690539
2003-07-01,0.5446850207920542,0.1378,0.004315007685509294,0.003266194882961319,-0.06267911505724347,0.03887468030690539
2003-06-01,0.610741791872124,0.037200000000000004,0.003845620860004966,0.0010922992900053994,0.006033535230700869,0.03033528472591806
2003-05-01,0.6504698976654063,0.037200000000000004,0.0030468117331194393,-0.0016402405686166371,-0.18539867774039484,0.03033528472591806
2003-04-01,0.6837471558961804,0.037200000000000004,-5.625033883456935e-4,-0.00382096069869005,-0.2768592580830835,0.03033528472591806
2003-03-01,0.4043606794540344,0.16870000000000002,-0.004126115461959635,0.001631321370310013,-0.05171118899655401,0.038236370289059574
2003-02-01,0.41864359768784304,0.16870000000000002,-0.003966140298872093,0.0054466230936819175,0.14880106416494546,0.038236370289059574
2003-01-01,0.43761538893877283,0.16870000000000002,-7.283504118946243e-4,0.004381161007666939,-0.028667673768470656,0.038236370289059574
2002-12-01,-0.33608692419558084,-0.1091,0.002033881289998784,0.0016501650165017126,0.0012575537625332735,-0.06886056686322993
2002-11-01,-0.32929438112651055,-0.1091,8.189325208051825e-4,0.0016528925619835337,-0.2508622352532696,-0.06886056686322993
2002-10-01,-0.3193642112092736,-0.1091,-6.735227727714773e-4,0.0022075055187636716,-0.06822499660740934,-0.06886056686322993
2002-09-01,0.5239659294986456,-0.1572,-0.00144664656982578,0.001659292035398293,0.10371931010751653,0.007652607225484957
2002-08-01,0.5528989681670129,-0.1572,-0.002926083980197487,0.002770083102493075,-0.009092868496915103,0.007652607225484957
2002-07-01,0.5731036771733486,-0.1572,-0.004136614042770904,0.002222222222222254,0.2578168177388564,0.007652607225484957
2002-06-01,0.3114186250737362,0.3111,-0.0019173332109645095,5.567928730511933e-4,0.20510754332130623,0.02403156384505015
2002-05-01,0.3235112853800547,0.3111,1.264491873399001e-4,0.0011142061281336415,0.009322743420903598,0.02403156384505015
2002-04-01,0.3326837754724397,0.3111,0.0017665293473898042,0.00446179587283888,0.0460016902309222,0.02403156384505015
2002-03-01,-0.05039735823920792,-0.2415,0.004530677187504756,0.0028011204481792717,-0.20494018823725108,0.06762219772142594
2002-02-01,-0.049100000000000005,-0.2415,0.006775940031658086,0.00168539325842703,0.02723107464962801,0.06762219772142594
2002-01-01,-0.04799735823920792,-0.2415,0.006535732078873122,0.0016882386043893245,-0.06593053861462413,0.06762219772142594
2001-12-01,-0.48687056240960386,-0.0361,0.00474370438526072,-5.636978579481078e-4,-0.12272143258652533,-0.16417027985810007
2001-11-01,-0.4673803559412082,-0.0361,0.0015511184920445611,-5.633802816901088e-4,-0.22869448601582085,-0.16417027985810007
2001-10-01,-0.4526093496420596,-0.0361,-0.00352096266626771,-0.0028153153153153156,-0.07163617197500202,-0.16417027985810007
2001-09-01,-0.7282100509642476,-0.0013,-0.0016017474200745562,0.003930376193149852,0.3765426690054342,0.0492635855764348
2001-08-01,-0.6975507431702964,-0.0013,0.0022421953260009612,0,-0.02078752029032462,0.0492635855764348
2001-07-01,-0.6685919965482479,-0.0013,0.0031702998241507365,-0.0016910935738443233,0.06164646637077511,0.0492635855764348
2001-06-01,-0.6485564330161804,NA,0.0027351699199394137,0.0022509848058524327,-0.09568143056488716,NA
2001-05-01,-0.6227104662898996,NA,0.001241916140778653,0.005076142131979727,-0.22619807040830472,NA
2001-04-01,-0.5957306247815807,NA,0.0011147522542402746,0.0017006802721089079,-0.012896075276113628,NA
2001-03-01,-0.3745445175955722,NA,6.33983726655007e-4,5.678591709255781e-4,0.17844936939992453,NA
2001-02-01,-0.3699241192897031,NA,-0.0018315965519428822,0.002272727272727305,-0.06436953631324384,NA
2001-01-01,-0.36032834826899685,NA,-0.004889593385712114,0.0056947608200455585,-0.06468784039442754,NA
2000-12-01,-0.30526718427763344,NA,-0.006040914688586935,0.0022909507445590246,0.005565023544330323,NA
2000-11-01,-0.3045368748582209,NA,-0.004025461733241803,0.0017221584385762512,0.04483430799220281,NA
2000-10-01,-0.30195767161819365,NA,-0.0026412003801742578,0.0017251293847039182,0.21874999999999997,NA
2000-09-01,0.08364038846995775,NA,-0.002077786501890535,0.005184331797235056,0.08120910973084879,NA
2000-08-01,0.08605319604772513,NA,-0.0022816915412271705,0,-0.0997476204211133,NA
2000-07-01,0.08657191153891541,NA,-0.0016100045795015843,0.002895193977996526,-0.08279294224098921,NA
2000-06-01,0.01470648792618684,NA,-0.0023267694063355353,0.005807200929152149,-0.22438170000844107,NA
2000-05-01,0.013875338029751397,NA,-0.002467785029170927,0.0017523364485980313,-0.029993677425324106,NA
2000-04-01,0.020949810365515527,NA,-0.0020222436828578483,-5.851375073141856e-4,0.1636693859533846,NA
2000-03-01,0.17904405198757578,NA,-0.0020530098697801877,0.005847953216374269,-0.03861383296333162,NA
2000-02-01,0.19115675714829033,NA,-0.0020706628605155365,0.004117647058823463,0.016676908732597296,NA
2000-01-01,0.18827832818461077,NA,-0.0016519174041296776,0.0029533372711163615,0.050040842127731314,NA
1999-12-01,0.3613006928991331,NA,-4.296217250005735e-4,0.002369668246445531,0.010111048697230163,NA
1999-11-01,0.38384048208511445,NA,0.0010488559059987092,0.0017814726840855782,-0.1009865118512375,NA
1999-10-01,0.39823960013257625,NA,0.0019622312580171736,0.0017846519928612907,-0.021647338685697275,NA
1999-09-01,0.25145573523050635,NA,0.0025427160415408805,0.004171632896305227,0.00887447147415713,NA
1999-08-01,0.2574198896890275,NA,0.0015293197561844479,0.002393776181927024,0.13462578932006347,NA
1999-07-01,0.2697711431044652,NA,2.7005884492547816e-4,0.004199160167966339,-0.12244335534609939,NA
1999-06-01,0.2409320738720621,NA,0.0014323962783613017,0,-0.1091211666474278,NA
1999-05-01,0.24758774042680354,NA,0.002223648576479676,6.024096385541827e-4,0.10402520832027216,NA
1999-04-01,0.2573188351443159,NA,0.001955681229962113,0.006630500301386343,-0.07798574092935275,NA
1999-03-01,0.022124167721924833,NA,0.002431949812077963,6.067961165049923e-4,-0.1388039000820957,NA
1999-02-01,0.02314324889074286,NA,0.0032765305573880343,0,0.02731771451527498,NA
1999-01-01,0.02722416772192484,NA,0.0033339792266983614,0.0018214936247722099,0.09117703780440552,NA
1998-12-01,-0.08538910774567257,NA,7.626941026145428e-4,0.0018248175182482443,-0.02919684589859769,NA
1998-11-01,-0.08718910774567257,NA,-5.343946045075175e-4,0.0012187690432662317,-0.39603332258634866,NA
1998-10-01,-0.08418910774567256,NA,-7.427345115168341e-4,0.002440512507626636,-0.04361265726087291,NA
1998-09-01,-0.1366855784308841,NA,-7.223674483534943e-4,6.116207951069989e-4,0.17318957995762177,NA
1998-08-01,-0.1430871518544493,NA,-5.910145780564582e-4,0.0012239902080784398,0.36906610386673705,NA
1998-07-01,-0.14097876492019337,NA,-0.0011775951392976076,0.0024509803921567235,-0.08694065593212616,NA
1998-06-01,-0.11224093964681886,NA,-0.002477776256067836,0.0012285012285013332,0.03640941709681492,NA
1998-05-01,-0.11260342948020097,NA,-0.002595994191330931,0.0024600246002460377,-0.05531146060033677,NA
1998-04-01,-0.11250342948020098,NA,-0.0019400729672130123,0.0012330456226879694,0.08488680580120263,NA
1998-03-01,-0.0731712417826601,NA,-0.0014085487341337346,0,0.007921616935526987,NA
1998-02-01,-0.07355224000006558,NA,-0.0016130774277165016,0,-0.19338780988473067,NA
1998-01-01,-0.07207124178266011,NA,-0.0017562514664551262,0.0012345679012344976,-0.10097264518733953,NA
1997-12-01,-0.14558278319674917,NA,-0.0015618085483850332,6.180469715699798e-4,-0.225668496478765,NA
1997-11-01,-0.1484871518544493,NA,-6.528071203742837e-4,0.0012368583797154524,0.25880931470232876,NA
1997-10-01,-0.14446705430683535,NA,8.353662235573905e-5,0.0018575851393189558,0.0024502087230899535,NA
1997-09-01,-0.0560834724690384,NA,-0.001231273552582271,0.0024813895781636308,0.03055633324001118,NA
1997-08-01,-0.05335764715698926,NA,-6.764669946687364e-4,0.0024875621890547614,0.11070813752442539,NA
1997-07-01,-0.05255764715698926,NA,0.001242825462436361,0.0012468827930175626,0.01630881738932384,NA
1997-06-01,-0.032014503319669305,NA,0.001426257044318359,0.0018726591760298563,0.013346538388983286,NA
1997-05-01,-0.0342145033196693,NA,0.002098149189554958,0,0.01317401827654675,NA
1997-04-01,-0.037249950565302156,NA,0.0012338081383460933,6.253908692932728e-4,-0.025822410245740574,NA
1997-03-01,0.09247955571773421,NA,3.605133070355488e-4,6.257822277848732e-4,0.0015134514521307088,NA
1997-02-01,0.10206932649468574,NA,-4.575474855368025e-4,0.0018785222291796053,0.03307635349971687,NA
1997-01-01,0.1018517762691292,NA,1.358034923465418e-4,0.0018820577164367087,0.010906245414975209,NA
1996-12-01,0.26622799578491624,NA,0.0023013828870351123,0.0025141420490258056,0.16945955300632917,NA
1996-11-01,0.27503739138840283,NA,0.0027627445103965906,0.0031505986137366103,-0.024050705159391415,NA
1996-10-01,0.2906518444901539,NA,0.0011177955337564492,0.003160556257901391,-0.011980466054461346,NA
1996-09-01,0.06254800413622388,NA,1.31037760781762e-4,0.0031705770450221942,0.049315083517037915,NA
1996-08-01,0.06176456143923527,NA,4.2009940476446683e-5,0.0012722646310431847,-0.14074351801113275,NA
1996-07-01,0.06349191841842637,NA,-2.3407957378812017e-4,0.0019108280254777794,0.08808434252774769,NA
1996-06-01,0.03648985279256628,NA,0.002689727637946247,0.0019144862795148882,0.0151653774709583,NA
1996-05-01,0.03818985279256627,NA,0.0031745555163846047,0.0019181585677750088,-0.026561674723377216,NA
1996-04-01,0.043124037644801605,NA,0.0035729948701496523,0.0038436899423446146,-0.07162146632957933,NA
1996-03-01,-0.05184637929476345,NA,0.0025883744182954543,0.003215434083601286,0.15366075976515373,NA
1996-02-01,-0.04966758442101811,NA,0.0010830085528080193,0.0019354838709678152,0.10372937114106544,NA
1996-01-01,-0.04564637929476346,NA,-2.5289791588291083e-4,0.005171299288946238,0.128037919168747,NA
1995-12-01,-0.19091473495274774,NA,-8.441031208405387e-4,0.0012995451591943927,-0.06133103111440765,NA
1995-11-01,-0.19416609002406202,NA,-0.0015529463164662125,0.0013012361743655735,-0.15143298557466983,NA
1995-10-01,-0.1899975921021998,NA,-0.0016763483084000818,0.0026058631921824474,0.1602165516368011,NA
1995-09-01,0.031806897670983825,NA,-8.885216085111011e-4,0.0013063357282820944,-0.06147971050553344,NA
1995-08-01,0.021115666489925203,NA,-5.457050239499724e-4,0.0019620667102682233,0.02221089821986686,NA
1995-07-01,0.03361533896712006,NA,0.0012835496910876799,0.0013106159895149977,0.04931930782977608,NA
1995-06-01,0.18434119325578666,NA,-0.0015462934264083347,0.0019685039370079486,-0.031024338058304363,NA
1995-05-01,0.18268054600623532,NA,-0.004962844446603315,0.001972386587771091,-0.014407614366655984,NA
1995-04-01,0.18575675714829032,NA,-0.005255441081842039,0.003952569169960624,0.022190630500070845,NA
1995-03-01,0.20522310975643904,NA,-0.005279254755671853,0.0019841269841268717,0.05724904406246643,NA
1995-02-01,0.20402565135369155,NA,-0.004044697948055701,0.002650762094102092,-0.07012081205629585,NA
1995-01-01,0.21148889574814786,NA,-0.0023908415583641872,0.0026578073089701375,-0.15502793296089395,NA
1994-12-01,0.4594586014314757,NA,-0.002505930669581541,0.001998667554963244,-0.15564960365444042,NA
1994-11-01,0.4939408084429461,NA,-0.001129837487099245,0.0026702269692924275,0.0694936929605302,NA
1994-10-01,0.5254805407096838,NA,2.2097725216764516e-4,6.693440428379807e-4,0.13196938934874283,NA
1994-09-01,0.2940974069826918,NA,7.134011870285161e-4,0.002009377093101215,0.10157704523053335,NA
1994-08-01,0.30915270453906984,NA,2.1427189029288914e-4,0.004026845637583855,-0.050076796489303466,NA
1994-07-01,0.3264094929817593,NA,2.192560110220392e-4,0.0033692722371967652,-0.07402269723548101,NA
1994-06-01,0.4209093093648863,NA,8.33750702612663e-4,0.002704530087897266,-0.036432227726847885,NA
1994-05-01,0.44805178804981816,NA,0.0012526583149522496,0.002033898305084823,-0.1852114352493074,NA
1994-04-01,0.46430218372932786,NA,0.0012314612614360016,6.793478260869179e-4,0.0757434511694464,NA
1994-03-01,0.0945795557177342,NA,0.00114675034541274,0.002719238613188346,0.1037389555456012,NA
1994-02-01,0.0969341095993713,NA,0.0013127852182170606,0.002726653033401345,0.17250791691464426,NA
1994-01-01,0.10600892700314157,NA,0.0018361421937129582,0,-0.005835665810359894,NA
1993-12-01,0.25141883514431596,NA,0.0026905963508226253,0.0020505809979494967,-0.24016894622081955,NA
1993-11-01,0.26736245110828183,NA,0.002944884106009873,0.0027397260273972993,0.1568163375710035,NA
1993-10-01,0.2806086001603757,NA,0.0032139537607493696,0.004120879120879082,-0.0889405726200977,NA
1993-09-01,0.1851205315755283,NA,0.002108168359016058,0.0013793103448275078,0.07754690073514629,NA
1993-08-01,0.18777389600813296,NA,0.0011777828075109568,0.002071823204419968,0.035893471819242594,NA
1993-07-01,0.18794119325578668,NA,1.1657707931398747e-4,0.0013840830449826202,-0.0890062899710533,NA
1993-06-01,-0.16132417120909448,NA,-0.0013712755855809975,6.930006930008505e-4,-0.08638623743331039,NA
1993-05-01,-0.15557673485035728,NA,-0.002265825988468482,0.002773925104022034,0.05622869462352046,NA
1993-04-01,-0.15924653389406898,NA,-0.00398936477300452,0.003477051460361613,-0.059585500582053474,NA
1993-03-01,0.10646932649468573,NA,-0.00332477820811193,0.0013956734124216123,-0.008488259057562718,NA
1993-02-01,0.09953097432586654,NA,-9.349418053547013e-4,0.0020964360587000905,0.09565801081661611,NA
1993-01-01,0.10580814349583251,NA,0.001853199881697895,0.0035014005602240893,0.01753859002630061,NA
1992-12-01,0.17834119325578668,NA,0.003255356423118551,0.0014054813773718695,-0.18317363260131986,NA
1992-11-01,0.18765675714829033,NA,0.0033880000200183897,0.002814919071076747,-0.2226987543289668,NA
1992-10-01,0.19490162929128246,NA,4.983428243101535e-4,0.004234297812279424,0.223404895062842,NA
1992-09-01,0.18331007606933608,NA,-0.0027247682610568335,0.0021261516654853506,-0.05294997044814509,NA
1992-08-01,0.1860262534867823,NA,-0.0026308838142223784,0.0021306818181818987,0.056863957544139775,NA
1992-07-01,0.19388645365126167,NA,-0.0016670980999278886,0.002846975088968012,-0.1177315866862719,NA
1992-06-01,0.153042612142678,NA,-8.25177183601451e-4,0.0028551034975018252,0.00829969802971866,NA
1992-05-01,0.15463782957616953,NA,0.0012940711998373241,0.0021474588403721045,-0.09855124645865518,NA
1992-04-01,0.1566393149447924,NA,0.0019545030736580057,0.0021520803443329365,-0.05781595496102987,NA
1992-03-01,-0.017518975569378842,NA,0.004444277296577454,0.0035945363048166786,0.00245918987376338,NA
1992-02-01,-0.020561998059181436,NA,0.005379586085835441,0.0021645021645020418,-0.011775994656110336,NA
1992-01-01,-0.009889169612304433,NA,0.0013566909226560258,7.230657989878722e-4,-0.037574529079040304,NA
1991-12-01,-0.4356067507388907,NA,-0.0035625736871450547,0.002894356005788548,0.031291201661043454,NA
1991-11-01,-0.42934066016348765,NA,-0.0053746301130672535,0.004354136429608292,0.07930834987603676,NA
1991-10-01,-0.4199285265499475,NA,-0.0030518485428179427,0.0014577259475217832,-0.03621303504530116,NA
1991-09-01,-0.37402518453570366,NA,0.0012059511982553475,0.0029197080291971217,0.07520044606117783,NA
1991-08-01,-0.3677943811265106,NA,0.004069420814756659,0.0029282576866764692,-0.10284356068291826,NA
1991-07-01,-0.365323756592418,NA,0.005737368159445465,0.0014684287812040283,0.009199148421688815,NA
1991-06-01,-0.34842668995881465,NA,0.0077639988499874765,0.002941176470588277,0.011831180200015936,NA
1991-05-01,-0.34632668995881466,NA,0.006651073317529578,0.003687315634218289,-0.02601272449061754,NA
1991-04-01,-0.3332671842776334,NA,0.0049559072205610285,0.0022205773501109026,-0.021383128150045554,NA
1991-03-01,-0.15525348964869295,NA,0.0027446467693086015,0,-0.2172094678768464,NA
1991-02-01,-0.1504146679349343,NA,2.3226890870913983e-4,7.418397626114446e-4,-0.26995815306364324,NA
1991-01-01,-0.1505708845957028,NA,-0.001929788680233627,0.0037119524870081666,0.1482400901498078,NA
1990-12-01,-0.15830244098939628,NA,-0.0028356257159719376,0.003725782414307005,-0.06517631664230991,NA
1990-11-01,-0.1569346983710667,NA,-0.0035736205011277205,0.0022438294689602315,-0.19046822742474911,NA
1990-10-01,-0.15349588467181635,NA,-0.0036172644383878094,0.006746626686656714,0.017494425095451193,NA
1990-09-01,0.0049068976709838175,NA,-0.0034934266820023717,0.0067924528301887225,0.032024572481587917,NA
1990-08-01,0.0050048113427391405,NA,-0.0032565689048093577,0.00835866261398172,0.34719732992961083,NA
1990-07-01,0.006504146012369358,NA,-0.003329782795753712,0.004597701149425244,0.08538511326860833,NA
1990-06-01,-0.15783469837106667,NA,-0.0020886771859431677,0.006158583525789156,-0.0758124741055643,NA
1990-05-01,-0.1651024409893963,NA,-8.215221656627488e-4,0.00154918667699449,-0.1826623131985433,NA
1990-04-01,-0.15644712919405268,NA,5.686359521265143e-4,0.0023273855702095527,0.062663922850341,NA
1990-03-01,-0.2856704276354427,NA,0.0018085467982034656,0.00466562986003106,-0.15952125141455484,NA
1990-02-01,-0.27660904527803454,NA,0.0022922887410792075,0.00390625,-0.003638502722192465,NA
1990-01-01,-0.27499557462947016,NA,0.001504865366757623,0.009411764705882375,NA,NA
1989-12-01,-0.20905363857321987,NA,0.0011819520496466251,0.003167062549485285,NA,NA
1989-11-01,-0.20724036981156535,NA,0.0010851528124863608,0.003971405877680699,NA,NA
1989-10-01,-0.21286220881115853,NA,0.0012308912219706793,0.0047846889952153785,NA,NA
1989-09-01,-0.3086364692024377,NA,5.48415534083673e-4,0.002403846153846131,NA,NA
1989-08-01,-0.30212916790587535,NA,-0.0013436831767383345,0,NA,NA
1989-07-01,-0.2925957850341538,NA,-0.00319939856432855,0.0032128514056225356,NA,NA
1989-06-01,-0.04495914003814418,NA,-0.004354450573508785,0.0032232070910555317,NA,NA
1989-05-01,-0.04578199280138494,NA,-0.0043282029271971036,0.0048504446240906106,NA,NA
1989-04-01,-0.04648522301744762,NA,-0.003094847896864256,0.0073111291632818156,NA,NA
1989-03-01,0.1148022462412214,NA,-0.003202727704020568,0.004909983633387958,NA,NA
1989-02-01,0.13538943813753102,NA,-0.0024259626947061444,0.0032894736842104563,NA,NA
1989-01-01,0.1260944444439236,NA,-0.0015204033951026943,0.004125412541254125,NA,NA
1988-12-01,0.09325875434360316,NA,-2.1786557395629e-4,0.0033140016570008756,NA,NA
1988-11-01,0.10460539844210792,NA,2.0687748277838607e-4,0.003325020781379813,NA,NA
1988-10-01,0.11186568804493431,NA,-3.611156982863131e-4,0.0033361134278565943,NA,NA
1988-09-01,0.11148459778538587,NA,-0.002010777848825752,0.0041841004184100415,NA,NA
1988-08-01,0.12439444444392357,NA,-0.002349139492438977,0.004201680672268907,NA,NA
1988-07-01,0.12066011385078125,NA,-2.831767280215976e-4,0.004219409282700422,NA,NA
1988-06-01,0.7107654434949318,NA,0.0024706609017912384,0.00423728813559322,NA,NA
1988-05-01,0.7527345776162375,NA,0.00192605382233857,0.002553191489361678,NA,NA
1988-04-01,0.8096869706434355,NA,4.951189031028915e-4,0.005972696245733812,NA,NA
1988-03-01,0.18603464853191454,NA,-0.002018260834101741,0.002575107296137315,NA,NA
1988-02-01,0.1891291131522524,NA,-0.0034754554027894738,0.0017211703958692154,NA,NA
1988-01-01,0.19503559658490244,NA,-0.0034911178798854164,0.0034482758620690145,NA,NA
1987-12-01,0.37283703293036685,NA,-0.0012865001281570797,0.0017301038062282755,NA,NA
1987-11-01,0.39639766769286133,NA,-7.492480444231895e-4,0.003466204506065907,NA,NA
1987-10-01,0.4001761768554694,NA,6.611271036533146e-4,0.0026086956521738885,NA,NA
1987-09-01,0.35836642515242995,NA,0.0018065042027064595,0.003487358326068053,NA,NA
1987-08-01,0.37173960013257623,NA,0.002279229815600326,0.004374453193350831,NA,NA
1987-07-01,0.39705286505076676,NA,0.0017279078870889766,0.0026362038664323123,NA,NA
1987-06-01,-0.25291153418956286,NA,0.0017130748207708026,0.004405286343612335,NA,NA
1987-05-01,-0.25602377071477683,NA,0.002320091256261383,0.002654867256637143,NA,NA
1987-04-01,-0.246068031659123,NA,0.0023801688388773177,0.0044365572315882874,NA,NA
1987-03-01,0.1076615922856712,NA,0.0023918271267081292,0.003565062388591851,NA,NA
1987-02-01,0.1104581824385631,NA,0.0016464255851797581,0.003577817531305827,NA,NA
1987-01-01,0.11496084613117971,NA,0.0027072085192965285,0.005385996409335804,NA,NA
1986-12-01,-0.17173595671844571,NA,0.0010565252019889536,0.0036101083032490204,NA,NA
1986-11-01,-0.16658125204094554,NA,-1.289661096348238e-4,0.0018115942028985763,NA,NA
1986-10-01,-0.16728455356348065,NA,-3.6786755723491323e-4,0.0018148820326679023,NA,NA
1986-09-01,-0.037900019711869945,NA,9.446794319194994e-4,0.003636363636363688,NA,NA
1986-08-01,-0.03137329484576047,NA,0.001931641223794096,9.124087591240357e-4,NA,NA
1986-07-01,-0.03267329484576047,NA,-7.117098776954316e-4,9.132420091323681e-4,NA,NA
1986-06-01,-0.03143478431543405,NA,-0.0012819575094771064,0.0036563071297989547,NA,NA
1986-05-01,-0.020481802805913107,NA,6.908000207792076e-4,0.0027522935779816255,NA,NA
1986-04-01,-0.01890331267638183,NA,6.022912809334945e-5,-0.003679852805887686,NA,NA
1986-03-01,-0.10271096782545733,NA,-2.1277547812887033e-4,-0.005499541704858007,NA,NA
1986-02-01,-0.11191096782545731,NA,-3.1808998025606135e-4,-0.0018231540565178015,NA,NA
1986-01-01,-0.11563775210528494,NA,-2.3276300033119772e-4,0.0036396724294813984,NA,NA
1985-12-01,-0.2482490831620784,NA,-9.193807573713306e-5,0.0045662100456621,NA,NA
1985-11-01,-0.25447611775340473,NA,0.0013902974159437933,0.0045871559633027525,NA,NA
1985-10-01,-0.24875404320566136,NA,0.0025066834831944072,0.0036866359447005133,NA,NA
1985-09-01,-0.20215590151634907,NA,0.0027693745522346597,0.0018501387604069254,NA,NA
1985-08-01,-0.19847673485035727,NA,0.0015529395201159218,0.0018535681186283859,NA,NA
1985-07-01,-0.19498663819168777,NA,7.156820576634155e-4,0.0018570102135562008,NA,NA
1985-06-01,-0.2815841615120719,NA,9.802692182185564e-5,0.0027906976744185782,NA,NA
1985-05-01,-0.2814537034138855,NA,-9.391027883130697e-4,0.0018656716417910712,NA,NA
1985-04-01,-0.2882614258425749,NA,-0.0014540765140409005,0.0018691588785046994,NA,NA
1985-03-01,-0.1837683930458835,NA,-0.002205255657036039,0.0046816479400749065,NA,NA
1985-02-01,-0.17687842565291134,NA,-0.00154110976655481,0.005644402634054509,NA,NA
1985-01-01,-0.1630519063610687,NA,-6.3470062162169e-4,0.0018921475875118528,NA,NA
1984-12-01,-0.10050457881159348,NA,-6.142590882404878e-5,0.001895734597156425,NA,NA
1984-11-01,-0.09143423205459675,NA,-4.759712073164989e-4,0.001899335232668593,NA,NA
1984-10-01,-0.10710457881159348,NA,-0.0017580515297906105,0.0038058991436726117,NA,NA
1984-09-01,-0.033995853987630636,NA,-0.004495418079407132,0.0028653295128939554,NA,NA
1984-08-01,-0.03339310232901618,NA,-0.0056097024538285835,0.0028735632183909134,NA,NA
1984-07-01,-0.043695099730054976,NA,-0.004698487214425602,0.003842459173871196,NA,NA
1984-06-01,0.13413464853191454,NA,-0.003083688229715422,0.0019286403085824768,NA,NA
1984-05-01,0.13265054966592704,NA,-0.0020616440451647084,0.0019323671497584816,NA,NA
1984-04-01,0.14343464853191454,NA,-9.976776663995267e-4,0.0038722168441431897,NA,NA
1984-03-01,0.2664433714367782,NA,-0.0028021263888874234,0.002915451895043842,NA,NA
1984-02-01,0.2793774494398434,NA,-0.004485787647208307,0.004873294346978558,NA,NA
1984-01-01,0.30408562002958917,NA,-0.005855687342436163,0.0068560235063661965,NA,NA
1983-12-01,0.10878943813753102,NA,-4.428104479959254e-4,0.0029585798816569166,NA,NA
1983-11-01,0.12182053157552832,NA,0.002386817854445769,0.0029673590504450758,NA,NA
1983-10-01,0.12917389600813295,NA,0.00277782372349026,0.003968253968253884,NA,NA
1983-09-01,0.12368150210663868,NA,0.002100635361703448,0.0029880478087650534,NA,NA
1983-08-01,0.12901007606933607,NA,0.0033409107574980126,0.002997002997002969,NA,NA
1983-07-01,0.13960149415222534,NA,0.006021437022125668,0.004008016032064043,NA,NA
1983-06-01,-0.05942979246519427,NA,0.005141035510550497,0.0020120724346076742,NA,NA
1983-05-01,-0.04465476496401399,NA,0.0037817047631425334,0.004032258064516186,NA,NA
1983-04-01,-0.048643248049898086,NA,0.0032174897604956448,0.0070850202429150085,NA,NA
1983-03-01,-0.1736471291940527,NA,0.00542464893982628,0.0010193679918449982,NA,NA
1983-02-01,-0.17799339709271628,NA,0.0098996713435679,0.001020408163265248,NA,NA
1983-01-01,-0.16750966479250973,NA,0.009474043672882015,0.002042900919305443,NA,NA
1982-12-01,-0.35366119112223077,NA,0.00688568642083397,-0.0030706243602865624,NA,NA
1982-11-01,-0.3556067028247176,NA,0.003179797805617832,-0.001020408163265248,NA,NA
1982-10-01,-0.34338658214214457,NA,0.001329693953120473,0.004077471967380138,NA,NA
1982-09-01,-0.2912981662717224,NA,6.624170036249805e-4,0,NA,NA
1982-08-01,-0.29545126266221605,NA,6.109181956381675e-4,0.002047082906857757,NA,NA
1982-07-01,-0.2972020070885857,NA,0.0011636636130437279,0.005128205128205128,NA,NA
1982-06-01,-0.3078512626622161,NA,0.001452275801547993,0.011340206185566951,NA,NA
1982-05-01,-0.29184908316207836,NA,-3.1731533958104496e-4,0.00938477580813353,NA,NA
1982-04-01,-0.30355126266221605,NA,-5.082089046351077e-4,0.0031578947368420753,NA,NA
1982-03-01,-0.2692536385732199,NA,-8.178339765851927e-4,0,NA,NA
1982-02-01,-0.2833598232830794,NA,1.9832102047017588e-5,0.003167898627243898,NA,NA
1982-01-01,-0.2818162752097355,NA,4.032953508165259e-4,0.0031779661016950356,NA,NA
1981-12-01,-0.10924816935675799,NA,-0.0010425090437866772,0.003188097768331532,NA,NA
1981-11-01,-0.11453013562764724,NA,-0.005108743961046785,0.0042643923240937255,NA,NA
1981-10-01,-0.12354816935675797,NA,-0.007342936635734569,0.003211991434689629,NA,NA
1981-09-01,-0.08005675110925714,NA,-0.007803904555492465,0.0096670247046186,NA,NA
1981-08-01,-0.08772218813550173,NA,-0.005362181670039628,0.0075921908893709636,NA,NA
1981-07-01,-0.07476644053235154,NA,-0.0050933442605273745,0.01092896174863388,NA,NA
1981-06-01,-0.003851995863776131,NA,-0.0028100743207394533,0.008839779005524831,NA,NA
1981-05-01,-0.01684965962164428,NA,0.0011448856388909592,0.0066889632107024356,NA,NA
1981-04-01,-0.008635438560764735,NA,0.002629684234936008,0.0056116722783389455,NA,NA
1981-03-01,-0.19749588467181634,NA,8.505315897989556e-4,0.006772009029345309,NA,NA
1981-02-01,-0.2004471291940527,NA,-0.002881847576547873,0.00909090909090906,NA,NA
1981-01-01,-0.18180342948020098,NA,-0.006155401803159741,0.009174311926605472,NA,NA
1980-12-01,-0.08682832661008702,NA,-0.0046652211708515644,0.00925925925925939,NA,NA
1980-11-01,-0.06765476496401399,NA,0.0029020993974015865,0.010514018691588686,NA,NA
1980-10-01,-0.07218522301744762,NA,0.010396275139368161,0.00944510035419123,NA,NA
1980-09-01,-0.19037104301426333,NA,0.015220260163378423,0.008343265792610284,NA,NA
1980-08-01,-0.19516705430683534,NA,0.016940700843109894,0.007211538461538563,NA,NA
1980-07-01,-0.17665348964869293,NA,0.010576106382832573,0.0012106537530265657,NA,NA
1980-06-01,-0.19078455356348067,NA,-4.372176499977573e-4,0.009696969696969662,NA,NA
1980-05-01,-0.1826402847080858,NA,-0.011093007143570102,0.009791921664626647,NA,NA
1980-04-01,-0.2010787649201934,NA,-0.013594653099892865,0.009888751545117569,NA,NA
1980-03-01,-0.016636025439237312,NA,-0.009431029515739644,0.013732833957552988,NA,NA
1980-02-01,-0.0026185285077541393,NA,-0.0017412482348331344,0.012658227848101266,NA,NA
1980-01-01,0.009489057098581583,NA,1.3783165233853908e-4,0.01410256410256403,NA,NA
1979-12-01,-0.040953819153618856,NA,-0.0017207984252947568,0.011703511053316068,NA,NA
1979-11-01,-0.02565018963448447,NA,-0.0021102140989743873,0.010526315789473648,NA,NA
1979-10-01,-0.05141930557088362,NA,-0.001795223933784363,0.010638297872340387,NA,NA
1979-09-01,0.10656568804493433,NA,-0.0018233995540423043,0.009408602150537671,NA,NA
1979-08-01,0.10390539844210794,NA,-0.0028742042436176573,0.009497964721845357,NA,NA
1979-07-01,0.11178459778538588,NA,-0.0035632188527290835,0.010958904109589003,NA,NA
1979-06-01,0.13365365033253335,NA,-0.003931793385929472,0.01108033240997226,NA,NA
1979-05-01,0.13458943813753102,NA,-0.0037863603274797784,0.011204481792717245,NA,NA
1979-04-01,0.13673782957616953,NA,-0.0030319677888192634,0.00991501416430579,NA,NA
1979-03-01,0.24583739138840283,NA,-0.0020313789110977232,0.010014306151645247,NA,NA
1979-02-01,0.26178249996954195,NA,-0.0016259600083026722,0.010115606936416225,NA,NA
1979-01-01,0.2633663224154432,NA,-0.0017950274089534157,0.008759124087591158,NA,NA
1978-12-01,0.19767497970699083,NA,-0.0015967706028721133,0.005891016200294634,NA,NA
1978-11-01,0.20878297735605683,NA,-4.032277892790269e-4,0.00592592592592601,NA,NA
1978-10-01,0.20744043803414194,NA,-4.069976061855367e-4,0.008941877794336727,NA,NA
1978-09-01,0.04262503013196978,NA,-6.092653537325621e-4,0.009022556390977357,NA,NA
1978-08-01,0.04406456143923526,NA,-5.313094469962884e-4,0.006069802731411315,NA,NA
1978-07-01,0.04444800413622388,NA,0.0013741926618111916,0.007633587786259542,NA,NA
1978-06-01,0.019674913828344298,NA,0.002781654838899932,0.007692307692307693,NA,NA
1978-05-01,0.04198695692601731,NA,0.0039357350549504375,0.009302325581395371,NA,NA
1978-04-01,0.032009674956667525,NA,0.0029815240505978156,0.00782472613458529,NA,NA
1978-03-01,-0.057360224549456176,NA,-6.153577411996553e-5,0.006309148264984205,NA,NA
1978-02-01,-0.0754894259073204,NA,-0.0018003068659773408,0.004761904761904716,NA,NA
1978-01-01,-0.06267003441414054,NA,-8.816944383904901e-4,0.006379585326953838,NA,NA
1977-12-01,-0.008866440532351569,NA,0.0023022636616484545,0.004815409309791287,NA,NA
1977-11-01,-0.019181802805913112,NA,0.0026448832521150816,0.006451612903225784,NA,NA
1977-10-01,0.0069391583647113175,NA,0.0013806576625505895,0.004870129870129939,NA,NA
1977-09-01,0.033506226923436216,NA,-0.001258055840546657,0.003262642740619833,NA,NA
1977-08-01,0.0448184119551574,NA,-0.0028671110920987647,0.004909983633387958,NA,NA
1977-07-01,0.04286115026912554,NA,-0.0021446816953103747,0.004934210526315743,NA,NA
1977-06-01,0.06208414009111671,NA,-0.0015263745042003885,0.004958677685950366,NA,NA
1977-05-01,0.07383348840566906,NA,8.223139638200718e-4,0.0033222591362126715,NA,NA
1977-04-01,0.06523347713220327,NA,0.0014827681372020726,0.006666666666666643,NA,NA
1977-03-01,-1.7583227807516089e-4,NA,0.0027589335953906884,0.0050335570469799374,NA,NA
1977-02-01,-0.013489169612304425,NA,0.0019579541514886914,0.010118043844856565,NA,NA
1977-01-01,0.01003915836471131,NA,0.0015855605498998875,0.0051107325383305665,NA,NA
1976-12-01,0.08656362253922499,NA,0.0026836832655600085,0.005136986301369814,NA,NA
1976-11-01,0.08510608683458472,NA,4.5751379188674736e-4,0.003442340791738431,NA,NA
1976-10-01,0.08803097432586654,NA,-0.0010237519042216204,0.005181347150259018,NA,NA
1976-09-01,0.053605552292121356,NA,-0.0023776865110247685,0.005208333333333408,NA,NA
1976-08-01,0.05449191841842638,NA,-0.003441460781997907,0.005235602094240789,NA,NA
1976-07-01,0.07013348840566906,NA,-0.0038070889525887363,0.0052631578947367925,NA,NA
1976-06-01,0.2122044430842771,NA,-0.0029367558544642586,0.005291005291005366,NA,NA
1976-05-01,0.22551804148884197,NA,-0.0018873192470061125,0.005319148936170162,NA,NA
1976-04-01,0.22128297735605684,NA,-1.7331022530316884e-4,0.0017825311942959254,NA,NA
1976-03-01,0.31884715080506865,NA,3.888958901087496e-4,0.001785714285714311,NA,NA
1976-02-01,0.3182471508050687,NA,0.0032739059648321718,0.001788908765652977,NA,NA
1976-01-01,0.3351288620019558,NA,0.004366700033696457,0.0035842293906809273,NA,NA
1975-12-01,0.029543286381780234,NA,0.0025189616875653637,0.005395683453237487,NA,NA
1975-11-01,0.0316861036094125,NA,0.0013472368709079418,0.007233273056057841,NA,NA
1975-10-01,0.021561408608194027,NA,0.002932250370143124,0.005464480874316888,NA,NA
1975-09-01,-0.18166405836456206,NA,0.005656910054030852,0.0073260073260073,NA,NA
1975-08-01,-0.1769845535634807,NA,0.00756606121025626,0.003690036900369056,NA,NA
1975-07-01,-0.17687100321687899,NA,0.008095929524604476,0.009259259259259259,NA,NA
1975-06-01,-0.29771817018835267,NA,0.009102962079175369,0.007476635514018665,NA,NA
1975-05-01,-0.29492185919278135,NA,0.009398410255860863,0.0018832391713747914,NA,NA
1975-04-01,-0.29276538350498177,NA,0.008058144192096613,0.003773584905660431,NA,NA
1975-03-01,-0.25628317592139127,NA,0.0037303221782950544,0.0037878787878787073,NA,NA
1975-02-01,-0.25887232992970655,NA,0.0016041993968388085,0.00570342205323202,NA,NA
1975-01-01,-0.2629518641884258,NA,-0.0037542060231104723,0.0076481835564053266,NA,NA
1974-12-01,-0.16728455356348065,NA,-0.01016707294071989,0.007707129094412304,NA,NA
1974-11-01,-0.1708812520409455,NA,-0.012192900765787114,0.009708737864077669,NA,NA
1974-10-01,-0.16205935950074019,NA,-0.011781861625135476,0.007843137254901933,NA,NA
1974-09-01,0.09140814349583253,NA,-0.01045799868441358,0.013833992094861716,NA,NA
1974-08-01,0.10395875434360317,NA,-0.006450279044614786,0.012024048096192414,NA,NA
1974-07-01,0.0978780687700816,NA,-0.003565457385697305,0.006085192697768705,NA,NA
1974-06-01,0.12021817146153393,NA,-0.0035537846862016584,0.00816326530612242,NA,NA
1974-05-01,0.1127695953523434,NA,-0.0043905726575353115,0.0102880658436214,NA,NA
1974-04-01,0.1347304065090819,NA,-0.0029089904382235154,0.006237006237006326,NA,NA
1974-03-01,0.025621696761175816,NA,-0.001405016736228711,0.010460251046025106,NA,NA
1974-02-01,0.026815338967120073,NA,-0.003660887455712749,0.010570824524312896,NA,NA
1974-01-01,0.040963974560762687,NA,-0.004592212328391613,0.010683760683760684,NA,NA
1973-12-01,0.18305260462531459,NA,-0.003635732891055608,0.008639308855291546,NA,NA
1973-11-01,0.20243464853191454,NA,8.621911695311738e-4,0.006535947712418239,NA,NA
1973-10-01,0.20632288066567434,NA,0.003880293009253198,0.008771929824561372,NA,NA
1973-09-01,0.2018251900031704,NA,0.00391784619917216,0.004424778761062009,NA,NA
1973-08-01,0.20924300339624674,NA,0.0017394080723812967,0.017777777777777715,NA,NA
1973-07-01,0.2195044430842771,NA,-0.003946977270787333,0,NA,NA
1973-06-01,0.20073464853191453,NA,-0.004760164333655155,0.006787330316742178,NA,NA
1973-05-01,0.21022565135369153,NA,-0.005114987526199774,0.004555808656036349,NA,NA
1973-04-01,0.21352981310051522,NA,-0.004198704488230355,0.0068649885583524995,NA,NA
1973-03-01,0.1833526046253146,NA,-0.0027569180720268182,0.009216589861751119,NA,NA
1973-02-01,0.19886091226523228,NA,-0.0016586361513489971,0.006976744186046446,NA,NA
1973-01-01,0.19471840613381897,NA,9.776080741408805e-4,0.004683840749414586,NA,NA
1972-12-01,0.1277844421121711,NA,0.003019241905233756,0.002352941176470622,NA,NA
1972-11-01,0.1328181714615339,NA,0.0049952946366564315,0.004716981132075371,NA,NA
1972-10-01,0.13790504548765486,NA,0.005762876927291667,0.002369668246445531,NA,NA
1972-09-01,0.05331841195515741,NA,0.005772912005203315,0.0047505938242280955,NA,NA
1972-08-01,0.05538905709858159,NA,0.004054415346451764,0.002386634844868769,NA,NA
1972-07-01,0.056389057098581594,NA,0.0016903170106462805,0.0023923444976075197,NA,NA
1972-06-01,0.0510861036094125,NA,-5.427234671262835e-4,0.0023980815347722164,NA,NA
1972-05-01,0.058849216274177295,NA,-5.709779769850185e-5,0.002403846153846188,NA,NA
1972-04-01,0.052934690032744154,NA,-2.6283175125687007e-4,0.0024096385542169015,NA,NA
1972-03-01,0.015006487926186834,NA,3.808582793866679e-4,0,NA,NA
1972-02-01,0.02262991611754491,NA,0.002509502933332206,0.004830917874396033,NA,NA
1972-01-01,0.020061870720073365,NA,0.004529259072829379,0.002427184466019452,NA,NA
1971-12-01,0.15053040650908192,NA,0.004651988249069758,0.0024330900243309346,NA,NA
1971-11-01,0.1503022462412214,NA,0.0011783936591862904,0.002439024390243937,NA,NA
1971-10-01,0.166342612142678,NA,2.3236656873355118e-4,0.0024449877750611594,NA,NA
1971-09-01,0.02073915836471131,NA,4.399033210206979e-4,0.0024509803921567235,NA,NA
1971-08-01,0.017629916117544914,NA,-6.187303652896911e-5,0.0024570024570024916,NA,NA
1971-07-01,0.016129916117544912,NA,-3.592405654452309e-5,0.002463054187192153,NA,NA
1971-06-01,0.016939158364711313,NA,-7.5836950556269e-5,0.004938271604938342,NA,NA
1971-05-01,0.01566187072007337,NA,6.804852398561251e-4,0.004962779156327438,NA,NA
1971-04-01,0.01869021089716718,NA,0.002228559104742192,0.0024937655860349482,NA,NA
1971-03-01,0.014863730040248928,NA,0.0031772859727492377,0.0025000000000000356,NA,NA
1971-02-01,0.013324167721924837,NA,0.00771460228006824,0,NA,NA
1971-01-01,0.005633559467648437,NA,0.008342741140415283,0.002506265664160437,NA,NA
1970-12-01,-0.22262675232872647,NA,0.006099638065765243,0.005025125628140597,NA,NA
1970-11-01,-0.23019413507406994,NA,-3.3996190620086316e-4,0.005050505050505122,NA,NA
1970-10-01,-0.22997611775340474,NA,-0.004509531500434076,0.0050761421319795875,NA,NA
1970-09-01,-0.19073297939227077,NA,-0.006106729558360716,0.005102040816326603,NA,NA
1970-08-01,-0.18460794151469392,NA,-0.004541434882240466,0.0025641025641026005,NA,NA
1970-07-01,-0.18714012528557145,NA,-8.709283568694876e-4,0.0025706940874036356,NA,NA
1970-06-01,-0.15031466793493428,NA,0.003173592703453301,0.005154639175257623,NA,NA
1970-05-01,-0.15437104301426335,NA,0.0029427943630125674,0.00259067357512957,NA,NA
1970-04-01,-0.14917104301426334,NA,-1.3076369963127684e-4,0.0051948051948052685,NA,NA
1970-03-01,-0.17024653389406896,NA,-0.0022490041111526585,0.005221932114882396,NA,NA
1970-02-01,-0.1762969800621348,NA,-0.004024892135364037,0.005249343832021072,NA,NA
1970-01-01,-0.17853595671844572,NA,-0.005036589450874581,0.005277044854881154,NA,NA
1969-12-01,-0.14729339709271627,NA,-0.003979426637507992,0.005305039787798484,NA,NA
1969-11-01,-0.14331466793493428,NA,-0.0023993430996599903,0.0053333333333334095,NA,NA
1969-10-01,-0.14067088459570282,NA,-6.837146165209429e-4,0.005361930294906053,NA,NA
1969-09-01,-0.03623953924659251,NA,-1.2168787061180954e-4,0.005390835579514901,NA,NA
1969-08-01,-0.036484043086493265,NA,-1.3763018768572213e-4,0.0027100271002710413,NA,NA
1969-07-01,-0.028116898868740872,NA,-0.0016982025777179215,0.005434782608695537,NA,NA
1969-06-01,-0.05605764715698927,NA,-0.001610706719971962,0.005464480874317017,NA,NA
1969-05-01,-0.045050754988037095,NA,-6.649134419855961e-4,0.0027472527472527865,NA,NA
1969-04-01,-0.05205764715698926,NA,-8.472261537621481e-4,0.00550964187327812,NA,NA
1969-03-01,-0.018934292058097768,NA,4.7634736837956784e-5,0.008310249307479343,NA,NA
1969-02-01,-0.01783429205809777,NA,6.02409638554188e-4,0.0027932960893853162,NA,NA
1969-01-01,-0.020073294845760474,NA,-4.071446942591289e-4,0.002801120448179311,NA,NA
