,ds,yhat,yhat_lower,yhat_upper,y,cutoff
0,2010-01-01,-1.0468970803297721,-1.3404402458458218,-0.7500717817887781,1.0846104362368,2009-09-01
1,2010-01-01,-1.0468970803297726,-1.370011520379854,-0.7435171481420809,1.0846104362368,2009-10-01
2,2010-02-01,-1.4510160694765635,-1.7502773107054785,-1.1627979019829415,1.00049752577287,2009-10-01
3,2010-03-01,-1.8538069862661866,-2.165146634583939,-1.5584908958337527,0.923124187896091,2009-10-01
4,2010-01-01,-1.0468970803297726,-1.33892065037125,-0.7514783431890277,1.0846104362368,2009-10-31
5,2010-02-01,-1.4510160694765635,-1.7479887710580266,-1.1480765541913214,1.00049752577287,2009-10-31
6,2010-03-01,-1.8538069862661866,-2.1503513430911965,-1.5763357237083155,0.923124187896091,2009-10-31
7,2010-01-01,-1.0468970803297726,-1.3416896255436288,-0.7398508157161313,1.0846104362368,2009-11-30
8,2010-02-01,-1.4510160694765635,-1.7547166896777555,-1.1501373813539624,1.00049752577287,2009-11-30
9,2010-03-01,-1.8538069862661866,-2.13445473354147,-1.5616601594448714,0.923124187896091,2009-11-30
10,2010-04-01,-0.7884238271277851,-1.0875684914098223,-0.4874822410813393,0.451678639954328,2009-11-30
11,2010-01-01,-1.0468970803297726,-1.3412604108547699,-0.7677929983527323,1.0846104362368,2009-12-30
12,2010-02-01,-1.4510160694765635,-1.780728068328882,-1.1593931933435224,1.00049752577287,2009-12-30
13,2010-03-01,-1.8538069862661866,-2.134448698077948,-1.5289656348417107,0.923124187896091,2009-12-30
14,2010-04-01,-0.7884238271277851,-1.0871472807691118,-0.4931831481255729,0.451678639954328,2009-12-30
15,2010-05-01,-0.07347569233371415,-0.36056299128743236,0.23628560462161777,0.43364677822179,2009-12-30
16,2010-02-01,-0.16739445075323914,-0.43917653951625363,0.1158563932747897,1.00049752577287,2010-01-29
17,2010-03-01,-0.16686697460856176,-0.435340552024329,0.10247675839757782,0.923124187896091,2010-01-29
18,2010-04-01,-0.7117964922630438,-0.9938714622781787,-0.4635748644803545,0.451678639954328,2010-01-29
19,2010-05-01,1.2748925207287105,0.9945094026442219,1.5446007395954657,0.43364677822179,2010-01-29
20,2010-06-01,0.9030268735980869,0.6081207511084719,1.1761197919069983,0.418877640077497,2010-01-29
21,2010-03-01,-0.27744272382858554,-0.5642344404010885,0.01285168493922376,0.923124187896091,2010-02-28
22,2010-04-01,-1.3118636236479266,-1.5927565636934713,-1.0375646437213795,0.451678639954328,2010-02-28
23,2010-05-01,1.2792302176825572,0.9947165271707603,1.5483400716859004,0.43364677822179,2010-02-28
24,2010-06-01,1.6355605053216484,1.3669665358933867,1.906276296724956,0.418877640077497,2010-02-28
25,2010-07-01,2.8930670363924245,2.6169708827221556,3.1760361664113903,0.299127995784916,2010-02-28
26,2010-04-01,-1.712466752785503,-1.996519794788529,-1.4046744825500164,0.451678639954328,2010-03-30
27,2010-05-01,1.05859435201958,0.7745747128422318,1.3508620171941799,0.43364677822179,2010-03-30
28,2010-06-01,1.4621681812705092,1.176162781381251,1.7482383233091865,0.418877640077497,2010-03-30
29,2010-07-01,2.4634138927462006,2.1834610024294427,2.780521341054186,0.299127995784916,2010-03-30
30,2010-08-01,0.8024003646111965,0.5057292843783509,1.0837364691541216,0.289819889689027,2010-03-30
31,2010-05-01,-0.005774201143603868,-0.42304480648189785,0.430699226981317,0.43364677822179,2010-04-29
32,2010-06-01,0.4172382611840736,-0.007205898403565631,0.8429242259630827,0.418877640077497,2010-04-29
33,2010-07-01,0.027847498034336886,-0.3835630081431023,0.41986248279603977,0.299127995784916,2010-04-29
34,2010-08-01,0.090089347389445,-0.3215459117984326,0.4800762358934358,0.289819889689027,2010-04-29
35,2010-09-01,-0.4173660722527929,-0.8292254468283806,-0.008963212067457984,0.284155735230506,2010-04-29
36,2010-06-01,0.5034339946812655,0.09395098581228693,0.88165483990752,0.418877640077497,2010-05-29
37,2010-07-01,0.09364426314712196,-0.31662027601604625,0.4834775564179429,0.299127995784916,2010-05-29
38,2010-08-01,0.14439492798531983,-0.2770556102573615,0.5277193148177215,0.289819889689027,2010-05-29
39,2010-09-01,-0.37318810457025503,-0.7960534692683566,0.030256254537120393,0.284155735230506,2010-05-29
40,2010-10-01,-1.646326420148794,-2.0480823720008225,-1.242029877483584,0.321064173366267,2010-05-29
41,2010-07-01,0.059317117538230435,-0.34345205858079575,0.44489302494536465,0.299127995784916,2010-06-28
42,2010-08-01,0.11509459275869269,-0.2966197640709611,0.5289292568787382,0.289819889689027,2010-06-28
43,2010-09-01,-0.3845110927715916,-0.7701292306604736,0.029435235631808967,0.284155735230506,2010-06-28
44,2010-10-01,-1.6779111803254105,-2.0753491658379413,-1.295758721884302,0.321064173366267,2010-06-28
45,2010-11-01,-1.4884837580708095,-1.8911710954245684,-1.0625656694760355,0.311004308413077,2010-06-28
46,2010-08-01,0.16759224815348922,-0.239352766306219,0.5833479423085134,0.289819889689027,2010-07-28
47,2010-09-01,-0.38397542451904604,-0.8213792142774303,0.007104039129760464,0.284155735230506,2010-07-28
48,2010-10-01,-1.6362885611862719,-2.0545615793650085,-1.2193261484235554,0.321064173366267,2010-07-28
49,2010-11-01,-1.4401323991043375,-1.8600715040687574,-1.019674948412004,0.311004308413077,2010-07-28
50,2010-12-01,-1.2651691703856722,-1.680031476872835,-0.8727834096044907,0.305704308413077,2010-07-28
51,2010-09-01,-0.38279731721234683,-0.7996456986002948,0.011653918392346889,0.284155735230506,2010-08-27
52,2010-10-01,-1.6306853350236594,-2.0415258335413835,-1.221050152537773,0.321064173366267,2010-08-27
53,2010-11-01,-1.4331922886615331,-1.8221189355177436,-1.0215134520254807,0.311004308413077,2010-08-27
54,2010-12-01,-1.255197407750681,-1.6231992691805894,-0.835071481652407,0.305704308413077,2010-08-27
55,2011-01-01,0.6823477335416533,0.2675002642043799,1.1082255808833383,0.194637829576169,2010-08-27
56,2010-10-01,-1.462755485241693,-1.8341289835100059,-1.059120268758139,0.321064173366267,2010-09-26
57,2010-11-01,-1.2609264915758056,-1.6430964372073191,-0.8329625119390855,0.311004308413077,2010-09-26
58,2010-12-01,-1.095047872398789,-1.513842624774491,-0.7027527881674753,0.305704308413077,2010-09-26
59,2011-01-01,0.8247940631960675,0.40060217687283983,1.2461903797597753,0.194637829576169,2010-09-26
60,2011-02-01,0.4655114200888023,0.09000287254087443,0.9091102074608925,0.178324175850586,2010-09-26
61,2010-11-01,0.47245932513723254,0.13954016314328888,0.7793137946375358,0.311004308413077,2010-10-26
62,2010-12-01,0.21436688040742885,-0.13223242745843822,0.5559969752614391,0.305704308413077,2010-10-26
63,2011-01-01,0.2670051533801396,-0.05026855208950867,0.5992588998919872,0.194637829576169,2010-10-26
64,2011-02-01,0.1355637949345197,-0.18662283356417939,0.45822853033897243,0.178324175850586,2010-10-26
65,2011-03-01,-0.17187376175627694,-0.4855122187574374,0.17840582898390944,0.190097350053323,2010-10-26
66,2010-12-01,0.19634679067941674,-0.1091009757883097,0.5041447500174576,0.305704308413077,2010-11-25
67,2011-01-01,0.24106141029850997,-0.05217164553375012,0.583596159767232,0.194637829576169,2010-11-25
68,2011-02-01,0.1165377350303584,-0.20791358588197828,0.4286661161789276,0.178324175850586,2010-11-25
69,2011-03-01,-0.17611045432348488,-0.4871591205450139,0.15164103586738495,0.190097350053323,2010-11-25
70,2011-04-01,-0.5520985577924545,-0.8672776137964613,-0.23119545572894432,0.0922250301319697,2010-11-25
71,2011-01-01,0.2677962948247269,-0.05968247151662556,0.5833096205675368,0.194637829576169,2010-12-25
72,2011-02-01,0.14294907219082664,-0.1817271018224417,0.4522134456042045,0.178324175850586,2010-12-25
73,2011-03-01,-0.1456112728860206,-0.47463333616918935,0.1775081827745947,0.190097350053323,2010-12-25
74,2011-04-01,-0.5033229588354535,-0.8062107421931413,-0.17047372511516243,0.0922250301319697,2010-12-25
75,2011-05-01,-0.6373535290748895,-0.9750326516165406,-0.3414249238829015,0.104532450381823,2010-12-25
76,2011-02-01,0.12061158449605333,-0.19196663874806666,0.4292738360323828,0.178324175850586,2011-01-24
77,2011-03-01,-0.16812012564914733,-0.4767536100337245,0.14903814508244434,0.190097350053323,2011-01-24
78,2011-04-01,-0.5425549301411542,-0.854113566407511,-0.23177316934835562,0.0922250301319697,2011-01-24
79,2011-05-01,-0.6854833688853116,-0.9990328853439974,-0.35976382799797735,0.104532450381823,2011-01-24
80,2011-06-01,-0.45937789736004825,-0.7768715791946934,-0.14878117390046916,0.0981645614392352,2011-01-24
81,2011-03-01,-0.14656266347294308,-0.4762380101829293,0.1670139677853368,0.190097350053323,2011-02-23
82,2011-04-01,-0.4530375095842118,-0.7614899266688464,-0.13521206097104174,0.0922250301319697,2011-02-23
83,2011-05-01,-0.5720813900996845,-0.8701419156306416,-0.24457926336108074,0.104532450381823,2011-02-23
84,2011-06-01,-0.3776202725781592,-0.6832381145770574,-0.055222559819015485,0.0981645614392352,2011-02-23
85,2011-07-01,-0.05862618672527718,-0.35099100718940873,0.24374781359670625,0.128006086834584,2011-02-23
86,2011-04-01,0.9313687368364801,0.4735970258168215,1.3876712920886598,0.0922250301319697,2011-03-25
87,2011-05-01,0.9822650438365162,0.49585059494265077,1.4385316303975149,0.104532450381823,2011-03-25
88,2011-06-01,0.5763150678849751,0.14181084520874798,1.0702917478777312,0.0981645614392352,2011-03-25
89,2011-07-01,1.024904959756409,0.5568734089101111,1.5061044000502852,0.128006086834584,2011-03-25
90,2011-08-01,0.9507026953883367,0.49248467728460366,1.3858180318639575,0.137754517722998,2011-03-25
91,2011-05-01,1.0218382135407438,0.5510934502132432,1.5049436126349613,0.104532450381823,2011-04-24
92,2011-06-01,0.46055341227072216,-0.030939342588015895,0.9076199229175224,0.0981645614392352,2011-04-24
93,2011-07-01,0.9188360715074904,0.44257207115582586,1.4118452933207977,0.128006086834584,2011-04-24
94,2011-08-01,0.8575370947573986,0.39966115923003326,1.3128704743360058,0.137754517722998,2011-04-24
95,2011-09-01,0.7854463589331433,0.3167961080743217,1.2983671032176443,0.128633488405669,2011-04-24
96,2011-06-01,0.299865785087189,-0.10457983068207875,0.7309865906818838,0.0981645614392352,2011-05-24
97,2011-07-01,0.37384401620877244,-0.057974089123027074,0.7693137746223815,0.128006086834584,2011-05-24
98,2011-08-01,0.33985340696116767,-0.051619325139419386,0.7875542378058932,0.137754517722998,2011-05-24
99,2011-09-01,0.310395169788395,-0.12138076973127755,0.7230775375464903,0.128633488405669,2011-05-24
100,2011-10-01,0.03802403579441089,-0.39337369669656236,0.4716563922747254,-0.0190973582392079,2011-05-24
101,2011-07-01,0.33249967898205646,0.026251610375923887,0.628411472376507,0.128006086834584,2011-06-23
102,2011-08-01,-0.02041535898027029,-0.3155543070583001,0.2870603817343823,0.137754517722998,2011-06-23
103,2011-09-01,-0.26473942313417603,-0.5951357261291754,0.04162064043390537,0.128633488405669,2011-06-23
104,2011-10-01,-0.5295637215943733,-0.8459394291894076,-0.19745147585255274,-0.0190973582392079,2011-06-23
105,2011-11-01,-0.16453530899097377,-0.4652270829045129,0.14963932353480427,-0.0188993397799506,2011-06-23
106,2011-08-01,-0.07360151995326163,-0.4014811640320243,0.25076004097434335,0.137754517722998,2011-07-23
107,2011-09-01,-0.31524195234978125,-0.6270244309351349,0.0031418664562913126,0.128633488405669,2011-07-23
108,2011-10-01,-0.6089290203759306,-0.9194580318480524,-0.3144615393994118,-0.0190973582392079,2011-07-23
109,2011-11-01,-0.24151014976541083,-0.5608271946676934,0.060346879284009745,-0.0188993397799506,2011-07-23
110,2011-12-01,-0.3976177193996237,-0.7235667878269639,-0.07202407301260089,-0.0245894540673355,2011-07-23
111,2011-09-01,-0.24209811925145536,-0.5523860398245393,0.05409658700173719,0.128633488405669,2011-08-22
112,2011-10-01,-0.5215401552391417,-0.8327304639345251,-0.20889615435865183,-0.0190973582392079,2011-08-22
113,2011-11-01,-0.1695627837273762,-0.46200564675145067,0.14433234083492774,-0.0188993397799506,2011-08-22
114,2011-12-01,-0.3174190770864547,-0.6311226759626004,0.005189478477846039,-0.0245894540673355,2011-08-22
115,2012-01-01,0.8017519412276486,0.470350872199675,1.1249306936651788,0.0547241677219248,2011-08-22
116,2011-10-01,-0.408756417526075,-0.7325829825426617,-0.08693885647023897,-0.0190973582392079,2011-09-21
117,2011-11-01,-0.09023622292675652,-0.4010605332401643,0.23940234549359052,-0.0188993397799506,2011-09-21
118,2011-12-01,-0.21720409972359492,-0.5386684342634974,0.11349476301868645,-0.0245894540673355,2011-09-21
119,2012-01-01,0.7527654841463526,0.46711316959895044,1.0599683350649034,0.0547241677219248,2011-09-21
120,2012-02-01,0.7079768606669379,0.3988931486517961,1.030812961878872,0.0560064879261868,2011-09-21
121,2011-11-01,0.018327272749363924,-0.27996398857190113,0.3324817154518693,-0.0188993397799506,2011-10-21
122,2011-12-01,-0.09781288439036927,-0.40983336385664715,0.22268293553568158,-0.0245894540673355,2011-10-21
123,2012-01-01,0.6165838044108205,0.30007615249878145,0.9147134657288865,0.0547241677219248,2011-10-21
124,2012-02-01,0.5846035601351502,0.2704235095089053,0.8950375681666337,0.0560064879261868,2011-10-21
125,2012-03-01,0.538028843030047,0.2410990665873762,0.8722519771992885,0.0552902108971671,2011-10-21
126,2011-12-01,-0.11706341018502672,-0.4367278711702132,0.18654244655532115,-0.0245894540673355,2011-11-20
127,2012-01-01,0.6565735370293371,0.35810880432698194,0.9451624831484311,0.0547241677219248,2011-11-20
128,2012-02-01,0.621261647940473,0.29500636046036843,0.9255689048000902,0.0560064879261868,2011-11-20
129,2012-03-01,0.5766951142777132,0.2751446647922804,0.8912596097672352,0.0552902108971671,2011-11-20
130,2012-04-01,0.7842933488208688,0.47140969153653456,1.0886369931542075,-0.052423164066957,2011-11-20
131,2012-01-01,0.6211700478465954,0.28786547942595314,0.947911185168888,0.0547241677219248,2011-12-20
132,2012-02-01,0.5824315176251353,0.27552746244635246,0.9031082691529337,0.0560064879261868,2011-12-20
133,2012-03-01,0.5425365313908269,0.239137436439423,0.8384525797117907,0.0552902108971671,2011-12-20
134,2012-04-01,0.7479907961227287,0.42699515565507107,1.05829500601265,-0.052423164066957,2011-12-20
135,2012-05-01,0.9616004965991182,0.6467858250174452,1.279034143735718,-0.0429109678254573,2011-12-20
136,2012-02-01,0.11112344323134542,-0.19235696023759952,0.4154610966585588,0.0560064879261868,2012-01-19
137,2012-03-01,0.07771595349900655,-0.21010291746950865,0.378413097982359,0.0552902108971671,2012-01-19
138,2012-04-01,0.08070020416760232,-0.21562454510768275,0.38911492089421246,-0.052423164066957,2012-01-19
139,2012-05-01,0.085036943640615,-0.19622449836856387,0.38524246487927066,-0.0429109678254573,2012-01-19
140,2012-06-01,0.0525056709799921,-0.2449298299462427,0.35759878523536714,-0.0411109678254573,2012-01-19
141,2012-03-01,0.05738804758218747,-0.2716425948134988,0.3584218115487342,0.0552902108971671,2012-02-18
142,2012-04-01,0.05103676811211677,-0.2596931971361517,0.3718631914194759,-0.052423164066957,2012-02-18
143,2012-05-01,0.03946491357586456,-0.2415921444174619,0.33197491305832516,-0.0429109678254573,2012-02-18
144,2012-06-01,0.007031447662998047,-0.29722210092205265,0.3081893787769503,-0.0411109678254573,2012-02-18
145,2012-07-01,-0.004810856695545114,-0.3140490887010649,0.2777935960043831,-0.0804683930458835,2012-02-18
146,2012-04-01,0.38041953605231676,0.0006069148918342197,0.7749084569478829,-0.052423164066957,2012-03-19
147,2012-05-01,0.5304168768149138,0.1491771020906084,0.9087878971660246,-0.0429109678254573,2012-03-19
148,2012-06-01,0.4845743522874254,0.08557081881913271,0.8702144295117618,-0.0411109678254573,2012-03-19
149,2012-07-01,0.22945984690226914,-0.1613319567550057,0.5813352555645827,-0.0804683930458835,2012-03-19
150,2012-08-01,0.2866191731955235,-0.09086654684035758,0.6925993035310969,-0.0819683930458835,2012-03-19
151,2012-05-01,0.45014802320498576,0.09651668592861408,0.8175796202776902,-0.0429109678254573,2012-04-18
152,2012-06-01,0.38624356581425606,0.011665086962216024,0.7589559646937772,-0.0411109678254573,2012-04-18
153,2012-07-01,0.1908071584233597,-0.18405113151202404,0.5738672031794193,-0.0804683930458835,2012-04-18
154,2012-08-01,0.2511440257350806,-0.10750517754127158,0.6117552272962015,-0.0819683930458835,2012-04-18
155,2012-09-01,0.17610146402097615,-0.19701468621266702,0.548436470163432,-0.0801096647925097,2012-04-18
156,2012-06-01,0.3877680750636641,-0.01689181657476444,0.7885641354102915,-0.0411109678254573,2012-05-18
157,2012-07-01,0.18815074606645654,-0.23145732483657763,0.6025406267496866,-0.0804683930458835,2012-05-18
158,2012-08-01,0.17138574975719686,-0.23218731420017522,0.5640537249246049,-0.0819683930458835,2012-05-18
159,2012-09-01,0.09705877965599254,-0.3204718555797724,0.4893893681107803,-0.0801096647925097,2012-05-18
160,2012-10-01,0.17156794759122634,-0.2520887246440061,0.5631729313904118,-0.013894054055989,2012-05-18
161,2012-07-01,0.15919167629129954,-0.22352108023878303,0.5419690819469453,-0.0804683930458835,2012-06-17
162,2012-08-01,0.16864144343698442,-0.19126434793018396,0.5449287575311057,-0.0819683930458835,2012-06-17
163,2012-09-01,0.11943962777905916,-0.26296318197279345,0.5266436943961293,-0.0801096647925097,2012-06-17
164,2012-10-01,0.07394699181526494,-0.2858751159278539,0.46593933092035505,-0.013894054055989,2012-06-17
165,2012-11-01,0.03403329246889856,-0.36674948803074947,0.4189570457225759,-0.0165,2012-06-17
166,2012-08-01,0.07970387409150631,-0.3302686712633194,0.49942460780055853,-0.0819683930458835,2012-07-17
167,2012-09-01,0.02945877621557816,-0.3770120432448302,0.44529949659359747,-0.0801096647925097,2012-07-17
168,2012-10-01,0.11362845089402293,-0.3197395546273162,0.5393267166672406,-0.013894054055989,2012-07-17
169,2012-11-01,0.009053785190457004,-0.418730142055586,0.4230437225335004,-0.0165,2012-07-17
170,2012-12-01,0.024434466103737215,-0.4108122831203296,0.43216092763460046,-0.0159993397799506,2012-07-17
171,2012-09-01,0.08537947149754058,-0.3004262938873736,0.47879455861649384,-0.0801096647925097,2012-08-16
172,2012-10-01,0.07440305512101275,-0.31023166148024867,0.4368540537728024,-0.013894054055989,2012-08-16
173,2012-11-01,0.029991384235866902,-0.3489432438092408,0.43534092986423256,-0.0165,2012-08-16
174,2012-12-01,0.019462424905993772,-0.3885689440650059,0.3935357035167473,-0.0159993397799506,2012-08-16
175,2013-01-01,-0.004044705019479134,-0.3818792391528392,0.3740301653853804,0.040045235035986,2012-08-16
176,2012-10-01,0.04995538008574226,-0.319961166064684,0.4146193391514918,-0.013894054055989,2012-09-15
177,2012-11-01,0.020952211660828845,-0.36156966931066575,0.40119029414473883,-0.0165,2012-09-15
178,2012-12-01,0.020942943433767368,-0.38314783332348257,0.38061052860610184,-0.0159993397799506,2012-09-15
179,2013-01-01,0.012955559524596436,-0.3573987546496282,0.382136891077791,0.040045235035986,2012-09-15
180,2013-02-01,0.024327078677718612,-0.35007036378878253,0.39858768271328354,0.0355567519501019,2012-09-15
181,2012-11-01,0.02802110286715732,-0.37445872731403096,0.45446508295082566,-0.0165,2012-10-15
182,2012-12-01,0.026952092011418034,-0.3774812903061428,0.4288158067552962,-0.0159993397799506,2012-10-15
183,2013-01-01,-0.0461827175196403,-0.4716727991040941,0.36857216939411225,0.040045235035986,2012-10-15
184,2013-02-01,-0.010495549216143053,-0.3863004444124149,0.3941475406302932,0.0355567519501019,2012-10-15
185,2013-03-01,-0.036089340476680914,-0.402022556729241,0.36598026237421266,0.0370181971940868,2012-10-15
186,2012-12-01,0.03045513661735268,-0.38433534480841247,0.433919480763405,-0.0159993397799506,2012-11-14
187,2013-01-01,-0.06190310793562959,-0.47713546682883806,0.3621071455334425,0.040045235035986,2012-11-14
188,2013-02-01,-0.02328454048962584,-0.4364905918597319,0.36291788019595056,0.0355567519501019,2012-11-14
189,2013-03-01,-0.0430717986551095,-0.4606865994019883,0.32337929888012323,0.0370181971940868,2012-11-14
190,2013-04-01,0.2375753676729657,-0.1496610407952633,0.6543191378608906,0.139034109599371,2012-11-14
191,2013-01-01,-0.048511952854759094,-0.43107222544954193,0.35940005272816244,0.040045235035986,2012-12-14
192,2013-02-01,-0.01186728027389408,-0.4187869852607209,0.38242889954762715,0.0355567519501019,2012-12-14
193,2013-03-01,-0.03794136724149857,-0.45521835141959743,0.3875926070744505,0.0370181971940868,2012-12-14
194,2013-04-01,0.2501298573008209,-0.12560657177179127,0.6470206335471156,0.139034109599371,2012-12-14
195,2013-05-01,0.28083556931334425,-0.10205370225978369,0.6881411987982914,0.134594624182586,2012-12-14
196,2013-02-01,0.015094760645300758,-0.3634492989397933,0.43995241123864975,0.0355567519501019,2013-01-13
197,2013-03-01,-0.010809259932459419,-0.4286392332705816,0.38300668546314687,0.0370181971940868,2013-01-13
198,2013-04-01,0.22194815765809625,-0.17765732419651317,0.5769543375601623,0.139034109599371,2013-01-13
199,2013-05-01,0.24252376267477307,-0.14252843196512316,0.6600217828242063,0.134594624182586,2013-01-13
200,2013-06-01,0.2697913421554898,-0.1325119924289191,0.6594051374471359,0.132263622539225,2013-01-13
201,2013-03-01,0.012172904282151743,-0.376495371988785,0.3870261121758778,0.0370181971940868,2013-02-12
202,2013-04-01,0.06577104671530304,-0.3309016548324997,0.4562362600413423,0.139034109599371,2013-02-12
203,2013-05-01,0.05869520705843563,-0.3362636947555847,0.429189350775378,0.134594624182586,2013-02-12
204,2013-06-01,0.047328037162033605,-0.35169848485365934,0.4084482536828653,0.132263622539225,2013-02-12
205,2013-07-01,0.0031214662181218715,-0.35896889159675266,0.3886299560961036,0.136330974325866,2013-02-12
206,2013-04-01,-0.15685919230745707,-0.5175416599735322,0.15985676187542366,0.139034109599371,2013-03-14
207,2013-05-01,-0.19541765034160036,-0.5839429984344799,0.15558633028885446,0.134594624182586,2013-03-14
208,2013-06-01,-0.22908748151888805,-0.6070183229846796,0.13859573937741,0.132263622539225,2013-03-14
209,2013-07-01,0.019279799870599877,-0.3629867843703166,0.3556074451196863,0.136330974325866,2013-03-14
210,2013-08-01,-0.13406666608849202,-0.4904617373338621,0.20091784567715726,0.134730974325866,2013-03-14
211,2013-05-01,0.07793712068322153,-0.29245463070650585,0.4323720621297224,0.134594624182586,2013-04-13
212,2013-06-01,0.0712438142984277,-0.3006282124976436,0.4305339474881556,0.132263622539225,2013-04-13
213,2013-07-01,0.0003492440364154168,-0.37139887650622316,0.33824925144545415,0.136330974325866,2013-04-13
214,2013-08-01,0.017813373250852853,-0.3388511463057938,0.38116215607540765,0.134730974325866,2013-04-13
215,2013-09-01,0.0062050603595018294,-0.36244041887445877,0.3674141861444168,0.124427113059202,2013-04-13
216,2013-06-01,0.0894128759103339,-0.28584044053020863,0.44718214542434365,0.132263622539225,2013-05-13
217,2013-07-01,0.002219454288786225,-0.35735659778456474,0.36657854769729586,0.136330974325866,2013-05-13
218,2013-08-01,0.025008443114439873,-0.3148191090618421,0.4110818994990556,0.134730974325866,2013-05-13
219,2013-09-01,0.009790209512921401,-0.3422874197669519,0.38599668724984576,0.124427113059202,2013-05-13
220,2013-10-01,0.019532583531282257,-0.3595001380872089,0.406816759182433,0.251023109756439,2013-05-13
221,2013-07-01,0.0006326148071193725,-0.3858070148842865,0.39559665042116726,0.136330974325866,2013-06-12
222,2013-08-01,0.03900304519631875,-0.3470824156633742,0.41616037341175094,0.134730974325866,2013-06-12
223,2013-09-01,0.012190008473363653,-0.3598993093973633,0.39052240790305354,0.124427113059202,2013-06-12
224,2013-10-01,0.08823961747066351,-0.2700840254707011,0.4957304870290284,0.251023109756439,2013-06-12
225,2013-11-01,0.08851052365675233,-0.2979124818922367,0.46848905803997953,0.247022880665674,2013-06-12
226,2013-08-01,0.05066917031064559,-0.3121975211862487,0.422776345217349,0.134730974325866,2013-07-12
227,2013-09-01,0.02725541963992219,-0.3244025157892824,0.36569513361951783,0.124427113059202,2013-07-12
228,2013-10-01,0.05908383788954042,-0.3038955426267945,0.4071989245438528,0.251023109756439,2013-07-12
229,2013-11-01,0.054998743434152855,-0.31393902752875497,0.42728885591519555,0.247022880665674,2013-07-12
230,2013-12-01,0.056049568162705496,-0.30845104257039213,0.4188168672783743,0.236260912265232,2013-07-12
231,2013-09-01,0.016044134320311175,-0.346087644750287,0.36273512364474747,0.124427113059202,2013-08-11
232,2013-10-01,0.036194667389381006,-0.3412974550314783,0.4250195705273095,0.251023109756439,2013-08-11
233,2013-11-01,0.0313939155004652,-0.3349752319523936,0.4012170631173665,0.247022880665674,2013-08-11
234,2013-12-01,0.02984812516872947,-0.3726160393904856,0.39205327418620645,0.236260912265232,2013-08-11
235,2014-01-01,0.021810633244283284,-0.3480084877131818,0.37020002201254154,-0.0043342320545967,2013-08-11
236,2013-10-01,0.03511257269781226,-0.32255189351305735,0.3761978761522397,0.251023109756439,2013-09-10
237,2013-11-01,0.03002581290428496,-0.32340490567236635,0.38172975751019345,0.247022880665674,2013-09-10
238,2013-12-01,0.030354208321427753,-0.32609471647210014,0.40583698053220846,0.236260912265232,2013-09-10
239,2014-01-01,0.024952184238236273,-0.3188331838708916,0.3749416837104999,-0.0043342320545967,2013-09-10
240,2014-02-01,0.017623186175324036,-0.3734925718088876,0.35365894518220437,-0.0028342320545967,2013-09-10
241,2013-11-01,0.07865931293819883,-0.2942901951895197,0.45387498001007825,0.247022880665674,2013-10-10
242,2013-12-01,0.08205738193997895,-0.30800293030634734,0.4602509359951952,0.236260912265232,2013-10-10
243,2014-01-01,0.06788489632719874,-0.31620533262216155,0.42669377742517844,-0.0043342320545967,2013-10-10
244,2014-02-01,0.06569552698944768,-0.30183551463105796,0.4279744175484703,-0.0028342320545967,2013-10-10
245,2014-03-01,0.04090597303438818,-0.31709421968869567,0.4379269481584856,0.000751830643242,2013-10-10
246,2013-12-01,0.14869633780449415,-0.2402420142167022,0.5506132820087453,0.236260912265232,2013-11-09
247,2014-01-01,0.11976579496772313,-0.28465961123019046,0.5120331953618252,-0.0043342320545967,2013-11-09
248,2014-02-01,0.11710809161563374,-0.28958369957160696,0.4812781170305644,-0.0028342320545967,2013-11-09
249,2014-03-01,0.08407038641940144,-0.3083806439108635,0.47453452452338307,0.000751830643242,2013-11-09
250,2014-04-01,-0.029195110110099367,-0.4135981009501831,0.3837946772842171,0.0667068976709838,2013-11-09
251,2014-01-01,0.14378912948117292,-0.21980444105595637,0.49949511989112727,-0.0043342320545967,2013-12-09
252,2014-02-01,0.1507033343241868,-0.20918952226126514,0.5103286966931702,-0.0028342320545967,2013-12-09
253,2014-03-01,0.09938015932987442,-0.2713547689233577,0.4776415126595429,0.000751830643242,2013-12-09
254,2014-04-01,-0.020051798335542905,-0.3610514288494058,0.3538258144564668,0.0667068976709838,2013-12-09
255,2014-05-01,-0.03587130601428398,-0.41603160959826585,0.31655590312524456,0.0695104064082937,2013-12-09
256,2014-02-01,0.10727300520468881,-0.26291845665558256,0.445981829531397,-0.0028342320545967,2014-01-08
257,2014-03-01,0.06552219710389261,-0.2944664423602318,0.43566032069540983,0.000751830643242,2014-01-08
258,2014-04-01,-0.014081187717870142,-0.3764900292982626,0.3474777729692903,0.0667068976709838,2014-01-08
259,2014-05-01,-0.020835344526184213,-0.3660154996009491,0.3545552465467565,0.0695104064082937,2014-01-08
260,2014-06-01,0.0015071399332992036,-0.35894455632283195,0.3322160868084446,0.0665048113427391,2014-01-08
261,2014-03-01,0.08530266798104352,-0.32490833752696846,0.44196122912632896,0.000751830643242,2014-02-07
262,2014-04-01,-0.016855311190889566,-0.4025933660703691,0.3552593262848755,0.0667068976709838,2014-02-07
263,2014-05-01,-0.03367536499957657,-0.4231598571227487,0.3266276460940363,0.0695104064082937,2014-02-07
264,2014-06-01,-0.011652186789947573,-0.3989707104102972,0.356136973001695,0.0665048113427391,2014-02-07
265,2014-07-01,0.09868768902500479,-0.23323376517521746,0.46775378316098837,0.0894346900327441,2014-02-07
266,2014-04-01,-0.012014279329757063,-0.34243268617609846,0.35163397618543146,0.0667068976709838,2014-03-09
267,2014-05-01,-0.015969369261478975,-0.3865157467842502,0.34468787215196395,0.0695104064082937,2014-03-09
268,2014-06-01,0.004893384867828448,-0.35898720344469487,0.35617804421326504,0.0665048113427391,2014-03-09
269,2014-07-01,0.06072714412544389,-0.30420545632321333,0.41580533253936486,0.0894346900327441,2014-03-09
270,2014-08-01,0.0522712028359373,-0.28770231301248916,0.40972925756400014,0.0893096749566675,2014-03-09
271,2014-05-01,-0.021839658835764247,-0.3946400699436924,0.32642753320707446,0.0695104064082937,2014-04-08
272,2014-06-01,-0.0022189569303913584,-0.3438165930067337,0.376035681314269,0.0665048113427391,2014-04-08
273,2014-07-01,0.05279264370752385,-0.2835881947048515,0.4012165376758921,0.0894346900327441,2014-04-08
274,2014-08-01,0.044516381590483725,-0.31683442990970073,0.42327359276234255,0.0893096749566675,2014-04-08
275,2014-09-01,0.03349318361049348,-0.34666156281833177,0.4103353348152709,0.0895346900327441,2014-04-08
276,2014-06-01,-0.00929214287869051,-0.379203156478096,0.35258252633305015,0.0665048113427391,2014-05-08
277,2014-07-01,0.04873591532373879,-0.328889575039087,0.41385971176611114,0.0894346900327441,2014-05-08
278,2014-08-01,0.040093278821456184,-0.32586552003750424,0.40595825628405297,0.0893096749566675,2014-05-08
279,2014-09-01,0.030252866594569088,-0.3098087210884185,0.4155526997662906,0.0895346900327441,2014-05-08
280,2014-10-01,0.020334493534643516,-0.3131545820451959,0.3841519543026174,-0.155762208811158,2014-05-08
281,2014-07-01,0.04204556694571185,-0.31276391151665706,0.40734438962397923,0.0894346900327441,2014-06-07
282,2014-08-01,0.03407421658759051,-0.31162736040427197,0.37739343899279815,0.0893096749566675,2014-06-07
283,2014-09-01,0.022682630062116408,-0.33573982491059673,0.36124068407717835,0.0895346900327441,2014-06-07
284,2014-10-01,0.00925848031723777,-0.358661469052315,0.3458853579437504,-0.155762208811158,2014-06-07
285,2014-11-01,0.006481768811770617,-0.33187788053025313,0.35764451898578553,-0.151840369811565,2014-06-07
286,2014-08-01,0.02946181196760904,-0.301419216962288,0.389838689796709,0.0893096749566675,2014-07-07
287,2014-09-01,0.0182236199127258,-0.32551955621900686,0.3547480604168688,0.0895346900327441,2014-07-07
288,2014-10-01,0.006174785366885186,-0.35675366186810487,0.3392236489988251,-0.155762208811158,2014-07-07
289,2014-11-01,0.0037511501597799627,-0.38358695683189387,0.36473000602181405,-0.151840369811565,2014-07-07
290,2014-12-01,0.0016076418015093183,-0.38585874924015334,0.35188274075274456,-0.154862208811158,2014-07-07
291,2014-09-01,0.022466922132510864,-0.32690672878372956,0.40068340272568753,0.0895346900327441,2014-08-06
292,2014-10-01,0.008332564497386386,-0.34937539332244444,0.368740575028658,-0.155762208811158,2014-08-06
293,2014-11-01,0.0060712554511805515,-0.328342447377893,0.36150337267218907,-0.151840369811565,2014-08-06
294,2014-12-01,0.00502362742624141,-0.36125048479271077,0.37921121496735566,-0.154862208811158,2014-08-06
295,2015-01-01,0.001414135375992299,-0.3366791703549541,0.35831822056253826,-0.12918653310902,2014-08-06
296,2014-10-01,0.008412947665253958,-0.3237575963066955,0.3564343162645479,-0.155762208811158,2014-09-05
297,2014-11-01,0.006162297699464142,-0.34220331112534286,0.3811928592373175,-0.151840369811565,2014-09-05
298,2014-12-01,0.0052552777826196,-0.35378847459791884,0.33386671548672264,-0.154862208811158,2014-09-05
299,2015-01-01,0.0015570678289232275,-0.3741158141325499,0.32287964359001353,-0.12918653310902,2014-09-05
300,2015-02-01,-0.0018912798009877113,-0.33745632669230696,0.33253075526880405,-0.137703214480237,2014-09-05
301,2014-11-01,0.026560619412819293,-0.30777017578516874,0.4010822697484278,-0.151840369811565,2014-10-05
302,2014-12-01,0.026468028712641554,-0.33030061253455006,0.38668075371063504,-0.154862208811158,2014-10-05
303,2015-01-01,0.016299423586599335,-0.35903030350958004,0.3575876869922331,-0.12918653310902,2014-10-05
304,2015-02-01,0.012529771925128233,-0.33787619181760864,0.341838281846164,-0.137703214480237,2014-10-05
305,2015-03-01,0.004668865282746691,-0.349654720723528,0.37115811438711194,-0.135088937497739,2014-10-05
306,2014-12-01,-0.003140765340438643,-0.3645902539366541,0.3562451945709614,-0.154862208811158,2014-11-04
307,2015-01-01,-0.006994573612791992,-0.39264589909719116,0.3400076287905038,-0.12918653310902,2014-11-04
308,2015-02-01,-0.011183048788870595,-0.3733920678097553,0.36801290671040454,-0.137703214480237,2014-11-04
309,2015-03-01,-0.005282441721179182,-0.324625795093077,0.33711180107184424,-0.135088937497739,2014-11-04
310,2015-04-01,-0.019622409223598744,-0.3760229907182953,0.3417989202739983,-0.18017281516301,2014-11-04
311,2015-01-01,-0.014067561254295135,-0.34706971411774007,0.30709096286134574,-0.12918653310902,2014-12-04
312,2015-02-01,-0.018004118886138364,-0.3864353726162536,0.30402115139710106,-0.137703214480237,2014-12-04
313,2015-03-01,-0.009375753103562843,-0.36983761101944557,0.358627800987021,-0.135088937497739,2014-12-04
314,2015-04-01,-0.0240284076926615,-0.352802200225918,0.3173610384579656,-0.18017281516301,2014-12-04
315,2015-05-01,-0.030358400357321368,-0.38768106231686966,0.3082821618094196,-0.185833357668384,2014-12-04
316,2015-02-01,-0.02753741468471406,-0.3575815657308673,0.32337910271319187,-0.137703214480237,2015-01-03
317,2015-03-01,-0.012659347183591465,-0.35920827244803827,0.3179197842421668,-0.135088937497739,2015-01-03
318,2015-04-01,-0.030019166459085173,-0.3615966664313396,0.2908170204927099,-0.18017281516301,2015-01-03
319,2015-05-01,-0.039085136276242376,-0.3647765179261727,0.28787183149769463,-0.185833357668384,2015-01-03
320,2015-06-01,-0.08222968220264738,-0.4132978101284924,0.2562725049904342,-0.189468031659123,2015-01-03
321,2015-03-01,-0.008476256705398465,-0.34123454618300464,0.3469612320341291,-0.135088937497739,2015-02-02
322,2015-04-01,-0.0261059873282946,-0.37418442710773026,0.30097525554436266,-0.18017281516301,2015-02-02
323,2015-05-01,-0.033531040926602564,-0.3628922895356988,0.3011568661007344,-0.185833357668384,2015-02-02
324,2015-06-01,-0.07509409546829496,-0.4325584317230941,0.2626711329245229,-0.189468031659123,2015-02-02
325,2015-07-01,0.004743431670127391,-0.3390607490336235,0.3328879927660928,-0.188051262662216,2015-02-02
326,2015-04-01,-0.021323191631962075,-0.3881652556623304,0.33667596750059503,-0.18017281516301,2015-03-04
327,2015-05-01,-0.02554108718162173,-0.34370795890212236,0.31370795796939765,-0.185833357668384,2015-03-04
328,2015-06-01,-0.05875973483682167,-0.39423621792211755,0.26174611331904,-0.189468031659123,2015-03-04
329,2015-07-01,0.00733578592379007,-0.3159211305779317,0.3432696954624369,-0.188051262662216,2015-03-04
330,2015-08-01,0.006061611090850166,-0.3494592154744016,0.3541898931834923,-0.186551262662216,2015-03-04
331,2015-05-01,-0.04831382805444495,-0.42793430410945654,0.2708872852941285,-0.185833357668384,2015-04-03
332,2015-06-01,-0.10812487221719778,-0.460645512076073,0.23569619882987067,-0.189468031659123,2015-04-03
333,2015-07-01,0.021538907398768025,-0.33724617360933995,0.37067771472419536,-0.188051262662216,2015-04-03
334,2015-08-01,0.01946254747857414,-0.31907833733544533,0.3407318625719015,-0.186551262662216,2015-04-03
335,2015-09-01,0.003173475794944559,-0.3507984355202092,0.3552185453687802,-0.194653703413885,2015-04-03
336,2015-06-01,-0.09450653316113526,-0.45394578667004,0.27446627405751106,-0.189468031659123,2015-05-03
337,2015-07-01,0.013801595245956323,-0.36769353483018347,0.3716630784233362,-0.188051262662216,2015-05-03
338,2015-08-01,0.011576613995404272,-0.35886061886436504,0.3638332283901382,-0.186551262662216,2015-05-03
339,2015-09-01,0.0047494235327442185,-0.3461228249883457,0.3518414962946524,-0.194653703413885,2015-05-03
340,2015-10-01,0.02404939315035329,-0.34981422760704717,0.3637962144347897,-0.187583665811758,2015-05-03
341,2015-07-01,0.006030802271663195,-0.3324643070638317,0.31657755945121,-0.188051262662216,2015-06-02
342,2015-08-01,0.003398987225340848,-0.35864329263620004,0.3372938886468746,-0.186551262662216,2015-06-02
343,2015-09-01,-0.0028165790554362156,-0.3450040383282177,0.34546483221004,-0.194653703413885,2015-06-02
344,2015-10-01,0.010500682057793434,-0.3311336662414415,0.34033031353956644,-0.187583665811758,2015-06-02
345,2015-08-01,0.00950125633971639,-0.3112040212087841,0.3434389086269798,-0.186551262662216,2015-07-02
346,2015-09-01,0.0012751007606772143,-0.35662190613303674,0.33420335261587936,-0.194653703413885,2015-07-02
347,2015-10-01,0.015707076032783096,-0.3282414526532474,0.3405659224619821,-0.187583665811758,2015-07-02
348,2015-11-01,0.01727095779223295,-0.3292956450491952,0.37016651474539497,-0.192523770714776,2015-07-02
349,2015-09-01,0.0009355609985676941,-0.34784841063374666,0.3250389031870135,-0.194653703413885,2015-08-01
350,2015-10-01,0.022632932550864737,-0.31293946230859687,0.3523885830138539,-0.187583665811758,2015-08-01
351,2015-11-01,0.022143035464444502,-0.3123367131666402,0.35106348671642756,-0.192523770714776,2015-08-01
352,2015-12-01,0.015404074839554895,-0.30675251529118336,0.36985121980124647,-0.195353703413885,2015-08-01
353,2015-09-01,0.0009355609985676941,-0.3273403193321557,0.33823142569575537,-0.194653703413885,2015-08-31
354,2015-10-01,0.022632932550864737,-0.3271954508431122,0.37808727249576,-0.187583665811758,2015-08-31
355,2015-11-01,0.022143035464444502,-0.3140554252792161,0.37838855721217596,-0.192523770714776,2015-08-31
356,2015-12-01,0.015404074839554895,-0.3079989947754847,0.3600051397667207,-0.195353703413885,2015-08-31
357,2016-01-01,0.01837678081713764,-0.312366199775748,0.3551051476129143,-0.0244940659359919,2015-08-31
358,2015-10-01,0.019139609028904336,-0.31261065786002223,0.36510332796219447,-0.187583665811758,2015-09-30
359,2015-11-01,0.021897470665452633,-0.3165286531158058,0.35131777881974446,-0.192523770714776,2015-09-30
360,2015-12-01,0.018446322056769215,-0.3509651699697595,0.35157027023862375,-0.195353703413885,2015-09-30
361,2016-01-01,0.02859400934401619,-0.3104689561646203,0.3532360986074045,-0.0244940659359919,2015-09-30
362,2016-02-01,-0.00645190944714261,-0.357077241148284,0.3185515525528626,-0.020197361759208,2015-09-30
363,2015-11-01,0.01999536281727766,-0.34052813164524676,0.36133149718945945,-0.192523770714776,2015-10-30
364,2015-12-01,0.015071011774829786,-0.3206650384277306,0.36452139039681775,-0.195353703413885,2015-10-30
365,2016-01-01,0.018337813223795418,-0.3305002826589327,0.36369056883973877,-0.0244940659359919,2015-10-30
366,2016-02-01,-0.012116605169039165,-0.37136480969688085,0.34251409131304517,-0.020197361759208,2015-10-30
367,2016-03-01,0.06393446824612549,-0.26369628560985175,0.39968368298149626,-0.0248835274690865,2015-10-30
368,2015-12-01,0.013359083918594692,-0.3004049317462102,0.342125442430408,-0.195353703413885,2015-11-29
369,2016-01-01,0.01490182260412385,-0.3506242326214333,0.3272462971606555,-0.0244940659359919,2015-11-29
370,2016-02-01,-0.016891604286261727,-0.3699095162093622,0.30956303082920117,-0.020197361759208,2015-11-29
371,2016-03-01,0.0618375576239691,-0.28354533645834373,0.4002590551924913,-0.0248835274690865,2015-11-29
372,2016-04-01,0.028177265846488393,-0.3160702625752698,0.3831902439727321,0.0024918250055574,2015-11-29
373,2016-01-01,0.009163547877099151,-0.3086335672630769,0.333682969755335,-0.0244940659359919,2015-12-29
374,2016-02-01,-0.024377252165438557,-0.35202450963390547,0.31929766014239064,-0.020197361759208,2015-12-29
375,2016-03-01,0.057940321355896024,-0.2833006099478884,0.40414069909789513,-0.0248835274690865,2015-12-29
376,2016-04-01,0.02911497066371938,-0.3062857776561185,0.36780089458311105,0.0024918250055574,2015-12-29
377,2016-05-01,-0.020612969292350562,-0.36445852006446644,0.3070818546651131,0.0049397754505438,2015-12-29
378,2016-02-01,-0.015050943186344574,-0.3316337855055916,0.3171264608935317,-0.020197361759208,2016-01-28
379,2016-03-01,0.05897389501446365,-0.2550332306198732,0.40898252374486493,-0.0248835274690865,2016-01-28
380,2016-04-01,0.02424257207450434,-0.31302601024400745,0.3571178712514786,0.0024918250055574,2016-01-28
381,2016-05-01,-0.023786038704533934,-0.36620543862478366,0.3063323634569346,0.0049397754505438,2016-01-28
382,2016-06-01,-0.07781007756522813,-0.42094976409149143,0.26500005375369073,0.0090931070792348,2016-01-28
383,2016-03-01,0.06023646574346587,-0.2691816105441892,0.399210716032503,-0.0248835274690865,2016-02-27
384,2016-04-01,0.028277810553658876,-0.28089768908053514,0.35271329551408465,0.0024918250055574,2016-02-27
385,2016-05-01,-0.013891873004211248,-0.3452059364184535,0.34036869798014635,0.0049397754505438,2016-02-27
386,2016-06-01,-0.06422966645389042,-0.4063068619966388,0.26537010717854476,0.0090931070792348,2016-02-27
387,2016-07-01,-0.10357006538903912,-0.4216052171116423,0.22422534508523861,0.0866493357108079,2016-02-27
388,2016-04-01,0.020377110685365088,-0.31572819494122134,0.3807726178315197,0.0024918250055574,2016-03-28
389,2016-05-01,-0.01930769188526602,-0.36011521426471355,0.3099660846007748,0.0049397754505438,2016-03-28
390,2016-06-01,-0.06585546832927038,-0.43147795554253915,0.2939353043424385,0.0090931070792348,2016-03-28
391,2016-07-01,-0.1019381690969376,-0.4513280091671398,0.25477909373902247,0.0866493357108079,2016-03-28
392,2016-08-01,-0.062339530875358415,-0.390575188913078,0.3009524944477357,0.087361408608194,2016-03-28
393,2016-05-01,-0.020876558324908232,-0.3589280472002622,0.31442149573032735,0.0049397754505438,2016-04-27
394,2016-06-01,-0.07953718137631884,-0.40719598689151987,0.24445113243083139,0.0090931070792348,2016-04-27
395,2016-07-01,-0.12922285602826594,-0.45945341309398835,0.19934588827205868,0.0866493357108079,2016-04-27
396,2016-08-01,-0.08130938443198443,-0.41472908079428145,0.24156809133613388,0.087361408608194,2016-04-27
397,2016-09-01,-0.006886047568474249,-0.34064185749793097,0.32981306320387416,0.0879749138283443,2016-04-27
398,2016-06-01,-0.06741727236952437,-0.3920072011624678,0.276172597812782,0.0090931070792348,2016-05-27
399,2016-07-01,-0.09844497892292339,-0.44270528849292307,0.2621223318867715,0.0866493357108079,2016-05-27
400,2016-08-01,-0.05699813727284968,-0.4084741708993971,0.2910920243194445,0.087361408608194,2016-05-27
401,2016-09-01,-0.0031951836950017414,-0.3468016629502221,0.327147693471434,0.0879749138283443,2016-05-27
402,2016-10-01,-0.03887009431788228,-0.36203024515419935,0.3080702750239316,0.259623109756439,2016-05-27
403,2016-07-01,-0.10805453890528433,-0.43120412939743097,0.2357131068663242,0.0866493357108079,2016-06-26
404,2016-08-01,-0.06178587572399871,-0.4217322613153398,0.2914500633029873,0.087361408608194,2016-06-26
405,2016-09-01,0.00116916782341716,-0.35173129306941064,0.34630393362687667,0.0879749138283443,2016-06-26
406,2016-10-01,-0.029510992180216085,-0.3842987817911818,0.3037797235902741,0.259623109756439,2016-06-26
407,2016-11-01,-0.006825879661376483,-0.3729717613138234,0.3391976088362149,0.243860912265232,2016-06-26
408,2016-08-01,-0.0883482191143808,-0.4101185066069808,0.2431843287558246,0.087361408608194,2016-07-26
409,2016-09-01,-0.03184153805489362,-0.36539511985868867,0.31436253780073675,0.0879749138283443,2016-07-26
410,2016-10-01,-0.019815524268091925,-0.3470669415244511,0.3037037987169916,0.259623109756439,2016-07-26
411,2016-11-01,-0.004370760794751197,-0.3191848457095093,0.32099428851050765,0.243860912265232,2016-07-26
412,2016-12-01,-0.051318078846132924,-0.3942912091371888,0.3045921104211111,0.240360912265232,2016-07-26
413,2016-09-01,-0.00863287698881008,-0.3312021207308866,0.31941587239125646,0.0879749138283443,2016-08-25
414,2016-10-01,-0.0008770611749119158,-0.3140152292765285,0.3277452234586704,0.259623109756439,2016-08-25
415,2016-11-01,0.011167775466738101,-0.31598110773004995,0.3431424825955888,0.243860912265232,2016-08-25
416,2016-12-01,-0.0321571467491165,-0.3426683103497863,0.2778644550173639,0.240360912265232,2016-08-25
417,2017-01-01,-0.015622934011846137,-0.3203577690783613,0.29135507711591013,0.243941794562545,2016-08-25
418,2016-10-01,-0.01715892799406561,-0.34497507661676574,0.31435924712481816,0.259623109756439,2016-09-24
419,2016-11-01,-0.000603383293886337,-0.336045768506154,0.3343266136545419,0.243860912265232,2016-09-24
420,2016-12-01,-0.041270112719453515,-0.40561047252113847,0.29447252439275673,0.240360912265232,2016-09-24
421,2017-01-01,-0.013350031726203403,-0.335099878687613,0.3196147983062352,0.243941794562545,2016-09-24
422,2017-02-01,-0.03795884748238046,-0.37141678415170465,0.31081743888759794,0.247029113152252,2016-09-24
423,2016-11-01,0.008541693355474065,-0.29341352498401735,0.320308961909005,0.243860912265232,2016-10-24
424,2016-12-01,-0.041394630628607244,-0.3490669771617192,0.26979494372365337,0.240360912265232,2016-10-24
425,2017-01-01,-0.02651496310254215,-0.33694201180646144,0.29501267169360046,0.243941794562545,2016-10-24
426,2017-02-01,-0.050379284413468846,-0.35921976340554074,0.27126702851592327,0.247029113152252,2016-10-24
427,2017-03-01,-0.0135820670372519,-0.3246071822194565,0.29372522345233343,0.233036782608987,2016-10-24
428,2016-12-01,-0.029160735009963076,-0.3481988072078102,0.2843488634831056,0.240360912265232,2016-11-23
429,2017-01-01,-0.013835196947289496,-0.3484730443165139,0.31113656646505794,0.243941794562545,2016-11-23
430,2017-02-01,-0.04010855198361841,-0.3533521607897071,0.285264609094945,0.247029113152252,2016-11-23
431,2017-03-01,0.0030110999984888855,-0.3200860932741074,0.3374678744844076,0.233036782608987,2016-11-23
432,2017-04-01,-0.0987103723782999,-0.41094712166880837,0.22528252781572847,0.135006086834584,2016-11-23
433,2017-01-01,-0.021250761422609843,-0.36423809784388955,0.31068323597802755,0.243941794562545,2016-12-23
434,2017-02-01,-0.04462057212651808,-0.3749077251778484,0.28091262005671364,0.247029113152252,2016-12-23
435,2017-03-01,0.0007559432206314491,-0.36993888885286264,0.313469746012132,0.233036782608987,2016-12-23
436,2017-04-01,-0.10845055939529287,-0.4285701304097965,0.21170900945800164,0.135006086834584,2016-12-23
437,2017-05-01,-0.1008093919994861,-0.4253771487004,0.2521711302432336,0.133634109599371,2016-12-23
438,2017-02-01,-0.039149442685828234,-0.34599646745736573,0.28777287459413,0.247029113152252,2017-01-22
439,2017-03-01,-0.0051762907864716075,-0.3372109679515437,0.3333884728285842,0.233036782608987,2017-01-22
440,2017-04-01,-0.0959888488352277,-0.41600253878821886,0.2278744081894042,0.135006086834584,2017-01-22
441,2017-05-01,-0.09797811055039304,-0.43750417195637986,0.22612052345360203,0.133634109599371,2017-01-22
442,2017-06-01,-0.13260517632767416,-0.44479696815879055,0.20032395826526112,0.134734109599371,2017-01-22
443,2017-03-01,-0.02156735710670655,-0.36590909479126604,0.30228192444823637,0.233036782608987,2017-02-21
444,2017-04-01,-0.10546854157802768,-0.4269145491353083,0.22951217214338243,0.135006086834584,2017-02-21
445,2017-05-01,-0.08446251076357404,-0.41079501589563827,0.2575729312684036,0.133634109599371,2017-02-21
446,2017-06-01,-0.10641606852330925,-0.44298444450938557,0.23177746577973654,0.134734109599371,2017-02-21
447,2017-07-01,-0.06895925642722034,-0.39985613850195734,0.26221102179138045,0.103625030131969,2017-02-21
448,2017-04-01,-0.08142890047511964,-0.39959165818078296,0.24730463210801687,0.135006086834584,2017-03-23
449,2017-05-01,-0.06777442950244426,-0.41423246565002414,0.26987864502594694,0.133634109599371,2017-03-23
450,2017-06-01,-0.0922781429657417,-0.4214349382435958,0.23855788640223813,0.134734109599371,2017-03-23
451,2017-07-01,-0.05859857465403955,-0.3994463483438503,0.25915380104541685,0.103625030131969,2017-03-23
452,2017-08-01,-0.04168803496618664,-0.35798971011879915,0.3015837814640329,0.0980492162741773,2017-03-23
453,2017-05-01,-0.08915004040453212,-0.4354270582797693,0.2544992716527409,0.133634109599371,2017-04-22
454,2017-06-01,-0.12363894015774511,-0.430123204096329,0.2010935926197029,0.134734109599371,2017-04-22
455,2017-07-01,-0.07372761299525694,-0.38675203702781313,0.24331241470913656,0.103625030131969,2017-04-22
456,2017-08-01,-0.06354554385666698,-0.38008777137368127,0.23768493063351898,0.0980492162741773,2017-04-22
457,2017-09-01,0.02585873343945775,-0.29971006319695875,0.3471965221491799,0.100815179047249,2017-04-22
458,2017-06-01,-0.07073918481289224,-0.42606873021089825,0.269049518149949,0.134734109599371,2017-05-22
459,2017-07-01,-0.04580252096540419,-0.365874284628168,0.29256125394031746,0.103625030131969,2017-05-22
460,2017-08-01,-0.031803705305917584,-0.3682112817730816,0.27440564942387047,0.0980492162741773,2017-05-22
461,2017-09-01,0.019059370378619902,-0.3116117876928583,0.3787018152640177,0.100815179047249,2017-05-22
462,2017-10-01,-0.09338815159270929,-0.42188597275270207,0.2638551462375267,0.0872639745607627,2017-05-22
463,2017-07-01,-0.02479491777300712,-0.3609487686336429,0.3461119841537113,0.103625030131969,2017-06-21
464,2017-08-01,-0.013627127419881715,-0.3557835951695871,0.30859291168102254,0.0980492162741773,2017-06-21
465,2017-09-01,0.01881355192734668,-0.33010975065641945,0.368019102198169,0.100815179047249,2017-06-21
466,2017-10-01,-0.06325863871831579,-0.4207218550659071,0.28862291515852745,0.0872639745607627,2017-06-21
467,2017-11-01,-0.06534340771618745,-0.4393575534693631,0.28029762362880356,0.0820898527925662,2017-06-21
468,2017-08-01,-0.03662858597830624,-0.34092334710129063,0.27410347333493007,0.0980492162741773,2017-07-21
469,2017-09-01,0.01662544410100015,-0.31360506238634833,0.3585665305339253,0.100815179047249,2017-07-21
470,2017-10-01,-0.09125989361753911,-0.4521548714017534,0.22032530405929918,0.0872639745607627,2017-07-21
471,2017-11-01,-0.08535404622695734,-0.3805550484454054,0.23961740073328539,0.0820898527925662,2017-07-21
472,2017-12-01,-0.10365641125583154,-0.42267916762852287,0.23548161810692594,0.0842240376448016,2017-07-21
473,2017-09-01,0.016116677777558253,-0.32187574252959694,0.3429554564041806,0.100815179047249,2017-08-20
474,2017-10-01,-0.0845224485744743,-0.4134093078579966,0.24020679186440203,0.0872639745607627,2017-08-20
475,2017-11-01,-0.07920452927029863,-0.4302148887823025,0.2316246690419132,0.0820898527925662,2017-08-20
476,2017-12-01,-0.09471949892571149,-0.43761685382937066,0.24307537451513087,0.0842240376448016,2017-08-20
477,2018-01-01,-0.0372882273550386,-0.3952054454836783,0.2772641657818228,0.196953650332533,2017-08-20
478,2017-10-01,-0.08852716418173409,-0.429892207111529,0.24008392273977922,0.0872639745607627,2017-09-19
479,2017-11-01,-0.08459678379686202,-0.4067549315833969,0.2502890374543045,0.0820898527925662,2017-09-19
480,2017-12-01,-0.10072623163706236,-0.4272796245525221,0.2468063909370952,0.0842240376448016,2017-09-19
481,2018-01-01,-0.03958750071424581,-0.37349857152904486,0.27825853257295674,0.196953650332533,2017-09-19
482,2018-02-01,-0.0017799870550252984,-0.3361707232256543,0.34140641144409367,0.188394444443923,2017-09-19
483,2017-11-01,-0.09248994988786668,-0.39011449463176134,0.2339834555338138,0.0820898527925662,2017-10-19
484,2017-12-01,-0.1175928196569185,-0.44360620110964843,0.20647152404983965,0.0842240376448016,2017-10-19
485,2018-01-01,-0.05076800731936461,-0.3866528997139064,0.2658391702181824,0.196953650332533,2017-10-19
486,2018-02-01,-0.019934929535260097,-0.32042261711555636,0.3060253341597384,0.188394444443923,2017-10-19
487,2018-03-01,-0.010565930007662,-0.3414608745467446,0.2986882670692571,0.190031910032607,2017-10-19
488,2017-12-01,-0.10847804219871567,-0.42688850885587065,0.21598705692716516,0.0842240376448016,2017-11-18
489,2018-01-01,-0.04211865128883347,-0.36854888849646744,0.2915226259648735,0.196953650332533,2017-11-18
490,2018-02-01,-0.008765922900252614,-0.3341286622629935,0.314070171159145,0.188394444443923,2017-11-18
491,2018-03-01,-0.004971913599156769,-0.33861892477330285,0.3260599834879703,0.190031910032607,2017-11-18
492,2018-04-01,-0.04084446353934563,-0.4060155586252752,0.2614648228977714,0.242529113152252,2017-11-18
493,2018-01-01,-0.035177236616762725,-0.354537648822213,0.30324149241474446,0.196953650332533,2017-12-18
494,2018-02-01,-0.004464245105155177,-0.33898665012953094,0.3200325751872845,0.188394444443923,2017-12-18
495,2018-03-01,-0.008412515058596578,-0.3271385988417193,0.3149096882827849,0.190031910032607,2017-12-18
496,2018-04-01,-0.033710771373317294,-0.3612262422444644,0.2730164382106485,0.242529113152252,2017-12-18
497,2018-05-01,-0.07167018677599528,-0.40370834534116645,0.23925691312971686,0.235460912265232,2017-12-18
498,2018-02-01,-0.003821654848940041,-0.31242352909034454,0.32344564446045276,0.188394444443923,2018-01-17
499,2018-03-01,0.005400209559096209,-0.3237936964499295,0.31233802324589943,0.190031910032607,2018-01-17
500,2018-04-01,-0.020638754753183608,-0.33783827915862663,0.3022519408314093,0.242529113152252,2018-01-17
501,2018-05-01,-0.049150178102139716,-0.3571399118613908,0.2578406430958501,0.235460912265232,2018-01-17
502,2018-06-01,-0.07308835757594691,-0.39444666785922256,0.2254664063208023,0.233186453651261,2018-01-17
503,2018-03-01,-0.015599401594395775,-0.3432249121334081,0.3112303012768331,0.190031910032607,2018-02-16
504,2018-04-01,-0.02620126360689594,-0.361781058085909,0.26924542510180377,0.242529113152252,2018-02-16
505,2018-05-01,-0.046905542681315686,-0.400989876146046,0.2769227683494509,0.235460912265232,2018-02-16
506,2018-06-01,-0.05268891964711586,-0.3849393172376484,0.29214543974004586,0.233186453651261,2018-02-16
507,2018-07-01,-0.015440786932280981,-0.3954252308039951,0.3025505853891217,0.261904443084277,2018-02-16
508,2018-04-01,-0.02817890452560101,-0.3543579216021502,0.2902151740306721,0.242529113152252,2018-03-18
509,2018-05-01,-0.05595492267410411,-0.3715377254017924,0.28063890909272293,0.235460912265232,2018-03-18
510,2018-06-01,-0.07176761169092719,-0.42760446626399823,0.2411216942217771,0.233186453651261,2018-03-18
511,2018-07-01,-0.023926146208017585,-0.3163677064567035,0.30366802875865895,0.261904443084277,2018-03-18
512,2018-08-01,-0.017348663763560163,-0.33390090291185565,0.3100493531875039,0.255852035125343,2018-03-18
513,2018-05-01,-0.05561022448055596,-0.382675370761469,0.28680451890755815,0.235460912265232,2018-04-17
514,2018-06-01,-0.07709375720687016,-0.3811658064346247,0.23212109485258497,0.233186453651261,2018-04-17
515,2018-07-01,-0.02706780261208051,-0.3654669047641722,0.29028233179362467,0.261904443084277,2018-04-17
516,2018-08-01,-0.022864407282856884,-0.3623218754837502,0.3035795172639306,0.255852035125343,2018-04-17
517,2018-09-01,0.0274263287463568,-0.2908089118831689,0.35011956203266137,0.250229813100515,2018-04-17
518,2018-06-01,-0.041235146836516114,-0.36454447181123434,0.283234484698114,0.233186453651261,2018-05-17
519,2018-07-01,-0.014304876536573247,-0.353901810630159,0.29030787699984645,0.261904443084277,2018-05-17
520,2018-08-01,-0.01261111186793652,-0.32149589711726845,0.30587639873824424,0.255852035125343,2018-05-17
521,2018-09-01,0.01401038881653576,-0.2830423263672117,0.31547450073994765,0.250229813100515,2018-05-17
522,2018-10-01,0.0114387587664434,-0.3082960517019558,0.29148904412334364,0.0327159387145588,2018-05-17
523,2018-07-01,-0.006137556869680371,-0.3123033509239722,0.3217709572819768,0.261904443084277,2018-06-16
524,2018-08-01,-0.00531479053636802,-0.31331746999386884,0.3147859306617184,0.255852035125343,2018-06-16
525,2018-09-01,0.006891381455028421,-0.3226518269752764,0.3598881293582639,0.250229813100515,2018-06-16
526,2018-10-01,0.0038566643325349224,-0.3044711019182479,0.3343399828598232,0.0327159387145588,2018-06-16
527,2018-11-01,-0.0006011126218697552,-0.3236297753535196,0.2979613938722694,0.0317461808463811,2018-06-16
528,2018-08-01,0.0032205377358280165,-0.31740341478771034,0.318666718114459,0.255852035125343,2018-07-16
529,2018-09-01,-0.008155352345681387,-0.3480937045133643,0.30992200380965806,0.250229813100515,2018-07-16
530,2018-10-01,0.004137495449130291,-0.317583809039371,0.36314531155156915,0.0327159387145588,2018-07-16
531,2018-11-01,0.007669624377971085,-0.3176495105318781,0.3307819345344968,0.0317461808463811,2018-07-16
532,2018-12-01,0.006392974271030463,-0.32543665981697145,0.2996282698329928,0.0333778118644982,2018-07-16
533,2018-09-01,-0.016368358198135723,-0.33519895066435984,0.29747395079733535,0.250229813100515,2018-08-15
534,2018-10-01,-0.01034112039236309,-0.31708590744275056,0.3059120385741045,0.0327159387145588,2018-08-15
535,2018-11-01,-0.0031028708008407685,-0.32976758346194573,0.32790284549903503,0.0317461808463811,2018-08-15
536,2018-12-01,0.005091710217275759,-0.3094284761361637,0.3138632809675125,0.0333778118644982,2018-08-15
537,2019-01-01,0.021895730251223426,-0.2982547396836575,0.348651343686458,0.0307810244306211,2018-08-15
538,2018-10-01,-0.0037533979883493775,-0.3050066772148798,0.32718472523238606,0.0327159387145588,2018-09-14
539,2018-11-01,-0.0002981390754499378,-0.320384429003457,0.32536988256958754,0.0317461808463811,2018-09-14
540,2018-12-01,0.0021337390634576393,-0.3225881466834768,0.3141914415169489,0.0333778118644982,2018-09-14
541,2019-01-01,0.008708116639145195,-0.32058836798776863,0.3339635128901768,0.0307810244306211,2018-09-14
542,2019-02-01,0.005979838445416507,-0.3069387584245352,0.3251874189700243,0.038687086851492,2018-09-14
543,2018-11-01,-9.084900724521242e-05,-0.34226184321652364,0.3383669555579827,0.0317461808463811,2018-10-14
544,2018-12-01,1.3481998599185327e-05,-0.3074211493452795,0.30126158553677396,0.0333778118644982,2018-10-14
545,2019-01-01,-0.0005041511582681699,-0.3081690488922986,0.2972239050517511,0.0307810244306211,2018-10-14
546,2019-02-01,-0.0008757454759959106,-0.3376366122648301,0.32527959468750467,0.038687086851492,2018-10-14
547,2019-03-01,0.0009176567386401706,-0.2920088099740137,0.31925360296200916,0.0372461808463811,2018-10-14
548,2018-12-01,-0.0009168933727767255,-0.32484677448030375,0.3018001211190826,0.0333778118644982,2018-11-13
549,2019-01-01,-0.009140273156647201,-0.33121992845517084,0.30700932154106103,0.0307810244306211,2018-11-13
550,2019-02-01,-0.008420944238513646,-0.3450050321597753,0.2920098241900182,0.038687086851492,2018-11-13
551,2019-03-01,0.00862078580423199,-0.2917903886004241,0.34184172285018316,0.0372461808463811,2018-11-13
552,2019-04-01,-0.0023412023911662835,-0.3256922086617137,0.3130882526286529,-0.0010342320545967,2018-11-13
553,2019-01-01,0.013254693494986465,-0.3164031718945471,0.3130773111594526,0.0307810244306211,2018-12-13
554,2019-02-01,0.009488373422140234,-0.31674544099866725,0.30432319900288557,0.038687086851492,2018-12-13
555,2019-03-01,-0.009830510545997694,-0.3086891333977487,0.3136956271977128,0.0372461808463811,2018-12-13
556,2019-04-01,0.0037496756688324352,-0.2906558601468539,0.30376417499592495,-0.0010342320545967,2018-12-13
557,2019-05-01,0.009019577451471795,-0.2867361314949728,0.30938810775032494,0.0027217941965933,2018-12-13
558,2019-02-01,0.005242252057587944,-0.29757963782696023,0.30392032187306606,0.038687086851492,2019-01-12
559,2019-03-01,-0.007502056339474315,-0.3180093334227444,0.2906435211538651,0.0372461808463811,2019-01-12
560,2019-04-01,0.0024105615241750197,-0.2980163199391207,0.33240104044018326,-0.0010342320545967,2019-01-12
561,2019-05-01,0.005701338214263849,-0.28400066736232565,0.33035170648900614,0.0027217941965933,2019-01-12
562,2019-06-01,0.009139944958556178,-0.3079652776807979,0.3263447998411135,0.0035657679454032,2019-01-12
563,2019-03-01,-0.020059285135270846,-0.3273484129714655,0.28523697941004733,0.0372461808463811,2019-02-11
564,2019-04-01,0.0026205225112615805,-0.3326327370690165,0.3181949040319053,-0.0010342320545967,2019-02-11
565,2019-05-01,0.011161077853401829,-0.3139913575860585,0.3216040768406323,0.0027217941965933,2019-02-11
566,2019-06-01,0.02396764132454777,-0.27717133668828414,0.3297054366357888,0.0035657679454032,2019-02-11
567,2019-07-01,-0.021622443829354573,-0.3366753235777334,0.28295866957995774,-0.0868958846718163,2019-02-11
568,2019-04-01,0.0029831846923972635,-0.29772660046249527,0.3270141379642203,-0.0010342320545967,2019-03-13
569,2019-05-01,0.007776025168215275,-0.295114913813271,0.32929221657744173,0.0027217941965933,2019-03-13
570,2019-06-01,0.011311211531324333,-0.2830567544896188,0.31206924726806873,0.0035657679454032,2019-03-13
571,2019-07-01,-0.008362744358469554,-0.3622584511232331,0.30558018379547625,-0.0868958846718163,2019-03-13
572,2019-08-01,-0.014004571577566226,-0.3078556792538367,0.3109021566605513,-0.0825958846718163,2019-03-13
573,2019-05-01,0.006234582069555049,-0.31773873943074454,0.33603745106521743,0.0027217941965933,2019-04-12
574,2019-06-01,0.009038001291817267,-0.30873128577176545,0.30864158922619317,0.0035657679454032,2019-04-12
575,2019-07-01,-0.0072180944788823925,-0.3386088138563823,0.3127548799343549,-0.0868958846718163,2019-04-12
576,2019-08-01,-0.011686206207358205,-0.3279713044237699,0.30495610899372555,-0.0825958846718163,2019-04-12
577,2019-09-01,-0.013933851208012276,-0.3317130928211802,0.31933534115836026,-0.0877933970927162,2019-04-12
578,2019-06-01,-0.003300444923393577,-0.35890774565095285,0.29648613504674154,0.0035657679454032,2019-05-12
579,2019-07-01,0.0032898860681070145,-0.2988551795606278,0.32360294329799916,-0.0868958846718163,2019-05-12
580,2019-08-01,0.006465517410494839,-0.2826636794299127,0.33602606081668596,-0.0825958846718163,2019-05-12
581,2019-09-01,0.009904257110457547,-0.30281387833117307,0.3207581789193374,-0.0877933970927162,2019-05-12
582,2019-10-01,5.374612374315211e-05,-0.30734597451552975,0.32357920773962,0.201331910032607,2019-05-12
583,2019-07-01,-0.013413531686928885,-0.3155503775911728,0.2972356814902456,-0.0868958846718163,2019-06-11
584,2019-08-01,-0.020980370603446864,-0.3441128237271788,0.25850661921695717,-0.0825958846718163,2019-06-11
585,2019-09-01,-0.02788276472012905,-0.35309819070656523,0.27416276623540825,-0.0877933970927162,2019-06-11
586,2019-10-01,0.0003831909161859164,-0.3058447587884683,0.32099539770278734,0.201331910032607,2019-06-11
587,2019-11-01,0.00015499791699092317,-0.3245159530599075,0.297554424046107,0.191730406509081,2019-06-11
588,2019-08-01,-0.03503882819695012,-0.35658462306110217,0.27575748412187984,-0.0825958846718163,2019-07-11
589,2019-09-01,-0.04692087083607034,-0.37184098842971003,0.2711305435233882,-0.0877933970927162,2019-07-11
590,2019-10-01,-0.002929278624715183,-0.30782431179931935,0.3025663024141736,0.201331910032607,2019-07-11
591,2019-11-01,-0.0025357605580134165,-0.2979267810350413,0.301325667660917,0.191730406509081,2019-07-11
592,2019-12-01,-0.0038899941321414774,-0.3221913337966924,0.29123490193996904,0.191230406509081,2019-07-11
593,2019-09-01,-0.04545098042182575,-0.3885541022587853,0.273102010957644,-0.0877933970927162,2019-08-10
594,2019-10-01,-0.0003347876593034485,-0.3129574203100997,0.3171825977823294,0.201331910032607,2019-08-10
595,2019-11-01,-9.168297953925363e-05,-0.31263816096177793,0.29359482468075987,0.191730406509081,2019-08-10
596,2019-12-01,-0.002276054294590419,-0.32870283659296834,0.29637417822070966,0.191230406509081,2019-08-10
597,2020-01-01,-0.004012572548865664,-0.3226487118472165,0.3274640981747313,-0.511683766169196,2019-08-10
598,2019-10-01,0.0007025894025514167,-0.2961940829918611,0.2856220327167513,0.201331910032607,2019-09-09
599,2019-11-01,-0.00028955919812675203,-0.323438316899085,0.31044804318154273,0.191730406509081,2019-09-09
600,2019-12-01,-0.007478085387664879,-0.3230181824639414,0.29201260259700296,0.191230406509081,2019-09-09
601,2020-01-01,-0.011114303747954407,-0.3128176348142409,0.32475319805658753,-0.511683766169196,2019-09-09
602,2020-02-01,-0.008023338507567208,-0.3440099597757715,0.305170951833362,-0.529885906130728,2019-09-09
603,2019-11-01,0.0011764399320253983,-0.298637827765002,0.3204499398874587,0.191730406509081,2019-10-09
604,2019-12-01,-0.0063174872840607715,-0.32300724899374045,0.2920608147739793,0.191230406509081,2019-10-09
605,2020-01-01,-0.01004994832464373,-0.3240735996773827,0.29110559668909686,-0.511683766169196,2019-10-09
606,2020-02-01,-0.006346222032491802,-0.30322271014877183,0.2978165393463436,-0.529885906130728,2019-10-09
607,2020-03-01,-0.03412211672887228,-0.3428058786512925,0.26393752548790095,-0.545975237877818,2019-10-09
608,2019-12-01,-0.0022629315080477603,-0.31840847065794936,0.3177568833495773,0.191230406509081,2019-11-08
609,2020-01-01,-0.005133825637558743,-0.29200883200095706,0.2975766595788548,-0.511683766169196,2019-11-08
610,2020-02-01,-0.002298883682500001,-0.3015136479728445,0.3157152183205472,-0.529885906130728,2019-11-08
611,2020-03-01,-0.025416062161343712,-0.302455863386982,0.295273601386327,-0.545975237877818,2019-11-08
612,2020-04-01,-0.07338410818979646,-0.38325058291061215,0.24529099311450536,-0.46075406967721,2019-11-08
613,2020-01-01,-0.009810865859790524,-0.3421439151976804,0.28326635610617834,-0.511683766169196,2019-12-08
614,2020-02-01,-0.00708737249303353,-0.3152735761297032,0.32650863515431566,-0.529885906130728,2019-12-08
615,2020-03-01,-0.023295322794850592,-0.34194393286379954,0.272270892495429,-0.545975237877818,2019-12-08
616,2020-04-01,-0.07055194186083989,-0.3848974544888728,0.24979316625974815,-0.46075406967721,2019-12-08
617,2020-05-01,-0.05869012519972166,-0.35785532560737776,0.2779398000316003,-0.474473968623472,2019-12-08
618,2020-02-01,-0.011080409787663689,-0.32282769269528916,0.2805932629978156,-0.529885906130728,2020-01-07
619,2020-03-01,-0.04714341674254587,-0.36146314921789024,0.28020064579429144,-0.545975237877818,2020-01-07
620,2020-04-01,-0.11643572113317201,-0.4253643283770981,0.20609848364494476,-0.46075406967721,2020-01-07
621,2020-05-01,-0.09612759829445959,-0.3965469763445889,0.20226319309349564,-0.474473968623472,2020-01-07
622,2020-06-01,-0.07297411783017275,-0.3666822952163136,0.23722666266012518,-0.496867406679316,2020-01-07
623,2020-03-01,-0.03597066760624586,-0.3495126471362472,0.2804845791029939,-0.545975237877818,2020-02-06
624,2020-04-01,-0.1110323758771704,-0.4254522973633802,0.2109490317354095,-0.46075406967721,2020-02-06
625,2020-05-01,-0.08905403476825344,-0.410125583350349,0.21027001265133619,-0.474473968623472,2020-02-06
626,2020-06-01,-0.06793579548902277,-0.38964651959678,0.22849381704779562,-0.496867406679316,2020-02-06
627,2020-07-01,-0.6591511746746993,-0.9829575131080319,-0.3437760045453283,-0.0474008586333416,2020-02-06
628,2020-04-01,-0.19955994787140893,-0.5294510293988517,0.10281960267678822,-0.46075406967721,2020-03-07
629,2020-05-01,-0.16277362371045664,-0.4678589118120802,0.18121868822911028,-0.474473968623472,2020-03-07
630,2020-06-01,-0.12870576612058562,-0.45002528107357187,0.17368289139072718,-0.496867406679316,2020-03-07
631,2020-07-01,-1.1881828528546725,-1.4955989429801777,-0.8455763977394641,-0.0474008586333416,2020-03-07
632,2020-08-01,-1.1013595055992904,-1.4338093103516654,-0.7799269046478673,-0.0430722485316354,2020-03-07
633,2020-05-01,-0.2783414652591987,-0.5766143798283074,0.015150208621244181,-0.474473968623472,2020-04-06
634,2020-06-01,-0.21376787683085963,-0.5199114757569039,0.09190945733842193,-0.496867406679316,2020-04-06
635,2020-07-01,-1.997456316516891,-2.3257080496194127,-1.6901129295582737,-0.0474008586333416,2020-04-06
636,2020-08-01,-1.979671710119668,-2.2641717023100405,-1.6528459376703264,-0.0430722485316354,2020-04-06
637,2020-09-01,-1.9662117443476523,-2.272851109448295,-1.6632731314487892,-0.0503075114358718,2020-04-06
638,2020-06-01,-0.21917709200132302,-0.517835653074766,0.10424065048302422,-0.496867406679316,2020-05-06
639,2020-07-01,-2.0985790135658506,-2.392645905821665,-1.798216019949499,-0.0474008586333416,2020-05-06
640,2020-08-01,-2.019932669000582,-2.3470180254591733,-1.6948339964976942,-0.0430722485316354,2020-05-06
641,2020-09-01,-1.9678306185534835,-2.251802683139683,-1.6496197889061597,-0.0503075114358718,2020-05-06
642,2020-10-01,1.9028283737702096,1.6015384237608665,2.201804507402454,-0.161491573561265,2020-05-06
643,2020-07-01,-2.5191443444512513,-2.8232439357013916,-2.2134782128984507,-0.0474008586333416,2020-06-05
644,2020-08-01,-2.455684421403745,-2.7663110970069935,-2.1269881185301753,-0.0430722485316354,2020-06-05
645,2020-09-01,-2.4232725319644257,-2.723378972082339,-2.1352618672079493,-0.0503075114358718,2020-06-05
646,2020-10-01,2.290771547194823,1.9776881845032586,2.611830069584305,-0.161491573561265,2020-06-05
647,2020-11-01,2.3105694624209945,1.99430412837168,2.63257859886183,-0.163320902152441,2020-06-05
648,2020-08-01,-0.28762269925044776,-0.615495048659135,0.041216182144361076,-0.0430722485316354,2020-07-05
649,2020-09-01,-0.2952524005132216,-0.6241413292335142,0.016535498294271422,-0.0503075114358718,2020-07-05
650,2020-10-01,0.2749165261428177,-0.06401131914562794,0.5885459208518965,-0.161491573561265,2020-07-05
651,2020-11-01,0.26586766954765684,-0.04468551076671874,0.5782440664673039,-0.163320902152441,2020-07-05
652,2020-12-01,0.25268425867608685,-0.07614769476335108,0.6045691229520084,-0.17007281516301,2020-07-05
653,2020-09-01,-0.14915298566827048,-0.47700223574507394,0.19095916972053895,-0.0503075114358718,2020-08-04
654,2020-10-01,0.14770281346405512,-0.18269977190519143,0.47035493409484264,-0.161491573561265,2020-08-04
655,2020-11-01,0.13989052180379635,-0.19026028302422796,0.46642926892876246,-0.163320902152441,2020-08-04
656,2020-12-01,0.12781610332812038,-0.19953457705726343,0.47584136832799434,-0.17007281516301,2020-08-04
657,2021-01-01,0.02817046551805053,-0.30048628366817814,0.3644159484212712,-0.0095993397799506,2020-08-04
658,2020-10-01,0.12066664421018057,-0.20750310827818413,0.43163872994623204,-0.161491573561265,2020-09-03
659,2020-11-01,0.11304094912977197,-0.2362996682635744,0.41602713091762533,-0.163320902152441,2020-09-03
660,2020-12-01,0.10594662714875815,-0.20976804250194814,0.42762288022984274,-0.17007281516301,2020-09-03
661,2021-01-01,0.02022060050216683,-0.297639548323689,0.35528546179093173,-0.0095993397799506,2020-09-03
662,2021-02-01,0.019678170002677863,-0.3034393293477331,0.3431829207917588,-0.014997361759208,2020-09-03
