ds,yhat,yhat_lower,yhat_upper,recession
1962-01-01,1.253423693770586,0.43425998358443646,2.05641671200276,Non-recessionary Period
1962-02-01,1.2594150454965336,0.4416818995343528,2.051552923213741,Non-recessionary Period
1962-03-01,1.2425698752414627,0.44271653597146615,2.0493171304620974,Non-recessionary Period
1962-04-01,1.2954144501763705,0.5092911541112267,2.103658949190398,Non-recessionary Period
1962-05-01,1.3267550383629954,0.529220680819616,2.128698343076815,Non-recessionary Period
1962-06-01,1.2653934503374362,0.4552432648144213,2.0786136088068776,Non-recessionary Period
1962-07-01,1.1667991472680683,0.35802546352066456,1.973115603816004,Non-recessionary Period
1962-08-01,1.0843783531502889,0.27240946437972396,1.8992401994867805,Non-recessionary Period
1962-09-01,1.0620084332548867,0.2603517850157898,1.8681987477441198,Non-recessionary Period
1962-10-01,1.049214532236536,0.24273911313370775,1.8483968213745137,Non-recessionary Period
1962-11-01,0.9812920007723401,0.1838050427490052,1.7963383198366898,Non-recessionary Period
1962-12-01,0.9204888023263598,0.10481630423795978,1.733527200691825,Non-recessionary Period
1963-01-01,0.9310554182085152,0.12598298623769233,1.7329379934013154,Non-recessionary Period
1963-02-01,0.9373672909529661,0.12015036898065927,1.7379871789841408,Non-recessionary Period
1963-03-01,0.9184251071154651,0.10477722032235859,1.7231238031127527,Non-recessionary Period
1963-04-01,0.9717511584632967,0.16350187283399317,1.77064715512446,Non-recessionary Period
1963-05-01,1.003507434935193,0.18506257826119724,1.7983162081551063,Non-recessionary Period
1963-06-01,0.9435362098026925,0.15027217055313224,1.7600320935593938,Non-recessionary Period
1963-07-01,0.845204370344169,0.03379927124932455,1.6402646912779033,Non-recessionary Period
1963-08-01,0.764039587668226,-0.04705515405844515,1.559361573877891,Non-recessionary Period
1963-09-01,0.7365473560692453,-0.05833713644346018,1.5364175161289761,Non-recessionary Period
1963-10-01,0.7264120658988127,-0.057773601779752666,1.5376542460994065,Non-recessionary Period
1963-11-01,0.6617918869420077,-0.1503599844165474,1.4703032861575733,Non-recessionary Period
1963-12-01,0.5968654393808881,-0.22013878285379065,1.4080526298791511,Non-recessionary Period
1964-01-01,0.6079521431438514,-0.20904829965597102,1.4181204800102718,Non-recessionary Period
1964-02-01,0.613549605814648,-0.1871822350757869,1.4073245647839663,Non-recessionary Period
1964-03-01,0.5944114699416475,-0.2045709774003917,1.401924157229763,Non-recessionary Period
1964-04-01,0.6536444736845842,-0.16049422405073746,1.4513520361081926,Non-recessionary Period
1964-05-01,0.6812957169688953,-0.13199241394831862,1.483960687051547,Non-recessionary Period
1964-06-01,0.6359136299385967,-0.16991668685646147,1.438665981885674,Non-recessionary Period
1964-07-01,0.5597729886514986,-0.2501392738047078,1.3614589792675913,Non-recessionary Period
1964-08-01,0.4978440381405348,-0.292701375065825,1.298697624553537,Non-recessionary Period
1964-09-01,0.496146331382794,-0.31065762505342653,1.2877179037322557,Non-recessionary Period
1964-10-01,0.5061042411131641,-0.28502875880973827,1.3033944890563363,Non-recessionary Period
1964-11-01,0.4615517251429703,-0.3531289293106259,1.2707644816898145,Non-recessionary Period
1964-12-01,0.4211149126565985,-0.3956252203144899,1.215746530439172,Non-recessionary Period
1965-01-01,0.4527886261522305,-0.34822706135345005,1.2540631020162594,Non-recessionary Period
1965-02-01,0.4786773206954046,-0.30887427374507825,1.287016306061394,Non-recessionary Period
1965-03-01,0.48173610595823424,-0.3252803507356948,1.2733673980542932,Non-recessionary Period
1965-04-01,0.5630025791243259,-0.24397205956287202,1.350381618922084,Non-recessionary Period
1965-05-01,0.6096641151971617,-0.18427449922293676,1.431134956012606,Non-recessionary Period
1965-06-01,0.5689226728167454,-0.23311796474374422,1.350566173912751,Non-recessionary Period
1965-07-01,0.49374825853000537,-0.31718788104689005,1.2885803960116864,Non-recessionary Period
1965-08-01,0.43260611261673243,-0.3666479076738078,1.2443482726334918,Non-recessionary Period
1965-09-01,0.43147413385865785,-0.38007127849754224,1.2342605808021627,Non-recessionary Period
1965-10-01,0.4401628378104264,-0.35228573083753595,1.2543942049409407,Non-recessionary Period
1965-11-01,0.3946195816780994,-0.39741956558198016,1.2090751994574427,Non-recessionary Period
1965-12-01,0.3556025932336825,-0.45422780426410053,1.165058020458307,Non-recessionary Period
1966-01-01,0.38653771950590443,-0.4103940302519183,1.1933783918597238,Non-recessionary Period
1966-02-01,0.41347359010372836,-0.38664602829484296,1.224754350673617,Non-recessionary Period
1966-03-01,0.4156098428587575,-0.3896302056111621,1.2225129822473202,Non-recessionary Period
1966-04-01,0.49541789111912554,-0.3150024905032189,1.2979422092093986,Non-recessionary Period
1966-05-01,0.5428432584609025,-0.2641181187298629,1.3499267391606213,Non-recessionary Period
1966-06-01,0.5032034228403153,-0.3092410740538082,1.303309603452188,Non-recessionary Period
1966-07-01,0.4264434735994305,-0.3745396512953812,1.2254927982048152,Non-recessionary Period
1966-08-01,0.36769490694672624,-0.439533328205642,1.1794745515508966,Non-recessionary Period
1966-09-01,0.36603333459908266,-0.4278663055476444,1.1642726277471462,Non-recessionary Period
1966-10-01,0.3691003494742546,-0.44131353513988963,1.176629179885658,Non-recessionary Period
1966-11-01,0.31502029814336757,-0.49247005590754067,1.1324607817031351,Non-recessionary Period
1966-12-01,0.26491433877781967,-0.5333894313433214,1.0638295310782686,Non-recessionary Period
1967-01-01,0.28618086809836707,-0.5287851951972302,1.0965486009965064,Non-recessionary Period
1967-02-01,0.3036150825351866,-0.4997019609978584,1.1052640305606491,Non-recessionary Period
1967-03-01,0.2974896737678925,-0.5110248596401871,1.1052938878955103,Non-recessionary Period
1967-04-01,0.36299514646520803,-0.44401305356129894,1.1684999674975645,Non-recessionary Period
1967-05-01,0.4060822748566777,-0.3980051121262782,1.1973753986483804,Non-recessionary Period
1967-06-01,0.3553896673392469,-0.44872419379192235,1.1667261831087543,Non-recessionary Period
1967-07-01,0.2687395193083827,-0.5522066465326403,1.0781799471048266,Non-recessionary Period
1967-08-01,0.199794033428769,-0.6246056098911287,1.006768602020521,Non-recessionary Period
1967-09-01,0.18692387560744597,-0.6239454078409674,0.9953406207778202,Non-recessionary Period
1967-10-01,0.18516801475923955,-0.6326990636631673,0.993538185864376,Non-recessionary Period
1967-11-01,0.13231492563607725,-0.6618007296090802,0.9397066976361904,Non-recessionary Period
1967-12-01,0.07933546303609557,-0.7266641625483392,0.8789445453661833,Non-recessionary Period
1968-01-01,0.10219833430853771,-0.7113536636464446,0.9038998538483471,Non-recessionary Period
1968-02-01,0.1190529830429768,-0.684081085002255,0.9334279820434306,Non-recessionary Period
1968-03-01,0.11300259799095685,-0.7035280857860927,0.9168326107386687,Non-recessionary Period
1968-04-01,0.18212639644595383,-0.6187121165714078,0.9809834745072548,Non-recessionary Period
1968-05-01,0.21968082084739277,-0.5736351843119173,1.0363556431132326,Non-recessionary Period
1968-06-01,0.171189291482156,-0.6225430171674288,0.9795859451496826,Non-recessionary Period
1968-07-01,0.08449833683823614,-0.7248760499334369,0.8904919673690038,Non-recessionary Period
1968-08-01,0.013333972955881374,-0.7899961424377735,0.8142297881561742,Non-recessionary Period
1968-09-01,0.0032043789571717025,-0.798710691143904,0.8110813811524409,Non-recessionary Period
1968-10-01,0.0008868930943327309,-0.8077131045381377,0.8063496478048726,Non-recessionary Period
1968-11-01,-0.054299020287583884,-0.8543361345151868,0.7452089289651402,Recessionary Period
1968-12-01,-0.10406990626023409,-0.9163473517639213,0.7115894546396524,Recessionary Period
1969-01-01,-0.08103939826406399,-0.8895580644217262,0.7195067712403067,Recessionary Period
1969-02-01,-0.06332705271962999,-0.8690215374292762,0.7431670134821211,Recessionary Period
1969-03-01,-0.017331135146047758,-0.82811804943317,0.7804242655148083,Recessionary Period
1969-04-01,0.15620553028359743,-0.656584731314973,0.9767278044916562,Non-recessionary Period
1969-05-01,0.29370139523797006,-0.514861453507226,1.0879530355676414,Non-recessionary Period
1969-06-01,0.34660181819967917,-0.45946512009954815,1.1558186176076954,Non-recessionary Period
1969-07-01,0.36351323737972413,-0.4344899380453158,1.163347487979475,Non-recessionary Period
1969-08-01,0.39450345635416995,-0.4245429203028558,1.1901349602204219,Non-recessionary Period
1969-09-01,0.4814381105700916,-0.33256365292945056,1.2958687112697074,Non-recessionary Period
1969-10-01,0.5851260328071519,-0.22173265535558276,1.3990728123188785,Non-recessionary Period
1969-11-01,0.6317866580276478,-0.17833386665480339,1.4337485759246342,Non-recessionary Period
1969-12-01,0.6776662631207125,-0.13316459463011868,1.4777527770830938,Non-recessionary Period
1970-01-01,0.8081861477639158,-0.004204817451909953,1.6119308068917166,Non-recessionary Period
1970-02-01,0.9192653083042822,0.11390317294748699,1.7288500485808953,Non-recessionary Period
1970-03-01,1.0083944708948052,0.19067380103105402,1.806509350842995,Non-recessionary Period
1970-04-01,1.1817237894002974,0.38381980166901963,1.9895122938209553,Non-recessionary Period
1970-05-01,1.320992258228705,0.5137179711101478,2.1332033436634426,Non-recessionary Period
1970-06-01,1.3720201589352907,0.5588648244096657,2.1758012143329637,Non-recessionary Period
1970-07-01,1.3916604760045561,0.5899910130182849,2.1899258692076353,Non-recessionary Period
1970-08-01,1.4217588913358497,0.6234466210681961,2.2229444805052174,Non-recessionary Period
1970-09-01,1.5077161428177224,0.6992321020571266,2.322088914294079,Non-recessionary Period
1970-10-01,1.6112774822475044,0.8083712817858636,2.410732165734664,Non-recessionary Period
1970-11-01,1.6580514998958167,0.8446986659104884,2.461317796487211,Non-recessionary Period
1970-12-01,1.706034704721435,0.9072452644375076,2.5198617676608936,Non-recessionary Period
1971-01-01,1.833688547137741,1.0229671898063954,2.633958898556306,Non-recessionary Period
1971-02-01,1.9427410128800047,1.132269983333483,2.7313252642522623,Non-recessionary Period
1971-03-01,2.0363062402539045,1.2187768602891138,2.843853547605195,Non-recessionary Period
1971-04-01,2.212618241034459,1.4119391991801815,3.0174175198847197,Non-recessionary Period
1971-05-01,2.3475883579382097,1.536941275687004,3.154215447155423,Non-recessionary Period
1971-06-01,2.3992351475622637,1.5982334765496935,3.20985143654334,Non-recessionary Period
1971-07-01,2.4038226739691857,1.5761408765742377,3.203730204195173,Non-recessionary Period
1971-08-01,2.2787972385542696,1.4679544029696403,3.0735879409660782,Non-recessionary Period
1971-09-01,2.1710011518180914,1.3583028586427874,2.9652816238040183,Non-recessionary Period
1971-10-01,2.084242545319895,1.2728071706211046,2.8961548692761845,Non-recessionary Period
1971-11-01,1.9396492376419339,1.1297723684732779,2.7533429696030924,Non-recessionary Period
1971-12-01,1.7958094356266263,0.9844422460963876,2.60015613093466,Non-recessionary Period
1972-01-01,1.723809626602742,0.9331365296456847,2.525452982789809,Non-recessionary Period
1972-02-01,1.6524658318218393,0.8555168642564597,2.462367760047791,Non-recessionary Period
1972-03-01,1.5567557080997936,0.7588719125070849,2.3701737270913465,Non-recessionary Period
1972-04-01,1.5330107666491315,0.7348550582312248,2.3349348257921134,Non-recessionary Period
1972-05-01,1.4832210912389259,0.6816789781555684,2.3018706472284616,Non-recessionary Period
1972-06-01,1.3373539396662795,0.533501776359364,2.144697718074845,Non-recessionary Period
1972-07-01,1.1588636918710962,0.37021333870229994,1.9580091835347075,Non-recessionary Period
1972-08-01,0.9982336814472454,0.18706242798827546,1.814064236460405,Non-recessionary Period
1972-09-01,0.8970942039727925,0.09329174025396487,1.6977822241218425,Non-recessionary Period
1972-10-01,0.8038251289002334,-0.005139863872069364,1.6033223221260098,Non-recessionary Period
1972-11-01,0.6578948878029321,-0.15141487271827672,1.4564645707195563,Non-recessionary Period
1972-12-01,0.5189680424054123,-0.2982419365675076,1.3361023335160624,Non-recessionary Period
1973-01-01,0.4457648964794192,-0.35679786923120776,1.2653903635452086,Non-recessionary Period
1973-02-01,0.37566897006803585,-0.4192782390496939,1.177960793240992,Non-recessionary Period
1973-03-01,0.2821464684740495,-0.5135057028236688,1.0902434193061676,Non-recessionary Period
1973-04-01,0.2577006456794658,-0.5471837197741956,1.0548743077317653,Non-recessionary Period
1973-05-01,0.20810650868741734,-0.5930406865848902,1.0141421075875465,Non-recessionary Period
1973-06-01,0.06543510981378303,-0.7443401860198052,0.8743326475272204,Non-recessionary Period
1973-07-01,-0.11327287921325539,-0.9205528814467991,0.6908348285981538,Recessionary Period
1973-08-01,-0.2765287597711532,-1.0883816827224193,0.5354774856761472,Recessionary Period
1973-09-01,-0.3772920620071873,-1.1954775394057304,0.4264111793116605,Recessionary Period
1973-10-01,-0.46825557391017647,-1.2855132667483484,0.35222819280241285,Recessionary Period
1973-11-01,-0.6178008337899021,-1.4268469336911527,0.18517759186613328,Recessionary Period
1973-12-01,-0.6786748481152752,-1.4881526237824765,0.13934196663544396,Recessionary Period
1974-01-01,-0.5006609184435103,-1.293283568078718,0.31196541634997543,Recessionary Period
1974-02-01,-0.3398298536007446,-1.144268508430774,0.4746297951394561,Recessionary Period
1974-03-01,-0.20786736123085905,-1.0246316226072043,0.6050367473377978,Recessionary Period
1974-04-01,0.005587236508374045,-0.7966489836195197,0.8133643472237958,Non-recessionary Period
1974-05-01,0.19787330502056533,-0.6098016896562467,1.0047407989963142,Non-recessionary Period
1974-06-01,0.29873913094574406,-0.5019209086678921,1.119887618998066,Non-recessionary Period
1974-07-01,0.36161677265196784,-0.43994037945253267,1.1604124868336854,Non-recessionary Period
1974-08-01,0.44207085116439815,-0.35144127776758627,1.2454370510875927,Non-recessionary Period
1974-09-01,0.5786028513036778,-0.2162937857067337,1.3869229465318242,Non-recessionary Period
1974-10-01,0.7259041464539854,-0.08486658688361974,1.5241358478770437,Non-recessionary Period
1974-11-01,0.8215864178338947,0.01734103466473273,1.627102748009503,Non-recessionary Period
1974-12-01,0.9144493102623805,0.10387834757419512,1.7258448894627647,Non-recessionary Period
1975-01-01,1.0963054058118848,0.2858553573453346,1.8959980430918697,Non-recessionary Period
1975-02-01,1.257201146139637,0.432157982366347,2.0533646317465095,Non-recessionary Period
1975-03-01,1.385741499657485,0.585909380774997,2.2041543503563417,Non-recessionary Period
1975-04-01,1.6013998331881576,0.7878395380916593,2.40216182480362,Non-recessionary Period
1975-05-01,1.792661817383352,0.9998447986431491,2.5895800515258975,Non-recessionary Period
1975-06-01,1.893014066476865,1.0887805246838722,2.703136505385412,Non-recessionary Period
1975-07-01,1.9587484345120396,1.1373532014633876,2.7564663410854475,Non-recessionary Period
1975-08-01,2.0380561487005395,1.2359665605065135,2.8532721670865877,Non-recessionary Period
1975-09-01,2.1693010311144407,1.3675697125481612,2.9680927670123944,Non-recessionary Period
1975-10-01,2.3234313603387258,1.5090274083980704,3.124373417823408,Non-recessionary Period
1975-11-01,2.4177770865768595,1.6048510083132421,3.2183045159560333,Non-recessionary Period
1975-12-01,2.5080563561434484,1.6950125851155524,3.314151395160219,Non-recessionary Period
1976-01-01,2.689564669852005,1.8855986049237035,3.4826384505397434,Non-recessionary Period
1976-02-01,2.8460125830947494,2.036306579018359,3.648138106232624,Non-recessionary Period
1976-03-01,2.9865869436240975,2.185749001825254,3.789508752866311,Non-recessionary Period
1976-04-01,3.211156507536395,2.399929391989037,4.010017323269735,Non-recessionary Period
1976-05-01,3.2689995690425078,2.4710027683471347,4.062482586662604,Non-recessionary Period
1976-06-01,3.1407407841760744,2.34001893295609,3.950478842957475,Non-recessionary Period
1976-07-01,2.9769004107731707,2.172030330156592,3.782803703023028,Non-recessionary Period
1976-08-01,2.8289118768606905,2.0387195783233705,3.6333972395835543,Non-recessionary Period
1976-09-01,2.741007365923836,1.9318276944441295,3.558096152659716,Non-recessionary Period
1976-10-01,2.663003984431405,1.8641386873885775,3.4708343778515554,Non-recessionary Period
1976-11-01,2.532022370486362,1.723715643160825,3.336239293494229,Non-recessionary Period
1976-12-01,2.4066935290813056,1.603722027054136,3.205479024707238,Non-recessionary Period
1977-01-01,2.348764038488909,1.5375680362424797,3.1495293152269643,Non-recessionary Period
1977-02-01,2.2947338300948483,1.4803305933465598,3.102376435659891,Non-recessionary Period
1977-03-01,2.211281324373734,1.4022570932069984,3.0210001049019564,Non-recessionary Period
1977-04-01,2.2034496851992853,1.4179399070896235,3.0221552377065697,Non-recessionary Period
1977-05-01,2.1668623921728245,1.370853897646013,2.978543713599536,Non-recessionary Period
1977-06-01,2.0380241801440295,1.236866128864444,2.843169245299876,Non-recessionary Period
1977-07-01,1.873678327282336,1.0775310409871455,2.6822049968416253,Non-recessionary Period
1977-08-01,1.7289465348451833,0.9134056636811948,2.5401413949701452,Non-recessionary Period
1977-09-01,1.6383979069736234,0.8376328602161196,2.4471162695006266,Non-recessionary Period
1977-10-01,1.5583218155439778,0.7640802025145007,2.3500534394750052,Non-recessionary Period
1977-11-01,1.4290459386378735,0.6223567371636437,2.22790200537989,Non-recessionary Period
1977-12-01,1.3039544223885955,0.5040299604922611,2.099954765224565,Non-recessionary Period
1978-01-01,1.244386062671017,0.44860073744190515,2.056873986609013,Non-recessionary Period
1978-02-01,1.1900366231544919,0.39593455906032665,1.9966381014441694,Non-recessionary Period
1978-03-01,1.1089944673410987,0.31315424933223845,1.9128421446433086,Non-recessionary Period
1978-04-01,1.0985384288147813,0.2907020139295949,1.903058723902935,Non-recessionary Period
1978-05-01,1.0690081821409636,0.25891945064099,1.8707626696037696,Non-recessionary Period
1978-06-01,0.9346282744332779,0.12735480397057278,1.736130838772248,Non-recessionary Period
1978-07-01,0.7704850814525577,-0.036882864718935565,1.56593447203653,Non-recessionary Period
1978-08-01,0.6251209975999406,-0.1881428438058225,1.4246743478339172,Non-recessionary Period
1978-09-01,0.539825581065326,-0.2611976813444673,1.3375400472088486,Non-recessionary Period
1978-10-01,0.5050114851928746,-0.29045895973667296,1.3027642367163785,Non-recessionary Period
1978-11-01,0.4271367604832309,-0.38286243214930893,1.2297953308910878,Non-recessionary Period
1978-12-01,0.35085012636654656,-0.4624492697013827,1.1627003630197081,Non-recessionary Period
1979-01-01,0.3475045457439497,-0.4439537285861174,1.152695443618332,Non-recessionary Period
1979-02-01,0.3407724264762725,-0.46598627663512854,1.155509154680531,Non-recessionary Period
1979-03-01,0.31101918959091923,-0.48894441838597585,1.1187237926944456,Non-recessionary Period
1979-04-01,0.3515608573017807,-0.4478889636467948,1.1579963177321642,Non-recessionary Period
1979-05-01,0.3712228172620246,-0.4174958682163844,1.1762451657454467,Non-recessionary Period
1979-06-01,0.2947483475440255,-0.5077147420237089,1.0911410283940557,Non-recessionary Period
1979-07-01,0.18283517643053188,-0.6090439259136082,0.9930416250667713,Non-recessionary Period
1979-08-01,0.08760399106791375,-0.7304212390622229,0.905345106318434,Non-recessionary Period
1979-09-01,0.05002302536101691,-0.7519944612491354,0.8701236386131054,Non-recessionary Period
1979-10-01,0.025121930030677295,-0.7805185431555476,0.8333159224912721,Non-recessionary Period
1979-11-01,-0.05574066635755576,-0.8624464875203623,0.7414399022780859,Recessionary Period
1979-12-01,-0.13001065648036297,-0.9294484945427222,0.6737296861729837,Recessionary Period
1980-01-01,-0.1330900718809688,-0.9296515549607842,0.6734870715202388,Recessionary Period
1980-02-01,-0.1407514086549527,-0.9528694124371122,0.6696264122528166,Recessionary Period
1980-03-01,-0.17145639776696445,-0.9775064007150702,0.6455717710302081,Recessionary Period
1980-04-01,-0.12705982341029293,-0.9491565877758819,0.6766966453406228,Recessionary Period
1980-05-01,-0.11313105329191114,-0.9187927216368463,0.7075182118319361,Recessionary Period
1980-06-01,-0.18743803288094385,-0.9969287839670341,0.6092838055545383,Recessionary Period
1980-07-01,-0.2997836093878012,-1.1044270512095873,0.5179958502645611,Recessionary Period
1980-08-01,-0.3943053194828493,-1.2074203092556637,0.41208847588900305,Recessionary Period
1980-09-01,-0.4329530078534522,-1.242789023783669,0.36524944660412795,Recessionary Period
1980-10-01,-0.4579799985682746,-1.2560849337510547,0.34409902854404456,Recessionary Period
1980-11-01,-0.5366029402925075,-1.334526420475905,0.2619527013807734,Recessionary Period
1980-12-01,-0.6116530639258849,-1.4012318352707214,0.1919829343652381,Recessionary Period
1981-01-01,-0.6156838554639151,-1.4338686211355658,0.18425590794272692,Recessionary Period
1981-02-01,-0.5821179171331343,-1.3925924243568202,0.2214590968289015,Recessionary Period
1981-03-01,-0.4495213976214997,-1.2508435460284033,0.36051061713697785,Recessionary Period
1981-04-01,-0.22661609495247048,-1.0205086022927947,0.5929158082136633,Recessionary Period
1981-05-01,-0.038410227444592424,-0.8352296740907056,0.7729201438529586,Recessionary Period
1981-06-01,0.06506687978896246,-0.7500692794579149,0.8637334380483584,Non-recessionary Period
1981-07-01,0.13891619361067267,-0.6618623702980405,0.9422689870104969,Non-recessionary Period
1981-08-01,0.21963505865197042,-0.5840356899598511,1.0332875642110373,Non-recessionary Period
1981-09-01,0.3590115332914236,-0.4504569113344882,1.1670783731472387,Non-recessionary Period
1981-10-01,0.5131643019544933,-0.30118916141809027,1.31901991317381,Non-recessionary Period
1981-11-01,0.6110148726131643,-0.19055550389561218,1.4126949317224335,Non-recessionary Period
1981-12-01,0.7106199087259851,-0.09795817496178155,1.5232842964173876,Non-recessionary Period
1982-01-01,0.8921041046001864,0.0848153891302143,1.7033812903692584,Non-recessionary Period
1982-02-01,1.0487929872802988,0.24369499666711794,1.8570389121682045,Non-recessionary Period
1982-03-01,1.193437896223863,0.39102808401121636,1.9966837699795557,Non-recessionary Period
1982-04-01,1.4242383702670036,0.6185834523922187,2.2309040445193706,Non-recessionary Period
1982-05-01,1.6072043654518726,0.8073406817945035,2.396894558687616,Non-recessionary Period
1982-06-01,1.7109928266137424,0.9060595448423906,2.514550603262126,Non-recessionary Period
1982-07-01,1.782317942376947,0.9808725524613713,2.5752995184374456,Non-recessionary Period
1982-08-01,1.8642208777091975,1.0488854265524796,2.660155548316976,Non-recessionary Period
1982-09-01,2.0075534805641353,1.1976179954823905,2.8176756239969016,Non-recessionary Period
1982-10-01,2.156450543539012,1.3510970706637802,2.951511138553567,Non-recessionary Period
1982-11-01,2.2541523888318187,1.447908900303375,3.04992394298327,Non-recessionary Period
1982-12-01,2.358224315876373,1.550036534521999,3.156703256251207,Non-recessionary Period
1983-01-01,2.5358061423912077,1.7310319587620002,3.343240129868059,Non-recessionary Period
1983-02-01,2.694275574820384,1.8908745406991982,3.509011616228781,Non-recessionary Period
1983-03-01,2.8401477621337143,2.0443156054207763,3.646346017411619,Non-recessionary Period
1983-04-01,3.067725949203756,2.2523334910106447,3.879103913738342,Non-recessionary Period
1983-05-01,3.2505484195774015,2.4466770087406613,4.0632036283056765,Non-recessionary Period
1983-06-01,3.3574447548962594,2.561417719650974,4.178528393884331,Non-recessionary Period
1983-07-01,3.324975844802766,2.5171308365443834,4.126644179282138,Non-recessionary Period
1983-08-01,3.2433103705281687,2.433492256430014,4.041511588061775,Non-recessionary Period
1983-09-01,3.2152356263409234,2.407942872753903,4.024729657312023,Non-recessionary Period
1983-10-01,3.1992500387520213,2.3881548825616097,3.992065890265811,Non-recessionary Period
1983-11-01,3.13224023169772,2.338859327717294,3.936628192143655,Non-recessionary Period
1983-12-01,3.0677857206779127,2.2632944748183967,3.8724823766968695,Non-recessionary Period
1984-01-01,3.0747422425269546,2.269362586317137,3.881347838670304,Non-recessionary Period
1984-02-01,3.077830594779622,2.2709068041040066,3.881560208995506,Non-recessionary Period
1984-03-01,3.059686990669304,2.249264922684226,3.861565301670573,Non-recessionary Period
1984-04-01,3.111862275491206,2.297449931579796,3.9162438841292913,Non-recessionary Period
1984-05-01,3.138157693980848,2.329655836297586,3.9321914643510465,Non-recessionary Period
1984-06-01,3.074697265095934,2.2610177131112135,3.8792882814714393,Non-recessionary Period
1984-07-01,2.9739565112016333,2.171554593624141,3.767853894701296,Non-recessionary Period
1984-08-01,2.888242000191428,2.0755191356259646,3.6964054596002285,Non-recessionary Period
1984-09-01,2.86738691836226,2.0431518205365324,3.683752310162328,Non-recessionary Period
1984-10-01,2.8495493397375644,2.0438096881674084,3.6580695002741876,Non-recessionary Period
1984-11-01,2.779314777390356,1.9738138976745636,3.5840802393219873,Non-recessionary Period
1984-12-01,2.717997858909544,1.927297399388301,3.521722801256189,Non-recessionary Period
1985-01-01,2.726369416658283,1.9158616713377608,3.5244348765564504,Non-recessionary Period
1985-02-01,2.730123862132528,1.919299535252776,3.551142461893218,Non-recessionary Period
1985-03-01,2.709587314377852,1.924815044077941,3.511431110248371,Non-recessionary Period
1985-04-01,2.7631326297564507,1.9479114172945893,3.5808853849034756,Non-recessionary Period
1985-05-01,2.789339278431353,1.9879657067308478,3.5970407165612737,Non-recessionary Period
1985-06-01,2.7269393321393123,1.9304498897532496,3.531592977909198,Non-recessionary Period
1985-07-01,2.626378647365889,1.807985723049621,3.4113359472328555,Non-recessionary Period
1985-08-01,2.5418558424991113,1.7268054418059515,3.3416649329229258,Non-recessionary Period
1985-09-01,2.5140406479339052,1.714981831219161,3.3277014347726266,Non-recessionary Period
1985-10-01,2.5011935883916863,1.6930969965937863,3.313896890560329,Non-recessionary Period
1985-11-01,2.4341345003491455,1.6295432893175976,3.2388258460820074,Non-recessionary Period
1985-12-01,2.378594908635149,1.5683427165208703,3.1789498453178813,Non-recessionary Period
1986-01-01,2.3999119648333456,1.5858394712103059,3.194348430362882,Non-recessionary Period
1986-02-01,2.4148436139737735,1.615725060287028,3.2233949750287714,Non-recessionary Period
1986-03-01,2.404672756841138,1.5967097840900417,3.204737593495428,Non-recessionary Period
1986-04-01,2.469535144192903,1.66925357630451,3.260580063478401,Non-recessionary Period
1986-05-01,2.5100634640550035,1.705166841081399,3.3176114143487703,Non-recessionary Period
1986-06-01,2.4588334770573304,1.6563560765637713,3.2677258952835047,Non-recessionary Period
1986-07-01,2.369879896434511,1.5664378944497657,3.1661357221610062,Non-recessionary Period
1986-08-01,2.299262479840544,1.4919686646273942,3.1025733466213783,Non-recessionary Period
1986-09-01,2.2799368206876647,1.465490439959296,3.081150697927959,Non-recessionary Period
1986-10-01,2.280327646220302,1.4708178479501173,3.092766320157885,Non-recessionary Period
1986-11-01,2.2258363564089114,1.4158888333624173,3.0321028616493546,Non-recessionary Period
1986-12-01,2.170341498167806,1.3623938289920734,2.9701506465895617,Non-recessionary Period
1987-01-01,2.1911500988899713,1.3832032558669822,2.98502994939409,Non-recessionary Period
1987-02-01,2.2062514904649317,1.4119139981903417,3.008323870148047,Non-recessionary Period
1987-03-01,2.196609858134272,1.3958804197876367,3.010020727049461,Non-recessionary Period
1987-04-01,2.2624289928992534,1.4513317066795355,3.0559949496256498,Non-recessionary Period
1987-05-01,2.302510282298257,1.5064688583580572,3.1087059060470033,Non-recessionary Period
1987-06-01,2.250496325190144,1.440332995427242,3.0605399760332563,Non-recessionary Period
1987-07-01,2.161882937484094,1.3496213863070345,2.960333336479088,Non-recessionary Period
1987-08-01,2.0901919634344504,1.293736229583279,2.890792237290456,Non-recessionary Period
1987-09-01,2.0712417969334145,1.2633777888940694,2.879964156861994,Non-recessionary Period
1987-10-01,2.0726522660972937,1.2699172109996097,2.8724060001235356,Non-recessionary Period
1987-11-01,2.018128108262579,1.2050483151942064,2.813158749191109,Non-recessionary Period
1987-12-01,1.96276268345852,1.1669158896913332,2.7753224755980415,Non-recessionary Period
1988-01-01,1.9827604165155885,1.1897494814680492,2.78978867796045,Non-recessionary Period
1988-02-01,1.9970740790000483,1.1922388855484842,2.7972017892475605,Non-recessionary Period
1988-03-01,1.9894035514285946,1.190546844894952,2.7881663665963496,Non-recessionary Period
1988-04-01,2.052649172745551,1.2400521944370761,2.859681407679445,Non-recessionary Period
1988-05-01,2.063946182019936,1.2547762231527306,2.874709797793423,Non-recessionary Period
1988-06-01,1.988205922147085,1.190732530980678,2.7936391526759876,Non-recessionary Period
1988-07-01,1.8764164793500502,1.0747553162690913,2.674003930020011,Non-recessionary Period
1988-08-01,1.781901146066492,0.9767363002473581,2.5935272796646065,Non-recessionary Period
1988-09-01,1.747125566572772,0.9280529035273153,2.5625062352736334,Non-recessionary Period
1988-10-01,1.7167491611350574,0.9060817233262719,2.514132180104027,Non-recessionary Period
1988-11-01,1.6386862194959497,0.8341058284445954,2.445004366705276,Non-recessionary Period
1988-12-01,1.5645771484174211,0.752644772201848,2.3619945525371797,Non-recessionary Period
1989-01-01,1.5590100261758997,0.7586592353635732,2.3641927194111108,Non-recessionary Period
1989-02-01,1.5537525057351838,0.7453626022474507,2.369280900452233,Non-recessionary Period
1989-03-01,1.5228338246193074,0.7142603995570128,2.3202652290797094,Non-recessionary Period
1989-04-01,1.5648331343620028,0.7599377201234832,2.370197620890169,Non-recessionary Period
1989-05-01,1.5802668014943335,0.7816003879803485,2.404118412459911,Non-recessionary Period
1989-06-01,1.5037512620308708,0.6917691879380728,2.309844811415061,Non-recessionary Period
1989-07-01,1.3918363454734057,0.5856167841652193,2.177281574974057,Non-recessionary Period
1989-08-01,1.2969919382217157,0.48349654163468025,2.103896955600809,Non-recessionary Period
1989-09-01,1.2619003255400143,0.455795141480131,2.0691884121393356,Non-recessionary Period
1989-10-01,1.2331548814015794,0.42310446473210017,2.033697880037881,Non-recessionary Period
1989-11-01,1.1556354931256139,0.36543148149462956,1.9679667650310226,Non-recessionary Period
1989-12-01,1.0789929194194212,0.27745708053441914,1.8787102117781296,Non-recessionary Period
1990-01-01,1.0750018451732193,0.2662565029784054,1.8723024481174453,Non-recessionary Period
1990-02-01,1.0690229487213632,0.2639671423694405,1.8704186546065413,Non-recessionary Period
1990-03-01,1.038433598066442,0.23342985052588067,1.840950574417556,Non-recessionary Period
1990-04-01,1.079463988187209,0.2753677827761395,1.888819660336982,Non-recessionary Period
1990-05-01,1.0955986885418145,0.289741418423833,1.9019836678049935,Non-recessionary Period
1990-06-01,1.0207597164464297,0.2243008739915239,1.8356240366930356,Non-recessionary Period
1990-07-01,0.9085824748348872,0.09979872199557391,1.7096399185689382,Non-recessionary Period
1990-08-01,0.820692433084725,0.0250848515548442,1.6287908682895564,Non-recessionary Period
1990-09-01,0.9005431663210309,0.0976700231385406,1.7088804540520166,Non-recessionary Period
1990-10-01,1.0211812641865963,0.21234782996852192,1.8346009532643124,Non-recessionary Period
1990-11-01,1.0934821645888817,0.2765913194845592,1.9060322372412557,Non-recessionary Period
1990-12-01,1.1656410462155287,0.35725456014888285,1.9828826352852755,Non-recessionary Period
1991-01-01,1.3186955884987723,0.5205051044365023,2.1394006367454166,Non-recessionary Period
1991-02-01,1.4563105034787895,0.6541306253428921,2.2533635230234745,Non-recessionary Period
1991-03-01,1.5635168635670367,0.7546661462868366,2.372795153619104,Non-recessionary Period
1991-04-01,1.7553621049002828,0.9446698226459621,2.5694267419150068,Non-recessionary Period
1991-05-01,1.9264060992671312,1.1148302924656421,2.7372597576890567,Non-recessionary Period
1991-06-01,2.0037886932774662,1.197510356058414,2.79711382376298,Non-recessionary Period
1991-07-01,2.04309448370844,1.2412197439469888,2.8489949388288256,Non-recessionary Period
1991-08-01,2.100382961321347,1.3014168334201706,2.9106223999300593,Non-recessionary Period
1991-09-01,2.2113032084912385,1.4081901242684776,3.025388928885616,Non-recessionary Period
1991-10-01,2.3366012318203215,1.5208246682634274,3.144901484325887,Non-recessionary Period
1991-11-01,2.4072622249461775,1.597387660670884,3.221318838852487,Non-recessionary Period
1991-12-01,2.4781567285393535,1.6722825893892121,3.2722168016003303,Non-recessionary Period
1992-01-01,2.634804104662373,1.8218091879594636,3.430696080011908,Non-recessionary Period
1992-02-01,2.772669324968057,1.9627559040247073,3.5745393786953783,Non-recessionary Period
1992-03-01,2.886443312754413,2.0798226261754715,3.686596820127711,Non-recessionary Period
1992-04-01,3.082303009299409,2.2783867754753846,3.8900514250184166,Non-recessionary Period
1992-05-01,3.242370209777529,2.4461957461524957,4.040513686498257,Non-recessionary Period
1992-06-01,3.318048906534652,2.51575590016332,4.1161396381118935,Non-recessionary Period
1992-07-01,3.362974417841917,2.5459684931109243,4.156089021718321,Non-recessionary Period
1992-08-01,3.4156177441807873,2.603026028582308,4.221281858186345,Non-recessionary Period
1992-09-01,3.5292211351319596,2.7155040761967983,4.342005445557378,Non-recessionary Period
1992-10-01,3.6546603005364138,2.8484901944398637,4.453784181659402,Non-recessionary Period
1992-11-01,3.7230853860202244,2.9134271933900915,4.5181784001257554,Non-recessionary Period
1992-12-01,3.798004814936236,2.9863242906420666,4.598628678872493,Non-recessionary Period
1993-01-01,3.91031593609221,3.0931710712139178,4.716084202292754,Non-recessionary Period
1993-02-01,3.8686513694717424,3.066724149126068,4.67860638660157,Non-recessionary Period
1993-03-01,3.7864234923829656,2.9764288243178676,4.591380972053,Non-recessionary Period
1993-04-01,3.780141754743659,2.9731388225433335,4.581137295469222,Non-recessionary Period
1993-05-01,3.743517515481259,2.9428839018681296,4.55220305030558,Non-recessionary Period
1993-06-01,3.616252146377754,2.8086859620311264,4.429253637425286,Non-recessionary Period
1993-07-01,3.453332334004584,2.65573814802931,4.2699717979252085,Non-recessionary Period
1993-08-01,3.306887732731575,2.4906211463443624,4.114128183383368,Non-recessionary Period
1993-09-01,3.218192665045781,2.4189836847977157,4.01838642860741,Non-recessionary Period
1993-10-01,3.1421917948694094,2.3221217636682434,3.935731010922342,Non-recessionary Period
1993-11-01,3.0151102930143856,2.2096729240985216,3.8160495079031245,Non-recessionary Period
1993-12-01,2.887234149555772,2.0849701265133174,3.6899745813142983,Non-recessionary Period
1994-01-01,2.830606280208357,2.031471745933413,3.6563365121260105,Non-recessionary Period
1994-02-01,2.777103379470654,1.9821351123534618,3.583257142655826,Non-recessionary Period
1994-03-01,2.694560905210771,1.8898676215534413,3.5126509924693448,Non-recessionary Period
1994-04-01,2.6859018356631914,1.8740547255115592,3.4948798836822506,Non-recessionary Period
1994-05-01,2.6525384978678863,1.8604533308021638,3.4596474791179617,Non-recessionary Period
1994-06-01,2.5247521840117106,1.724088184519126,3.3273015553634484,Non-recessionary Period
1994-07-01,2.3618894422043564,1.5500741797981379,3.152992923733214,Non-recessionary Period
1994-08-01,2.218065672521483,1.4157788573557344,3.0136452077921945,Non-recessionary Period
1994-09-01,2.126788844237877,1.3213450927787544,2.924039838399024,Non-recessionary Period
1994-10-01,2.0487284744303738,1.2441454434432755,2.8548141676485406,Non-recessionary Period
1994-11-01,1.922011048298107,1.1175180964130775,2.723903643743754,Non-recessionary Period
1994-12-01,1.7956948030448032,0.9874684308771444,2.6002216590921665,Non-recessionary Period
1995-01-01,1.7371131492529515,0.921878541097392,2.539088839464136,Non-recessionary Period
1995-02-01,1.6843757065375509,0.878234337175344,2.4861161918150323,Non-recessionary Period
1995-03-01,1.6031032446341862,0.7931760089845182,2.3978363853477695,Non-recessionary Period
1995-04-01,1.5932955393173103,0.7871563119655512,2.39107076667897,Non-recessionary Period
1995-05-01,1.5620548650638477,0.76449606090201,2.3639818975554596,Non-recessionary Period
1995-06-01,1.4757952586664997,0.671281644558658,2.2899863499901794,Non-recessionary Period
1995-07-01,1.3955520645371344,0.5802669168645369,2.2018953947786777,Non-recessionary Period
1995-08-01,1.3328773954243345,0.5205079932701392,2.142279198274295,Non-recessionary Period
1995-09-01,1.3265276391167569,0.5295687515468658,2.1194357669163817,Non-recessionary Period
1995-10-01,1.3309757752833178,0.5294157211390026,2.1485683342810313,Non-recessionary Period
1995-11-01,1.2849103876547003,0.48406984155200317,2.0871779200432083,Non-recessionary Period
1995-12-01,1.2376476832012755,0.434655605080177,2.032384406675132,Non-recessionary Period
1996-01-01,1.2669789200257695,0.46944365782894526,2.075765369867326,Non-recessionary Period
1996-02-01,1.2908945088228962,0.4940066878586663,2.1008938034081566,Non-recessionary Period
1996-03-01,1.2903377317848264,0.48480343494305317,2.103300491625049,Non-recessionary Period
1996-04-01,1.3630580906836636,0.5458977757654072,2.1637893393442655,Non-recessionary Period
1996-05-01,1.409869448401089,0.6034199348697876,2.2110764797243507,Non-recessionary Period
1996-06-01,1.3676047830131517,0.5504424680819031,2.1727535988272306,Non-recessionary Period
1996-07-01,1.2872952565579807,0.4886747135359115,2.091903738183157,Non-recessionary Period
1996-08-01,1.2225501367351201,0.42116105606046816,2.028405007019079,Non-recessionary Period
1996-09-01,1.2188378960023687,0.4073070691734211,2.016588189930972,Non-recessionary Period
1996-10-01,1.222836258338871,0.4099511285737727,2.0408574119144784,Non-recessionary Period
1996-11-01,1.1747587190211026,0.3841255897698025,1.99265045092593,Non-recessionary Period
1996-12-01,1.130412211257075,0.3272205518184312,1.943627509485294,Non-recessionary Period
1997-01-01,1.1604642915885202,0.3554130198462557,1.9709512928871538,Non-recessionary Period
1997-02-01,1.1835684761545475,0.38959587217415487,1.993146235160532,Non-recessionary Period
1997-03-01,1.1812569736067793,0.37963786274766254,1.985660338636798,Non-recessionary Period
1997-04-01,1.255243957883413,0.43675211357429916,2.068891729360008,Non-recessionary Period
1997-05-01,1.3027945658443156,0.4937258304240055,2.1017814499024103,Non-recessionary Period
1997-06-01,1.2599009018595344,0.47678482502104624,2.0786127094161353,Non-recessionary Period
1997-07-01,1.1795337646987856,0.3819262886941168,1.9807135633433801,Non-recessionary Period
1997-08-01,1.1165517830375435,0.30019646902131064,1.9128732231739134,Non-recessionary Period
1997-09-01,1.1075650049618626,0.3083279860995153,1.930671990052043,Non-recessionary Period
1997-10-01,1.108671767257798,0.304343921795509,1.9207573043458437,Non-recessionary Period
1997-11-01,1.0390656147591586,0.22587284432660468,1.8510394504509595,Non-recessionary Period
1997-12-01,0.9679203880761205,0.16358289164855344,1.7731841072926704,Non-recessionary Period
1998-01-01,0.9709367170588201,0.18298770050094337,1.7770066043049464,Non-recessionary Period
1998-02-01,0.9705269383009729,0.16831572563984898,1.7875914897477017,Non-recessionary Period
1998-03-01,0.9448678456352095,0.1415098493552498,1.7504978496270411,Non-recessionary Period
1998-04-01,0.9959840152297362,0.2003390487123188,1.8150842411735473,Non-recessionary Period
1998-05-01,1.0173679079793128,0.20300171862152797,1.8280088660325937,Non-recessionary Period
1998-06-01,0.9486079715338797,0.13984976196098967,1.7626273578780718,Non-recessionary Period
1998-07-01,0.8425801835758325,0.03400008660486044,1.6521172139643674,Non-recessionary Period
1998-08-01,0.7537512140696749,-0.051425696559103305,1.5655296351155659,Non-recessionary Period
1998-09-01,0.7200245560017068,-0.08092015521466163,1.5257264039239442,Non-recessionary Period
1998-10-01,0.7037149797729911,-0.10306389500474451,1.5114987070174948,Non-recessionary Period
1998-11-01,0.6327989634720824,-0.17915094478798385,1.4401591637304885,Non-recessionary Period
1998-12-01,0.5614589600610181,-0.2419283168931985,1.3646684648298109,Non-recessionary Period
1999-01-01,0.5639492201536161,-0.24189169888907147,1.3721484398254211,Non-recessionary Period
1999-02-01,0.5636185885128574,-0.2545976479144092,1.3598519931998017,Non-recessionary Period
1999-03-01,0.5380483553884683,-0.277364775885071,1.3536938665542195,Non-recessionary Period
1999-04-01,0.5885813701556286,-0.20578746589106622,1.3985983156049813,Non-recessionary Period
1999-05-01,0.6103732543421577,-0.19323615762213203,1.416427911919643,Non-recessionary Period
1999-06-01,0.5409930905450484,-0.26310395161488326,1.3432801112220474,Non-recessionary Period
1999-07-01,0.4366499339071356,-0.3668580314731604,1.2423440850484893,Non-recessionary Period
1999-08-01,0.3483742989159773,-0.4650167705974354,1.1522477961119122,Non-recessionary Period
1999-09-01,0.3146527908572077,-0.4869989239180877,1.1111494149016055,Non-recessionary Period
1999-10-01,0.29683889978320643,-0.4992847728037382,1.107125473930776,Non-recessionary Period
1999-11-01,0.22583547332358817,-0.5712336441166342,1.0214079158892315,Non-recessionary Period
1999-12-01,0.1552536011812934,-0.6431802840478852,0.9599675642735828,Non-recessionary Period
2000-01-01,0.15747832668700412,-0.6420421006232572,0.9775148179918626,Non-recessionary Period
2000-02-01,0.15512701851206295,-0.6466755078847599,0.9503024859712138,Non-recessionary Period
2000-03-01,0.20707532075242974,-0.5974304129447574,1.0076232941509082,Non-recessionary Period
2000-04-01,0.39166592109284687,-0.4127271188811397,1.1958941200655238,Non-recessionary Period
2000-05-01,0.5502690382871188,-0.24886954480490078,1.366981353646212,Non-recessionary Period
2000-06-01,0.6272046980510915,-0.1841913495188529,1.434107465777163,Non-recessionary Period
2000-07-01,0.6631938042940418,-0.1493632550650264,1.4645281757901663,Non-recessionary Period
2000-08-01,0.7124858176764136,-0.07790445578519938,1.4999761001793797,Non-recessionary Period
2000-09-01,0.8296234694333154,0.03228219595453113,1.6178809944479773,Non-recessionary Period
2000-10-01,0.9433932016861155,0.13711355663535527,1.7490462947445986,Non-recessionary Period
2000-11-01,1.0098321578788632,0.19844165072563236,1.8162357828664775,Non-recessionary Period
2000-12-01,1.0777820853574935,0.2595104182778791,1.879064530990787,Non-recessionary Period
2001-01-01,1.2276126429257155,0.42535841610556,2.0311960969456515,Non-recessionary Period
2001-02-01,1.361374059231542,0.5592351725686634,2.169452685529013,Non-recessionary Period
2001-03-01,1.472783711074493,0.6693323096988651,2.2888304512826902,Non-recessionary Period
2001-04-01,1.659998087807237,0.8490139462106393,2.4702365338267365,Non-recessionary Period
2001-05-01,1.8193473539389862,1.005323081522611,2.6190037769445964,Non-recessionary Period
2001-06-01,1.894656194728015,1.0877813904600226,2.69195372409757,Non-recessionary Period
2001-07-01,1.930130670170405,1.132206468913576,2.7251641692680275,Non-recessionary Period
2001-08-01,1.9814897129548967,1.1806359562242763,2.787293662491348,Non-recessionary Period
2001-09-01,2.1005291084439306,1.2918403824173827,2.9049018290599133,Non-recessionary Period
2001-10-01,2.2108131186304676,1.4212824521110086,3.023268140427871,Non-recessionary Period
2001-11-01,2.278899416772706,1.4725518935385726,3.090020297643955,Non-recessionary Period
2001-12-01,2.348008894831675,1.5199116593438786,3.148910221571547,Non-recessionary Period
2002-01-01,2.496844724941891,1.7070829887038392,3.289758121063529,Non-recessionary Period
2002-02-01,2.630794172664711,1.8203948076032095,3.4393366746680085,Non-recessionary Period
2002-03-01,2.734464911655354,1.9377215769187273,3.544779484649463,Non-recessionary Period
2002-04-01,2.9230916415414487,2.1269615869058573,3.719386977766621,Non-recessionary Period
2002-05-01,3.0889234585802963,2.2930724843015864,3.8959870207253697,Non-recessionary Period
2002-06-01,3.162296714205626,2.351974883629935,3.9716627052368247,Non-recessionary Period
2002-07-01,3.1815974000263014,2.3834718702065416,3.9834678752919377,Non-recessionary Period
2002-08-01,3.1126736622715954,2.3181218238233567,3.9157316021660464,Non-recessionary Period
2002-09-01,3.0800836295529836,2.2730038547078015,3.8853418913006608,Non-recessionary Period
2002-10-01,3.061900460613411,2.261635991466164,3.86637774896476,Non-recessionary Period
2002-11-01,2.989648618672591,2.180747596664611,3.8047177642543653,Non-recessionary Period
2002-12-01,2.9191967007334374,2.0975798699351165,3.726336585985825,Non-recessionary Period
2003-01-01,2.9231393234775793,2.119162619467679,3.736197466155841,Non-recessionary Period
2003-02-01,2.922021868134004,2.1134405833141723,3.7302502468974637,Non-recessionary Period
2003-03-01,2.8969677995850733,2.086225203928044,3.694919910926894,Non-recessionary Period
2003-04-01,2.9434460059855847,2.13891293528648,3.754019794185072,Non-recessionary Period
2003-05-01,2.969476726096982,2.1579107917705853,3.77143391181071,Non-recessionary Period
2003-06-01,2.9017367563217062,2.0940207232777697,3.700525512871902,Non-recessionary Period
2003-07-01,2.7958670974146065,2.008224809381372,3.598407232782464,Non-recessionary Period
2003-08-01,2.7095503497589406,1.8966080508140832,3.5065887955699835,Non-recessionary Period
2003-09-01,2.671658962255173,1.8698389964168673,3.477709878015535,Non-recessionary Period
2003-10-01,2.656522515180681,1.8578893909890022,3.457935366646727,Non-recessionary Period
2003-11-01,2.5862769444553724,1.7779716706806208,3.394714521971346,Non-recessionary Period
2003-12-01,2.5137663218645017,1.7118339118224168,3.326390143353335,Non-recessionary Period
2004-01-01,2.517176821338892,1.71586093709105,3.329242805557402,Non-recessionary Period
2004-02-01,2.5165608494168388,1.7126892421527338,3.317515201418872,Non-recessionary Period
2004-03-01,2.491172523469843,1.6871218477524665,3.2972915010411383,Non-recessionary Period
2004-04-01,2.5452474847042135,1.752039552786844,3.3379029834604315,Non-recessionary Period
2004-05-01,2.562010660862935,1.7529989641836692,3.3778519285449433,Non-recessionary Period
2004-06-01,2.4917303733485365,1.6865724111992584,3.3059192779121354,Non-recessionary Period
2004-07-01,2.3884409668360496,1.5831852844868017,3.200335131450269,Non-recessionary Period
2004-08-01,2.29847098749938,1.489578710592022,3.0937190272860904,Non-recessionary Period
2004-09-01,2.270122603433157,1.4649102099958096,3.075808402504531,Non-recessionary Period
2004-10-01,2.2491333946143124,1.4510879265106351,3.0537344793499495,Non-recessionary Period
2004-11-01,2.177514308975117,1.368725280637133,2.993970457833451,Non-recessionary Period
2004-12-01,2.084802382575067,1.2715791197353867,2.8866255161249272,Non-recessionary Period
2005-01-01,2.028665476889125,1.2227649263924631,2.8342397910296055,Non-recessionary Period
2005-02-01,1.9757283993045225,1.1658672707816284,2.7746191785987646,Non-recessionary Period
2005-03-01,1.8940308163652302,1.0898808638531507,2.696509759457766,Non-recessionary Period
2005-04-01,1.8865884532919095,1.0831491905424584,2.690474115086567,Non-recessionary Period
2005-05-01,1.8518689616021395,1.0430518403436886,2.653762640504565,Non-recessionary Period
2005-06-01,1.7244186077765873,0.9096904361065551,2.5304333518186057,Non-recessionary Period
2005-07-01,1.56199246529607,0.7556852304129335,2.3639235836650814,Non-recessionary Period
2005-08-01,1.4180361442951495,0.6120535081178863,2.220874568237299,Non-recessionary Period
2005-09-01,1.3288985003968357,0.5256684576081285,2.137429013199999,Non-recessionary Period
2005-10-01,1.2501476054443215,0.44565735339891815,2.0457578096284577,Non-recessionary Period
2005-11-01,1.1235832830724544,0.3145766066345713,1.929261888337185,Non-recessionary Period
2005-12-01,0.9984334469798158,0.20060512223632623,1.7969823766121487,Non-recessionary Period
2006-01-01,0.940117979877023,0.1524075642335314,1.7464427846210366,Non-recessionary Period
2006-02-01,0.8879303494629299,0.09791954745438533,1.6919331626609722,Non-recessionary Period
2006-03-01,0.8071056110584182,0.0008387755040030681,1.606309736302275,Non-recessionary Period
2006-04-01,0.7984805429145805,-0.006388197829352923,1.6031086069486669,Non-recessionary Period
2006-05-01,0.7663543437441842,-0.0203613033075961,1.57932974066917,Non-recessionary Period
2006-06-01,0.6371735251609943,-0.17060254930163332,1.4319245821033413,Non-recessionary Period
2006-07-01,0.4743920406664383,-0.3287318629636592,1.284290226905774,Non-recessionary Period
2006-08-01,0.3303607312550874,-0.4617041326182627,1.1342953268238862,Non-recessionary Period
2006-09-01,0.2417691565667135,-0.5592815534186186,1.046332030634645,Non-recessionary Period
2006-10-01,0.16480284948665067,-0.637941027103545,0.9486446006883333,Non-recessionary Period
2006-11-01,0.03795744198624145,-0.7489865170123571,0.8479239607623021,Non-recessionary Period
2006-12-01,-0.08888216713967827,-0.8906688554212178,0.7207950052274332,Recessionary Period
2007-01-01,-0.14566433267479328,-0.9526589963954674,0.662287441873401,Recessionary Period
2007-02-01,-0.1997635919436501,-1.0019341258115302,0.5999356090091655,Recessionary Period
2007-03-01,-0.2791992666279856,-1.0755838749984847,0.5147595451112619,Recessionary Period
2007-04-01,-0.2733526982425199,-1.0717646357453878,0.5406153790253468,Recessionary Period
2007-05-01,-0.11249633997749715,-0.9341670290404944,0.6861741517257824,Recessionary Period
2007-06-01,0.008090194080308992,-0.7918723046964848,0.8063362776272166,Non-recessionary Period
2007-07-01,0.08782985254091434,-0.720244937191052,0.8944799493281046,Non-recessionary Period
2007-08-01,0.1846384657177681,-0.6192646247502469,0.9876621851543976,Non-recessionary Period
2007-09-01,0.339010400256344,-0.47181391239149345,1.141932727081287,Non-recessionary Period
2007-10-01,0.5000315993482533,-0.3075075706729009,1.3028662979071384,Non-recessionary Period
2007-11-01,0.6131592687419627,-0.19538932825367689,1.4200917685501264,Non-recessionary Period
2007-12-01,0.7236951936425196,-0.08507224964745655,1.530999229561976,Non-recessionary Period
2008-01-01,0.9184324695516304,0.1292186215253805,1.7160926517059392,Non-recessionary Period
2008-02-01,1.0981357558289728,0.2814913968187807,1.9006235333510166,Non-recessionary Period
2008-03-01,1.2502150086146742,0.44789212190656624,2.048151781804186,Non-recessionary Period
2008-04-01,1.4823040487162338,0.6792653313680638,2.30007208487358,Non-recessionary Period
2008-05-01,1.6861412030516663,0.8866301457574249,2.487851881396724,Non-recessionary Period
2008-06-01,1.802893700623198,0.9859539456113156,2.61796278718007,Non-recessionary Period
2008-07-01,1.885599244786193,1.0811369586587745,2.6832619021162554,Non-recessionary Period
2008-08-01,1.9793320731695023,1.1715390726938806,2.7786872479461406,Non-recessionary Period
2008-09-01,2.1329305667865412,1.3332487032596607,2.949137321120812,Non-recessionary Period
2008-10-01,2.3002980961627597,1.487179865914038,3.1010685867156593,Non-recessionary Period
2008-11-01,2.4076229529439264,1.5975852698959097,3.208291942928005,Non-recessionary Period
2008-12-01,2.5187379057887926,1.7143558806036432,3.3374556545161727,Non-recessionary Period
2009-01-01,2.7170085546444938,1.91581892883269,3.5274196347464013,Non-recessionary Period
2009-02-01,2.8901372031787544,2.081949438403355,3.6780858277629638,Non-recessionary Period
2009-03-01,3.0425450600295245,2.23467426002823,3.855332954815036,Non-recessionary Period
2009-04-01,3.2812051660969908,2.476568642432584,4.072970749138421,Non-recessionary Period
2009-05-01,3.478171466333363,2.674252918683025,4.282173689024533,Non-recessionary Period
2009-06-01,3.5941019294301073,2.8028028676073835,4.397190705579533,Non-recessionary Period
2009-07-01,3.680951187687894,2.8767504206146204,4.478430690710216,Non-recessionary Period
2009-08-01,3.77397269224527,2.9816725645323663,4.580796641736306,Non-recessionary Period
2009-09-01,3.8267220568189746,3.021496962975542,4.629177986946082,Non-recessionary Period
2009-10-01,3.774018578410624,2.980601754132157,4.57582779031313,Non-recessionary Period
2009-11-01,3.6682246388617936,2.8720833336514113,4.478843805790635,Non-recessionary Period
2009-12-01,3.5617929253767056,2.746863435185604,4.37908162472109,Non-recessionary Period
2010-01-01,3.5269307987471485,2.707163797967789,4.3198056823840885,Non-recessionary Period
2010-02-01,3.4941230625286326,2.687281269957469,4.285700525888679,Non-recessionary Period
2010-03-01,3.4332655575116404,2.6367354926735094,4.232496205899168,Non-recessionary Period
2010-04-01,3.4479005048690357,2.663598900921976,4.261756233143222,Non-recessionary Period
2010-05-01,3.4339905717294386,2.630978808902585,4.234058424991501,Non-recessionary Period
2010-06-01,3.328581967399467,2.5379070499747907,4.139540853564411,Non-recessionary Period
2010-07-01,3.187756751048808,2.3737769586377113,3.982289841414245,Non-recessionary Period
2010-08-01,3.0634158875111783,2.2692438942739526,3.870127223809534,Non-recessionary Period
2010-09-01,2.9950389443152536,2.1946702971483667,3.8023053770350064,Non-recessionary Period
2010-10-01,2.941262575530429,2.1333628305176395,3.7499697504986833,Non-recessionary Period
2010-11-01,2.835405332789764,2.041471016344174,3.637157302229793,Non-recessionary Period
2010-12-01,2.7289619203012796,1.9313848428339808,3.5336849192504833,Non-recessionary Period
2011-01-01,2.6945909244619726,1.8995978387133445,3.5013371591626012,Non-recessionary Period
2011-02-01,2.6609422753818723,1.8647390947537403,3.4659271888166066,Non-recessionary Period
2011-03-01,2.5999558832637932,1.7891131799055446,3.4123305669482518,Non-recessionary Period
2011-04-01,2.611715409732157,1.8204127645896175,3.417808222338595,Non-recessionary Period
2011-05-01,2.6011307598338127,1.8018047828391068,3.4068062646334765,Non-recessionary Period
2011-06-01,2.4956518563122105,1.6848730444887585,3.28124102154208,Non-recessionary Period
2011-07-01,2.354487570069326,1.5386466053811558,3.179446977533529,Non-recessionary Period
2011-08-01,2.2326392046950825,1.4312614151763512,3.0341456304709316,Non-recessionary Period
2011-09-01,2.162237202483318,1.3540295795788777,2.966814761035318,Non-recessionary Period
2011-10-01,2.106497844274038,1.2915147451109317,2.893511731304564,Non-recessionary Period
2011-11-01,2.000933745799757,1.188296476142963,2.812496391764795,Non-recessionary Period
2011-12-01,1.8954407374167548,1.0951253519499218,2.7139161258097664,Non-recessionary Period
2012-01-01,1.866432677125755,1.0702185546507572,2.669274150356677,Non-recessionary Period
2012-02-01,1.9001530371813224,1.1015330698174757,2.702166855829339,Non-recessionary Period
2012-03-01,1.9296380605411436,1.1393237276883346,2.7371501816791195,Non-recessionary Period
2012-04-01,2.031048803595716,1.2317825336691075,2.8345817844401444,Non-recessionary Period
2012-05-01,2.104336685959827,1.2892916668071797,2.9041501119399924,Non-recessionary Period
2012-06-01,2.090746931959655,1.2988937533579161,2.8941751697851696,Non-recessionary Period
2012-07-01,2.0390079778068646,1.2482602925786808,2.8548907058112043,Non-recessionary Period
2012-08-01,2.002394206771907,1.1998429784995934,2.8054703852654983,Non-recessionary Period
2012-09-01,2.03061764676024,1.2419036731609796,2.8338405707040044,Non-recessionary Period
2012-10-01,2.060930360668049,1.2556289645282197,2.874387085560218,Non-recessionary Period
2012-11-01,2.0403744404551825,1.2347370501928971,2.8398714644602956,Non-recessionary Period
2012-12-01,2.0256158196533365,1.217279472892462,2.826962229957037,Non-recessionary Period
2013-01-01,2.0844455773836126,1.2778395438234564,2.8881565616075355,Non-recessionary Period
2013-02-01,2.1349145660659956,1.3352214717941482,2.926649024888791,Non-recessionary Period
2013-03-01,2.158829043421427,1.3600203350588589,2.966342349519488,Non-recessionary Period
2013-04-01,2.260679735534804,1.4604964812787182,3.075017747434529,Non-recessionary Period
2013-05-01,2.3375922100787276,1.535448903242013,3.149163161566999,Non-recessionary Period
2013-06-01,2.323994084328606,1.5247675647391656,3.1196031526381596,Non-recessionary Period
2013-07-01,2.272307626359044,1.463275795396019,3.068854462902965,Non-recessionary Period
2013-08-01,2.2369486733438513,1.4314658444030217,3.0456632371363734,Non-recessionary Period
2013-09-01,2.2601574505598157,1.4600193091893774,3.0628687448066807,Non-recessionary Period
2013-10-01,2.2935280290105933,1.4861891611498124,3.0918213438371525,Non-recessionary Period
2013-11-01,2.2739477606496146,1.4729888817838315,3.0914081975019116,Non-recessionary Period
2013-12-01,2.256961253893519,1.4517171325006235,3.0534630412028116,Non-recessionary Period
2014-01-01,2.317365287833447,1.5129148315894065,3.1306706636441057,Non-recessionary Period
2014-02-01,2.3679259878148042,1.5627490038045233,3.169545118319624,Non-recessionary Period
2014-03-01,2.3933495109079472,1.5924949954911125,3.2043783931790752,Non-recessionary Period
2014-04-01,2.4928762419683155,1.690867323686284,3.302047744738843,Non-recessionary Period
2014-05-01,2.5707590643086724,1.7734948196540523,3.374381075199441,Non-recessionary Period
2014-06-01,2.5416548375858903,1.7469273738443996,3.351841699988061,Non-recessionary Period
2014-07-01,2.443228416546558,1.6540741271295516,3.2702884555697875,Non-recessionary Period
2014-08-01,2.362763683270396,1.5474569435624201,3.162730372360095,Non-recessionary Period
2014-09-01,2.3333819104626987,1.5328667754322718,3.143157096229398,Non-recessionary Period
2014-10-01,2.3237088629935365,1.5157233953414169,3.130827407168599,Non-recessionary Period
2014-11-01,2.2595675320179884,1.4456684766901042,3.0589459395827596,Non-recessionary Period
2014-12-01,2.1942580404045984,1.374162426677186,2.997630003163752,Non-recessionary Period
2015-01-01,2.204500315139823,1.3998491394888606,3.022969833173107,Non-recessionary Period
2015-02-01,2.210225434369284,1.405521836771002,3.0108140884314385,Non-recessionary Period
2015-03-01,2.190959056098037,1.3751955383713914,2.9953940311496607,Non-recessionary Period
2015-04-01,2.247080464773082,1.434209141987106,3.052672621002918,Non-recessionary Period
2015-05-01,2.277193344862817,1.4682734674578068,3.083060225342818,Non-recessionary Period
2015-06-01,2.2151892990885096,1.4055782821021816,3.020100826511933,Non-recessionary Period
2015-07-01,2.116147349073749,1.3137609273668198,2.9388312220629076,Non-recessionary Period
2015-08-01,2.0345871910913864,1.2231133276299588,2.8437666630464893,Non-recessionary Period
2015-09-01,2.005705060486802,1.203866176416875,2.8100990841996896,Non-recessionary Period
2015-10-01,1.997168046853243,1.1913335433525805,2.800520251418279,Non-recessionary Period
2015-11-01,1.9329790098049464,1.117059284288481,2.730788842541319,Non-recessionary Period
2015-12-01,1.867609930471631,1.0750017808488208,2.662581482973856,Non-recessionary Period
2016-01-01,1.8772344561784025,1.065192592323782,2.6853449702062684,Non-recessionary Period
2016-02-01,1.8821692734813038,1.0822657725256875,2.6943228750656214,Non-recessionary Period
2016-03-01,1.8640114028389818,1.0663435877390752,2.6745032837070672,Non-recessionary Period
2016-04-01,1.9221761953565453,1.1122409739848946,2.726161558578325,Non-recessionary Period
2016-05-01,1.9475544413216634,1.1498487929767651,2.751622582029602,Non-recessionary Period
2016-06-01,1.8853256446936435,1.0707832510027246,2.6848114606837226,Non-recessionary Period
2016-07-01,1.7867344003989587,0.9810970052707335,2.6040706544837784,Non-recessionary Period
2016-08-01,1.7052597523679196,0.905142933114301,2.496262985392398,Non-recessionary Period
2016-09-01,1.6842207765479162,0.8690211040488693,2.493617526948309,Non-recessionary Period
2016-10-01,1.6650618161982624,0.8532360983270986,2.467404318099593,Non-recessionary Period
2016-11-01,1.5804704148633402,0.7754970926157311,2.391262010904264,Non-recessionary Period
2016-12-01,1.4950400289532133,0.6970504720232912,2.307758061779334,Non-recessionary Period
2017-01-01,1.4775544761188917,0.6799403215960214,2.288203154003921,Non-recessionary Period
2017-02-01,1.4617638336512837,0.6431357926519928,2.271301212321001,Non-recessionary Period
2017-03-01,1.4197853949306174,0.6107759663685481,2.222458764418713,Non-recessionary Period
2017-04-01,1.4505735500660617,0.6471816449702233,2.2530440053522662,Non-recessionary Period
2017-05-01,1.4548227586628348,0.6574907838970685,2.262485261105951,Non-recessionary Period
2017-06-01,1.3664179809326955,0.5722457335856108,2.184553163600551,Non-recessionary Period
2017-07-01,1.2430579837313047,0.42488686774928297,2.0511883227997485,Non-recessionary Period
2017-08-01,1.137011684800203,0.3262474090465699,1.939933113241101,Non-recessionary Period
2017-09-01,1.090272334004109,0.2787097850621481,1.891529132976343,Non-recessionary Period
2017-10-01,1.0504046136211138,0.24579451535451172,1.8643945538123166,Non-recessionary Period
2017-11-01,0.9617213721512847,0.1560114289862706,1.7753875643577108,Non-recessionary Period
2017-12-01,0.8739450221932508,0.06818970653734532,1.6732238443853205,Non-recessionary Period
2018-01-01,0.8580346327383288,0.04492090936850161,1.662957254589239,Non-recessionary Period
2018-02-01,0.8412466606442891,0.03191740836346682,1.6522233633450059,Non-recessionary Period
2018-03-01,0.7995745873189224,-0.006201067674342718,1.6014167949058815,Non-recessionary Period
2018-04-01,0.8290901021763291,0.02046743460618866,1.6310775476657244,Non-recessionary Period
2018-05-01,0.8343910286281218,0.03487353573873781,1.6339293016001102,Non-recessionary Period
2018-06-01,0.747920161085662,-0.05486687591836921,1.5487865347794307,Non-recessionary Period
2018-07-01,0.6243136814975019,-0.1809115188335142,1.4320288167211057,Non-recessionary Period
2018-08-01,0.5168302084181294,-0.28853681583941315,1.324593408329991,Non-recessionary Period
2018-09-01,0.4694089504605601,-0.33417440878972865,1.2759009107542452,Non-recessionary Period
2018-10-01,0.4319120456831087,-0.36785198284817666,1.2505618187759353,Non-recessionary Period
2018-11-01,0.34020714660704077,-0.4679660416510316,1.1419488694415687,Non-recessionary Period
2018-12-01,0.2537006215291527,-0.5590384382233157,1.0632339575752587,Non-recessionary Period
2019-01-01,0.23938980935684634,-0.5615805382963979,1.0375868939805588,Non-recessionary Period
2019-02-01,0.22083528652052592,-0.5727168013083507,1.0022368124578804,Non-recessionary Period
2019-03-01,0.19528032326145317,-0.6068666453375526,0.9914050388220514,Non-recessionary Period
2019-04-01,0.3019868066548867,-0.5076723428205108,1.1199846074219832,Non-recessionary Period
2019-05-01,0.3979752015742106,-0.4048275885014824,1.198568716417059,Non-recessionary Period
2019-06-01,0.39969202873453524,-0.39784056450638294,1.2059279728354548,Non-recessionary Period
2019-07-01,0.36321978856646964,-0.4427266129011132,1.1555812311532494,Non-recessionary Period
2019-08-01,0.34428118058415663,-0.46988142270811956,1.1431843786873783,Non-recessionary Period
2019-09-01,0.3789967949086636,-0.42419833395954276,1.172225865495935,Non-recessionary Period
2019-10-01,0.42972923612829156,-0.36920803472909475,1.2356183861163714,Non-recessionary Period
2019-11-01,0.4256107551596722,-0.3820778457168368,1.2174100028001744,Non-recessionary Period
2019-12-01,0.42202740555802054,-0.3786683297328677,1.2234289027138363,Non-recessionary Period
2020-01-01,0.4987002252252004,-0.3098606251188574,1.317834689684078,Non-recessionary Period
2020-02-01,0.563666037529296,-0.23769114152749457,1.3863229729921283,Non-recessionary Period
2020-03-01,0.6044981315343106,-0.21083974770866512,1.4123800226188605,Non-recessionary Period
2020-04-01,0.7266748743484738,-0.0743892983852266,1.5335153441789369,Non-recessionary Period
2020-05-01,0.8113836753377413,0.008191830450883217,1.6078517580302187,Non-recessionary Period
2020-06-01,0.8113516997452418,0.003844324689170663,1.6153091836658446,Non-recessionary Period
2020-07-01,0.7772435317313963,-0.025246463203544636,1.5915567173952732,Non-recessionary Period
2020-08-01,0.7550924717485028,-0.045290011164365915,1.5611308669200237,Non-recessionary Period
2020-09-01,0.7934256919176657,-0.011406073419134558,1.5971724522034754,Non-recessionary Period
2020-10-01,0.8434770768983105,0.02739501968161508,1.6488079068417838,Non-recessionary Period
2020-11-01,0.8386561154361103,0.0237685432565051,1.6494245450756215,Non-recessionary Period
2020-12-01,0.8377620620428647,0.04467001759871273,1.632942546547745,Non-recessionary Period
2021-01-01,0.9113511739903789,0.11266613805311469,1.7266692355067197,Non-recessionary Period
2021-02-01,0.9743231924195385,0.1611550275137258,1.774035327903577,Non-recessionary Period
2021-03-01,1.0166800586755635,0.2162553843533066,1.8189628114416745,Non-recessionary Period
2021-04-01,1.1392205055124303,0.33592875881595197,1.945924253252521,Non-recessionary Period
2021-05-01,1.2245325874062702,0.4225802343449563,2.0232912670104866,Non-recessionary Period
2021-06-01,1.224271282638504,0.41999979914180224,2.031179434437877,Non-recessionary Period
2021-07-01,1.188419781399317,0.37556952052268694,2.0096431192846853,Non-recessionary Period
2021-08-01,1.154165658770152,0.342028310672532,1.9683843631630145,Non-recessionary Period
2021-09-01,1.192000810562403,0.38999245778356695,1.9948734226096614,Non-recessionary Period
2021-10-01,1.239902370561775,0.4294331713338508,2.0501088295125496,Non-recessionary Period
2021-11-01,1.2379422096197354,0.42826572004841135,2.052858622538709,Non-recessionary Period
2021-12-01,1.238720401361354,0.4221433298053859,2.0646998209307976,Non-recessionary Period
2022-01-01,1.3077194695135346,0.4806380365296329,2.1520302018576793,Non-recessionary Period
2022-02-01,1.375327130194179,0.5295784209160799,2.2294849475318914,Non-recessionary Period
2022-03-01,1.4173289876792028,0.5537696295289787,2.2890286250386187,Non-recessionary Period
2022-04-01,1.5325846594536185,0.6420576398282386,2.428208685262438,Non-recessionary Period
2022-05-01,1.6222533044727012,0.7224835718345183,2.5341224672578475,Non-recessionary Period
2022-06-01,1.6253793936013463,0.7072422229475386,2.57259051958664,Non-recessionary Period
2022-07-01,1.5874952049919913,0.6344318064540533,2.545728958889709,Non-recessionary Period
2022-08-01,1.5695138243045583,0.5732578727565154,2.5528208391941805,Non-recessionary Period
2022-09-01,1.6042223901918171,0.5958427228588067,2.613010905339912,Non-recessionary Period
2022-10-01,1.6529950828205906,0.5953577839151051,2.700331484090966,Non-recessionary Period
2022-11-01,1.6512128469209346,0.554799903473009,2.7276247315990636,Non-recessionary Period
2022-12-01,1.6498026204222132,0.5071517628242399,2.764933476794298,Non-recessionary Period
2023-01-01,1.7217035089583512,0.5212065148370626,2.8884742255564304,Non-recessionary Period
2023-02-01,1.788000561598717,0.5139863450190129,3.002210428801803,Non-recessionary Period
2023-03-01,1.8129488636824123,0.49845906598149065,3.0573100769297046,Non-recessionary Period
